"author","authorIsChannelOwner","cid","comment","commentsCount","hasCreatorHeart","pageUrl","publishedTimeText","replyCount","replyToCid","title","type","videoId","voteCount"
"@Sophiapandorah","false","UgyRzHk4tC6rHYsZAkp4AaABAg","Bang Medy udah berubah.
 
Dulu dia kalem. Review mainan sendirian aja atau bareng editor & kameramen.

Sekarang dia lebih rusuh Dan heboh. Banyak Collab dgn YouTuber lain.

Gw rasa sih masa transisi Medy yang mulai lebih sering ikut tren dan collab  telah membawanya sampai ketitik ini","139","false","https://youtu.be/MVuvPzJNnjk?si=7jqa11tlcueolw2","1 hour ago (edited)","0",,"RAHASIA SUKSES YANG BISA DIRENCANAKAN | #MINDPLUS EPS.11","comment","MVuvPzJNnjk","1"
"@rudolfmanik68","false","UgwHVyWhIabGOWRf0E14AaABAg","Baru tau ada podcastnya","139","false","https://youtu.be/MVuvPzJNnjk?si=7jqa11tlcueolw2","2 hours ago","0",,"RAHASIA SUKSES YANG BISA DIRENCANAKAN | #MINDPLUS EPS.11","comment","MVuvPzJNnjk","0"
"@annamlpride","false","Ugz-kx8NZUkHLp8ibkx4AaABAg","aku nonton bang jerome dari jaman smp,ga kerasa sekarang dah kuliah.makasih bang kontenya menghibur dan memotivasi","139","false","https://youtu.be/MVuvPzJNnjk?si=7jqa11tlcueolw2","2 hours ago","0",,"RAHASIA SUKSES YANG BISA DIRENCANAKAN | #MINDPLUS EPS.11","comment","MVuvPzJNnjk","0"
"@SajjatHossain-u8q","false","Ugyc8Wrhbzq0IJdhtU14AaABAg","Rezeki besar lagi-lagi datang dari P͟U͟L͟A͟U͟777.","139","false","https://youtu.be/MVuvPzJNnjk?si=7jqa11tlcueolw2","3 hours ago","0",,"RAHASIA SUKSES YANG BISA DIRENCANAKAN | #MINDPLUS EPS.11","comment","MVuvPzJNnjk","0"
"@SajjatHossain-u8q","false","Ugz_4ktvFUww3TFPluF4AaABAg","Dari kecil sampai gede JP, semua berawal dari𝙋𝙐𝙇𝘼𝙪777.","139","false","https://youtu.be/MVuvPzJNnjk?si=7jqa11tlcueolw2","3 hours ago","0",,"RAHASIA SUKSES YANG BISA DIRENCANAKAN | #MINDPLUS EPS.11","comment","MVuvPzJNnjk","0"
"@SayraBegum-r5u","false","UgwUx_sDhGg_0brFNUp4AaABAg","PU LA U777emang bener-bener ngasih hasil real bukan omong kosong.","139","false","https://youtu.be/MVuvPzJNnjk?si=7jqa11tlcueolw2","3 hours ago","0",,"RAHASIA SUKSES YANG BISA DIRENCANAKAN | #MINDPLUS EPS.11","comment","MVuvPzJNnjk","0"
"@SayraBegum-r5u","false","UgwhFS_2_hT9D0simNR4AaABAg","Sore tadi cuan deras lagi berkat𝓟𝓤𝓛𝓐𝓤777yang gak pernah zonk.","139","false","https://youtu.be/MVuvPzJNnjk?si=7jqa11tlcueolw2","3 hours ago","0",,"RAHASIA SUKSES YANG BISA DIRENCANAKAN | #MINDPLUS EPS.11","comment","MVuvPzJNnjk","0"
"@SayraBegum-r5u","false","UgyNH9NxxCpOLm0rW0B4AaABAg","P͟U͟L͟A͟U͟777jadi tempat paling hoki minggu ini ❤️","139","false","https://youtu.be/MVuvPzJNnjk?si=7jqa11tlcueolw2","3 hours ago","0",,"RAHASIA SUKSES YANG BISA DIRENCANAKAN | #MINDPLUS EPS.11","comment","MVuvPzJNnjk","0"
"@SayraBegum-r5u","false","UgzAJ18REEIFshG1BZ94AaABAg","MAXWYN lagi-lagi datang dari𝙋𝙐𝙇𝘼𝙪777, luar biasa.","139","false","https://youtu.be/MVuvPzJNnjk?si=7jqa11tlcueolw2","3 hours ago","0",,"RAHASIA SUKSES YANG BISA DIRENCANAKAN | #MINDPLUS EPS.11","comment","MVuvPzJNnjk","0"
"@SayraBegum-r5u","false","UgyyI1xdhkJgPUXdHPh4AaABAg","Rezeki terus ngalir dari PU L AU 7 7 7, tiap hari ada aja ❤️","139","false","https://youtu.be/MVuvPzJNnjk?si=7jqa11tlcueolw2","3 hours ago","0",,"RAHASIA SUKSES YANG BISA DIRENCANAKAN | #MINDPLUS EPS.11","comment","MVuvPzJNnjk","0"
"@SayraBegum-r5u","false","UgwIeLVYvyRVC1PsQjt4AaABAg","Gak bohong, ＰＵＬＡ𝙪777emang ngasih sensasi cuan tak terbatas.","139","false","https://youtu.be/MVuvPzJNnjk?si=7jqa11tlcueolw2","3 hours ago","0",,"RAHASIA SUKSES YANG BISA DIRENCANAKAN | #MINDPLUS EPS.11","comment","MVuvPzJNnjk","0"
"@SayraBegum-r5u","false","Ugx6nopgFI4LByHNtwJ4AaABAg","Baru 10 menit main di𝓟𝓤𝓛𝓐𝓤777langsung meledak hasilnya.","139","false","https://youtu.be/MVuvPzJNnjk?si=7jqa11tlcueolw2","3 hours ago","0",,"RAHASIA SUKSES YANG BISA DIRENCANAKAN | #MINDPLUS EPS.11","comment","MVuvPzJNnjk","0"
"@SayraBegum-r5u","false","UgxgkWf6qpag__gVcLl4AaABAg","P͟U͟L͟A͟U͟777emang rajanya JEPE cepat tanpa drama ❤️","139","false","https://youtu.be/MVuvPzJNnjk?si=7jqa11tlcueolw2","3 hours ago","0",,"RAHASIA SUKSES YANG BISA DIRENCANAKAN | #MINDPLUS EPS.11","comment","MVuvPzJNnjk","0"
"@SayraBegum-r5u","false","UgyL-JXZHLD27y7Zy814AaABAg","Saldo langsung naik gila-gilaan gara-garaＰＵＬＡ𝙪777.","139","false","https://youtu.be/MVuvPzJNnjk?si=7jqa11tlcueolw2","3 hours ago","0",,"RAHASIA SUKSES YANG BISA DIRENCANAKAN | #MINDPLUS EPS.11","comment","MVuvPzJNnjk","0"
"@SayraBegum-r5u","false","Ugw61mDdnCYVynzr4mR4AaABAg","Tadi pagi iseng login ke PU LA U777, hasilnya luar biasa.","139","false","https://youtu.be/MVuvPzJNnjk?si=7jqa11tlcueolw2","3 hours ago","0",,"RAHASIA SUKSES YANG BISA DIRENCANAKAN | #MINDPLUS EPS.11","comment","MVuvPzJNnjk","0"
"@ABSSTRIKERS-h7r","false","UgwPJCDPM9A3xVch-5V4AaABAg","😊😊😊","139","false","https://youtu.be/MVuvPzJNnjk?si=7jqa11tlcueolw2","3 hours ago","0",,"RAHASIA SUKSES YANG BISA DIRENCANAKAN | #MINDPLUS EPS.11","comment","MVuvPzJNnjk","0"
"@ABSSTRIKERS-h7r","false","UgzQciJkmcyjNGALPxN4AaABAg","😮😮😮","139","false","https://youtu.be/MVuvPzJNnjk?si=7jqa11tlcueolw2","3 hours ago","0",,"RAHASIA SUKSES YANG BISA DIRENCANAKAN | #MINDPLUS EPS.11","comment","MVuvPzJNnjk","0"
"@AlifBhuiya-fo1ms","false","UgwWkFOJ7eo9VIHDtbd4AaABAg","Wow 😲","139","false","https://youtu.be/MVuvPzJNnjk?si=7jqa11tlcueolw2","4 hours ago","0",,"RAHASIA SUKSES YANG BISA DIRENCANAKAN | #MINDPLUS EPS.11","comment","MVuvPzJNnjk","0"
"@Tanzilislam-h1j5i","false","UgzKH_2b_KH3ywDbMuJ4AaABAg","Coba main modal receh di ＢＡＮ Ｔ ＥＮ ＧＨ Ｏ ＫＩ...ehh malah meledak🤑","139","false","https://youtu.be/MVuvPzJNnjk?si=7jqa11tlcueolw2","4 hours ago","0",,"RAHASIA SUKSES YANG BISA DIRENCANAKAN | #MINDPLUS EPS.11","comment","MVuvPzJNnjk","0"
"@Mr.SinatMondol","false","Ugxp8lKNivgWTxNHYdR4AaABAg","Gak nyesel udah percaya sama P͟U͟L͟A͟U͟777.","139","false","https://youtu.be/MVuvPzJNnjk?si=7jqa11tlcueolw2","5 hours ago","0",,"RAHASIA SUKSES YANG BISA DIRENCANAKAN | #MINDPLUS EPS.11","comment","MVuvPzJNnjk","0"
"@WadiZai-v4w","false","UgylP_ZbMxibL0XXKwh4AaABAg","Bisnis mudah kok. Buktinya. Kaesang   langsung.  Duitnya banyak... Dari  pedagang pisang. Jadi pengusaha dan pemegang  saham di mana mana .   Gibran jualan martabak.  Langsung. Jadi wapres..  ..","3865","false","https://www.youtube.com/watch?v=eOwtRnJemrg","12 hours ago","0",,"Baru Lulus Udah Pengen Buka Bisnis?","comment","eOwtRnJemrg","0"
"@rupindamanalu8297","false","UgwnquhQPTwA7gMNzn94AaABAg","Betul dok, ""luck""","3865","false","https://www.youtube.com/watch?v=eOwtRnJemrg","22 hours ago","0",,"Baru Lulus Udah Pengen Buka Bisnis?","comment","eOwtRnJemrg","0"
"@DediJaya-s1g","false","UgwyRqOiA_levb9ICdZ4AaABAg","13:44 ada privilege dok...privilege nya imortal😂","3865","false","https://www.youtube.com/watch?v=eOwtRnJemrg","1 day ago","0",,"Baru Lulus Udah Pengen Buka Bisnis?","comment","eOwtRnJemrg","0"
"@DediJaya-s1g","false","UgyECQBIJuvKJPCOt-54AaABAg","13:44 ada privilege dok...privilege nya imortal😂","3865","false","https://www.youtube.com/watch?v=eOwtRnJemrg","1 day ago","0",,"Baru Lulus Udah Pengen Buka Bisnis?","comment","eOwtRnJemrg","0"
"@kecantikanalamai123","false","UgyA64exiyGV99rRHut4AaABAg","6:00","3865","false","https://www.youtube.com/watch?v=eOwtRnJemrg","1 day ago","0",,"Baru Lulus Udah Pengen Buka Bisnis?","comment","eOwtRnJemrg","0"
"@masarieiki7257","false","Ugyaj-ikMy4fwBrx2oZ4AaABAg","Santai pak santai 😂😂😂😂😂😂😂","3865","false","https://www.youtube.com/watch?v=eOwtRnJemrg","2 days ago","0",,"Baru Lulus Udah Pengen Buka Bisnis?","comment","eOwtRnJemrg","0"
"@ririyanderi5474","false","UgybRhhrY_J3FbzewIh4AaABAg","Setuju.. saya pun jadi mulai dari sales & marketing dulu -+ 10tahun baru bisa jadi owner developer property.. sebuah perjalanan yg panjang

klo ada anak muda yg dari nol sukses 1-3th gak percaya klo bukan dr cuci cuci atau titipan😊","3865","false","https://www.youtube.com/watch?v=eOwtRnJemrg","2 days ago","0",,"Baru Lulus Udah Pengen Buka Bisnis?","comment","eOwtRnJemrg","0"
"@tonyydmg7836","false","UgxTp38Dq2bVTWJp6aF4AaABAg","Wejangan yg SANGAT BERMANFAAAT... Thank you Dr. Tirta, Semoga Sehat Selalu dan Bahagia, moga ada NEXT wejangan lainnya lagi yg bisa membangun utk masyarakat 🙏","3865","false","https://www.youtube.com/watch?v=eOwtRnJemrg","4 days ago","0",,"Baru Lulus Udah Pengen Buka Bisnis?","comment","eOwtRnJemrg","0"
"@keluargapejabat78","false","Ugzdb8K1iFkXlwJIoqJ4AaABAg","tp agama mengajarkan.....menikah dulu rejeki menyusul.....atau ada yg bilang anak rejekinya......tp nyatanya banyak perkawinan berantakan Krn ekonomi.......😂😅😂😅😂😅","3865","false","https://www.youtube.com/watch?v=eOwtRnJemrg","5 days ago","0",,"Baru Lulus Udah Pengen Buka Bisnis?","comment","eOwtRnJemrg","0"
"@AkhmadSupriyanto-n3u","false","UgxbwIxnu9MuatAp5KJ4AaABAg","Motivator mmberi ceramah,,inspirator adalah contoh,,,","3865","false","https://www.youtube.com/watch?v=eOwtRnJemrg","5 days ago","0",,"Baru Lulus Udah Pengen Buka Bisnis?","comment","eOwtRnJemrg","0"
"@YozCreator-zZ","false","UgwOJLNT6QGLxJ6c_zN4AaABAg","""nek tidak bisa menghidupi anak e orang lain, jangan buru2 nikah"" cataatttt!!","3865","false","https://www.youtube.com/watch?v=eOwtRnJemrg","6 days ago","0",,"Baru Lulus Udah Pengen Buka Bisnis?","comment","eOwtRnJemrg","1"
"@halit-e2k","false","UgyTyWfT1IWh2dsH_Hd4AaABAg","limabalas SOROS yaman begus vivo","3865","false","https://www.youtube.com/watch?v=eOwtRnJemrg","7 days ago","0",,"Baru Lulus Udah Pengen Buka Bisnis?","comment","eOwtRnJemrg","0"
"@bowobrewok7664","false","UgytjJfrinNHfW2Cfmp4AaABAg","28:00 orang arab bangun pada jam 11 12 siang mulai aktivitas pada kaya semua. Silite KOBONG","3865","false","https://www.youtube.com/watch?v=eOwtRnJemrg","7 days ago","0",,"Baru Lulus Udah Pengen Buka Bisnis?","comment","eOwtRnJemrg","0"
"@GMGAUTO2004-p1y","false","UgyGqWkQVsYA6VgUJ_p4AaABAg","Saya bertanya kepada Dr.tirta.....Bagaimana pandangan dokter tentang generasi X pada saat ini yg secara kasat mata terjadi persaingan dg generasi z terutama persaingan dalam bisnis","3865","false","https://www.youtube.com/watch?v=eOwtRnJemrg","7 days ago","0",,"Baru Lulus Udah Pengen Buka Bisnis?","comment","eOwtRnJemrg","0"
"@hanacaraka8907","false","UgxNfGT4WFlnpwe9P6F4AaABAg","Kalo menurut saya, mulai bisnis tidak selalu dengan nilai modal uang tertentu, karena apa? Karena tiap orang punya latar belakang yg berbeda. Jadi bisa jadi ada yg mulia bisnis tanpa modal uang, tapi ada yg baru bisa mulai bisnis dengan modal uang tertentu. So, berbisnis itu adalah berusaha untuk mempunyai penghasilan secara mandiri, salah satunya melalui jalur ""berdagang"" atau jual beli.  Jadi yg bisa mulai silahkan segera mulai  sesuai kemampuannya, bagi yg belum ya cari saat yang pas. Semangat Berusaha!","3865","false","https://www.youtube.com/watch?v=eOwtRnJemrg","7 days ago (edited)","0",,"Baru Lulus Udah Pengen Buka Bisnis?","comment","eOwtRnJemrg","0"
"@kizyumi-q7g","false","Ugz2O7QFutLQ0tXlR354AaABAg",".","3865","false","https://www.youtube.com/watch?v=eOwtRnJemrg","7 days ago","0",,"Baru Lulus Udah Pengen Buka Bisnis?","comment","eOwtRnJemrg","0"
"@Quest58989","false","UgyDompuIYxUIAgwjT54AaABAg","Motivator itu teori saja. Mereka cari uang dari tamu undangan.","3865","false","https://www.youtube.com/watch?v=eOwtRnJemrg","8 days ago","0",,"Baru Lulus Udah Pengen Buka Bisnis?","comment","eOwtRnJemrg","0"
"@nandajaya8209","false","UgxnLY26AkF2u2NPQGR4AaABAg","privilege lebih menjamin daripada luck, lu anak siapa, keluarga darimana, bahkan cerita manga one piece aja, seorang Mongkey D Luffy bukan orang sembarangan, Kakeknya seorang laksamana, bapaknya pemimpin pasukan revolusi, ya begitulah cara dunia bekerja wkwkwk","3865","false","https://www.youtube.com/watch?v=eOwtRnJemrg","8 days ago","0",,"Baru Lulus Udah Pengen Buka Bisnis?","comment","eOwtRnJemrg","0"
"@AjiAji-w5j6t","false","Ugxcyh-PnyoIRlQIjl14AaABAg","Gw yg generasi sandwich bukan karna ortu pengen tpi mereka udh tua dan g mampu kerja jdi smua gw yg atur dan perkataan dokter sangat benarr kondisi yg kaya gw pasti bisanya survive atau bertahan dengan keadaan","3865","false","https://www.youtube.com/watch?v=eOwtRnJemrg","8 days ago","0",,"Baru Lulus Udah Pengen Buka Bisnis?","comment","eOwtRnJemrg","0"
"@Quest58989","false","UgxhVRUdUPfHxlBCqwB4AaABAg","Saat ini situasi sedang sangat sangat sangat sulit utk pengusaha dan rakyat. Rezim hanya ingin menyenangkan pendukung dengan mengangkatnya sebagai Komisaris, ASN bukan meritocracy. Kebencian kepada pengusaha, rakyat biasa, mahasiswa, akademisi, sangat sangat tajam. Rakyat pun diusir ke yemen. Masih melawan? Siram air keras? Demo? Tandingan demo, bahkan dibayar resmi utk berlawanan demi MBG. Kasus Ijazah yg jelas jelas pelanggaran nya pun tidak di bahas oleh DPR. Total diam DPR. Sama percis Puan dan Gibran, karbitan incompetence yg merasa bapake yg punya negara. 😂😂😂","3865","false","https://www.youtube.com/watch?v=eOwtRnJemrg","9 days ago (edited)","0",,"Baru Lulus Udah Pengen Buka Bisnis?","comment","eOwtRnJemrg","0"
"@Mr.SinatMondol","false","UgwFv325_BHWB1HxvER4AaABAg","Dari JP kecil sampai gede semua aku dapet dari𝙋𝙐𝙇𝘼𝙪777. ❤️","139","false","https://youtu.be/MVuvPzJNnjk?si=7jqa11tlcueolw2","5 hours ago","0",,"RAHASIA SUKSES YANG BISA DIRENCANAKAN | #MINDPLUS EPS.11","comment","MVuvPzJNnjk","0"
"@shis.bhai.yt_01","false","UgzABTr3yobjIhA0Tcl4AaABAg","Mengisi harimu lebih indah diＢＡＮ Ｔ ＥＮ ＧＨ Ｏ ＫＩ...check google❤","139","false","https://youtu.be/MVuvPzJNnjk?si=7jqa11tlcueolw2","5 hours ago","0",,"RAHASIA SUKSES YANG BISA DIRENCANAKAN | #MINDPLUS EPS.11","comment","MVuvPzJNnjk","0"
"@shis.bhai.yt_01","false","Ugw3QpM6mEQxzDZ0yph4AaABAg","Aman terpercaya peminat terbanyakＢＡＮ Ｔ ＥＮ ＧＨ Ｏ ＫＩdi Indonesia💛","139","false","https://youtu.be/MVuvPzJNnjk?si=7jqa11tlcueolw2","5 hours ago","0",,"RAHASIA SUKSES YANG BISA DIRENCANAKAN | #MINDPLUS EPS.11","comment","MVuvPzJNnjk","0"
"@shis.bhai.yt_01","false","Ugxd0KoODkbuN2fAl_94AaABAg","Terpopuler menang berapapun di bayarＢＡＮ Ｔ ＥＮ ＧＨ Ｏ ＫＩMember baru pasti jepee💛","139","false","https://youtu.be/MVuvPzJNnjk?si=7jqa11tlcueolw2","5 hours ago","0",,"RAHASIA SUKSES YANG BISA DIRENCANAKAN | #MINDPLUS EPS.11","comment","MVuvPzJNnjk","0"
"@shis.bhai.yt_01","false","UgydUVMMTnYqZEnuKwZ4AaABAg","peminat terbanyakＢＡ Ｎ Ｔ Ｅ Ｎ ＧＨ Ｏ ＫＩdi Indonesia❤bukan hanya kata tapi nyata menyala 🥰","139","false","https://youtu.be/MVuvPzJNnjk?si=7jqa11tlcueolw2","5 hours ago","0",,"RAHASIA SUKSES YANG BISA DIRENCANAKAN | #MINDPLUS EPS.11","comment","MVuvPzJNnjk","0"
"@shis.bhai.yt_01","false","UgzvUeVpLfmv5prDXe14AaABAg","peminat terbanyakＢＡＮ Ｔ ＥＮ ＧＨ Ｏ ＫＩdi Indonesia❤Bukti nyata psti jepee🥰","139","false","https://youtu.be/MVuvPzJNnjk?si=7jqa11tlcueolw2","5 hours ago","0",,"RAHASIA SUKSES YANG BISA DIRENCANAKAN | #MINDPLUS EPS.11","comment","MVuvPzJNnjk","0"
"@shis.bhai.yt_01","false","UgwTjNGMN9vHquV8mht4AaABAg","Coba main modal receh di ＢＡＮ Ｔ ＥＮ ＧＨ Ｏ ＫＩehh malah meledak🤑","139","false","https://youtu.be/MVuvPzJNnjk?si=7jqa11tlcueolw2","5 hours ago","0",,"RAHASIA SUKSES YANG BISA DIRENCANAKAN | #MINDPLUS EPS.11","comment","MVuvPzJNnjk","0"
"@shis.bhai.yt_01","false","Ugx35vUzDKFQp8KHzkp4AaABAg","peminat terbanyakＢ Ａ Ｎ Ｔ Ｅ Ｎ ＧＨ Ｏ ＫＩdi Indonesia❤bukan hanya kata tapi nyata menyala 🥰","139","false","https://youtu.be/MVuvPzJNnjk?si=7jqa11tlcueolw2","5 hours ago","0",,"RAHASIA SUKSES YANG BISA DIRENCANAKAN | #MINDPLUS EPS.11","comment","MVuvPzJNnjk","0"
"@shis.bhai.yt_01","false","UgwwITl7fjwXcqI8KPB4AaABAg","peminat terbanyakＢＡＮ Ｔ ＥＮ ＧＨ Ｏ ＫＩdi Indonesia❤Bukti nyata psti jepee🥰","139","false","https://youtu.be/MVuvPzJNnjk?si=7jqa11tlcueolw2","5 hours ago","0",,"RAHASIA SUKSES YANG BISA DIRENCANAKAN | #MINDPLUS EPS.11","comment","MVuvPzJNnjk","0"
"@shis.bhai.yt_01","false","Ugx0Iv7H77ylXyP0eBZ4AaABAg","peminat terbanyakＢＡＮ Ｔ ＥＮ ＧＨ Ｏ ＫＩdi Indonesia❤Bukti nyata psti jepee🥰","139","false","https://youtu.be/MVuvPzJNnjk?si=7jqa11tlcueolw2","5 hours ago","0",,"RAHASIA SUKSES YANG BISA DIRENCANAKAN | #MINDPLUS EPS.11","comment","MVuvPzJNnjk","0"
"@shis.bhai.yt_01","false","UgxwyOxv9wcOSG_S-0t4AaABAg","Coba main modal receh di ＢＡＮ Ｔ ＥＮ ＧＨ Ｏ ＫＩ...ehh malah meledak🤑","139","false","https://youtu.be/MVuvPzJNnjk?si=7jqa11tlcueolw2","5 hours ago","0",,"RAHASIA SUKSES YANG BISA DIRENCANAKAN | #MINDPLUS EPS.11","comment","MVuvPzJNnjk","0"
"@shis.bhai.yt_01","false","UgxHqsWUU0Js7m6-GZB4AaABAg","Mengisi harimu lebih indah diＢＡＮ Ｔ ＥＮ ＧＨ Ｏ ＫＩ...check google❤","139","false","https://youtu.be/MVuvPzJNnjk?si=7jqa11tlcueolw2","5 hours ago","0",,"RAHASIA SUKSES YANG BISA DIRENCANAKAN | #MINDPLUS EPS.11","comment","MVuvPzJNnjk","0"
"@shis.bhai.yt_01","false","UgwEHnzqOXbw7zUFd3F4AaABAg","Terpopuler ＢＡＮ Ｔ ＥＮ ＧＨ Ｏ ＫＩ Member baru pasti jepee❤","139","false","https://youtu.be/MVuvPzJNnjk?si=7jqa11tlcueolw2","5 hours ago","0",,"RAHASIA SUKSES YANG BISA DIRENCANAKAN | #MINDPLUS EPS.11","comment","MVuvPzJNnjk","0"
"@shis.bhai.yt_01","false","Ugxn0L_C62wddGz6cEd4AaABAg","ＢＡＮ Ｔ ＥＮ ＧＨ Ｏ ＫＩ..Gachorrrr nya kebangetan plssss❤","139","false","https://youtu.be/MVuvPzJNnjk?si=7jqa11tlcueolw2","5 hours ago","0",,"RAHASIA SUKSES YANG BISA DIRENCANAKAN | #MINDPLUS EPS.11","comment","MVuvPzJNnjk","0"
"@shis.bhai.yt_01","false","UgzgZqiJNSbtQep587R4AaABAg","ＢＡＮ Ｔ ＥＮ ＧＨ Ｏ ＫＩ..Banyak bonus member auto betah❤","139","false","https://youtu.be/MVuvPzJNnjk?si=7jqa11tlcueolw2","5 hours ago","0",,"RAHASIA SUKSES YANG BISA DIRENCANAKAN | #MINDPLUS EPS.11","comment","MVuvPzJNnjk","0"
"@shis.bhai.yt_01","false","UgwtWfieaax7A0PTzXt4AaABAg","ＢＡＮ Ｔ ＥＮ ＧＨ Ｏ ＫＩ..Member baru pasti jepe❤","139","false","https://youtu.be/MVuvPzJNnjk?si=7jqa11tlcueolw2","5 hours ago","0",,"RAHASIA SUKSES YANG BISA DIRENCANAKAN | #MINDPLUS EPS.11","comment","MVuvPzJNnjk","0"
"@shis.bhai.yt_01","false","UgwSU6GHHLaFBpXaaWt4AaABAg","ＢＡＮ Ｔ ＥＮ ＧＨ Ｏ ＫＩ menang lebih mudah❤","139","false","https://youtu.be/MVuvPzJNnjk?si=7jqa11tlcueolw2","5 hours ago","0",,"RAHASIA SUKSES YANG BISA DIRENCANAKAN | #MINDPLUS EPS.11","comment","MVuvPzJNnjk","0"
"@shis.bhai.yt_01","false","Ugy_0_csz2RPpqPU1CN4AaABAg","Terpopuler BA N T EN GH OKI Member baru pasti jepee❤","139","false","https://youtu.be/MVuvPzJNnjk?si=7jqa11tlcueolw2","5 hours ago","0",,"RAHASIA SUKSES YANG BISA DIRENCANAKAN | #MINDPLUS EPS.11","comment","MVuvPzJNnjk","0"
"@AbuHussain-z3n6q","false","UgxkPiNvEsc8CwYyYi14AaABAg","PU LA U777emang gak pernah zonk, hasilnya selalu nyata.","139","false","https://youtu.be/MVuvPzJNnjk?si=7jqa11tlcueolw2","5 hours ago","0",,"RAHASIA SUKSES YANG BISA DIRENCANAKAN | #MINDPLUS EPS.11","comment","MVuvPzJNnjk","0"
"@AbuHussain-z3n6q","false","UgxHcW2Wbj_9UwggInF4AaABAg","Setiap main pasti ada aja rezeki baru dari𝓟𝓤𝓛𝓐𝓤777.","139","false","https://youtu.be/MVuvPzJNnjk?si=7jqa11tlcueolw2","5 hours ago","0",,"RAHASIA SUKSES YANG BISA DIRENCANAKAN | #MINDPLUS EPS.11","comment","MVuvPzJNnjk","0"
"@afdhalmuhammad7198","false","UgxvBbgyJxKszPpikAl4AaABAg","Saldo kosong
Semua kosong
😂😂😂😂","3865","false","https://www.youtube.com/watch?v=eOwtRnJemrg","9 days ago","0",,"Baru Lulus Udah Pengen Buka Bisnis?","comment","eOwtRnJemrg","0"
"@inayahnuraini7745","false","UgyKQj6Z2P0KypCmPIp4AaABAg","Video yang udah saya putar berkali-kali kalo lagi butuh tamparan dari Dokter Tirtawon. Aku sarjana pendidikan,26thn belum nikah, saat ini kerja sebagai karyawan swasta dan udah setahun nyambi merintis kolam pemancingan ikan bawal. Mental tergembleng banget ditengah ketidakpastian usaha. Oleh karena itu pantang resign, kalo blm ada back up kuat dan mending double job. Usaha udah mau setahun, badainya makin kenceng. fokus saat ini adalah bertahan, operasional jalan, tanpa utang. Banyak nasihat bisnis yang aku praktekan dokter tawon ini. Salah satunya bahwa kalimat ""Rezeki sudah ada yang ngatur"" Terasa menenangkan ketika diri kita sudah ikhtiar. Mantapp dokk","3865","false","https://www.youtube.com/watch?v=eOwtRnJemrg","9 days ago","0",,"Baru Lulus Udah Pengen Buka Bisnis?","comment","eOwtRnJemrg","0"
"@violettargovytzkaya","false","UgwikZQViAoY6-TUxl94AaABAg","Penting banget tuh buat bisnis, gap of knowledge biar paham permintaan yg perlu di-supply.","3865","false","https://www.youtube.com/watch?v=eOwtRnJemrg","10 days ago","0",,"Baru Lulus Udah Pengen Buka Bisnis?","comment","eOwtRnJemrg","0"
"@gorul925","false","UgwqCel8Tshe2eEMFft4AaABAg","Gokss abis lanjutkan boss. Omongane step by step tingkatkan lg pedesnya, lumayan buat revil bahan pelumas🫀🧠💥","3865","false","https://www.youtube.com/watch?v=eOwtRnJemrg","10 days ago","0",,"Baru Lulus Udah Pengen Buka Bisnis?","comment","eOwtRnJemrg","0"
"@nexuz_truth","false","Ugwxsqxx_2amymawKXR4AaABAg","Ingin jadi pengusaha untuk memulai dari kecil dulu, dan lama lama bisa menjadi besar usahanya, bisa memikiki pangsa pasar yang besar seiring berjalannya waktu, pengalaman.

Dan juga ingin mencoba siapa tau bisa sukses di usia muda agar bisa finansial stable untuk keluarga dan bisa jlcepat mendapatkan jodoh","3865","false","https://www.youtube.com/watch?v=eOwtRnJemrg","11 days ago","0",,"Baru Lulus Udah Pengen Buka Bisnis?","comment","eOwtRnJemrg","0"
"@mahel2d","false","UgzrmwCzOyJKN-_mrph4AaABAg","""Dan angan buru-buru nikah ya kalau nggak punya uang, kalian yang akan menciptakan kemiskinan yang lain"" 🔥🔥","3865","false","https://www.youtube.com/watch?v=eOwtRnJemrg","11 days ago","0",,"Baru Lulus Udah Pengen Buka Bisnis?","comment","eOwtRnJemrg","0"
"@bagasabiyyu3176","false","UgxAddReLNYA54ysV7V4AaABAg","Betul dok. Sy umur 26 tahun dan uang sudah 1M","3865","false","https://www.youtube.com/watch?v=eOwtRnJemrg","12 days ago","0",,"Baru Lulus Udah Pengen Buka Bisnis?","comment","eOwtRnJemrg","0"
"@vanylaagista","false","UgxTAKkRLTeigsuWKMl4AaABAg","Sukaaaaa❤❤","3865","false","https://www.youtube.com/watch?v=eOwtRnJemrg","13 days ago","0",,"Baru Lulus Udah Pengen Buka Bisnis?","comment","eOwtRnJemrg","0"
"@Goldenstaff-u1z","false","UgzCYsSiJJ8MR1BdWQV4AaABAg","GK punya bapak","3865","false","https://www.youtube.com/watch?v=eOwtRnJemrg","2 weeks ago","0",,"Baru Lulus Udah Pengen Buka Bisnis?","comment","eOwtRnJemrg","0"
"@hendrikprayoga-525","false","UgzE0jF7o7FCknfDR9R4AaABAg","UMURKU 25 MERASA TELAT MENGEJAR SEMUA NYA APA SALAH GUYS","3865","false","https://www.youtube.com/watch?v=eOwtRnJemrg","2 weeks ago","1",,"Baru Lulus Udah Pengen Buka Bisnis?","comment","eOwtRnJemrg","0"
"@arjunasatria8050","false","UgzS6whbanFVvKy2Wax4AaABAg","Setuju banget, dok. Btw iki omongan wong sing idealis tapi koyok e kegetok relalita wkwkkw. Tq you dok","3865","false","https://www.youtube.com/watch?v=eOwtRnJemrg","2 weeks ago","0",,"Baru Lulus Udah Pengen Buka Bisnis?","comment","eOwtRnJemrg","0"
"@mohammadaldi3175","false","UgwUfCuO8aRR-3mfLzp4AaABAg","Wah boyolali sarang PKI dong","3865","false","https://www.youtube.com/watch?v=eOwtRnJemrg","2 weeks ago","0",,"Baru Lulus Udah Pengen Buka Bisnis?","comment","eOwtRnJemrg","0"
"@AdiBagus-l1l","false","Ugw0KCBoPwO0IRwjM3J4AaABAg","Saya 28 tahun bangun pagi gak juga jadi konglomerat 😅","3865","false","https://www.youtube.com/watch?v=eOwtRnJemrg","2 weeks ago","0",,"Baru Lulus Udah Pengen Buka Bisnis?","comment","eOwtRnJemrg","0"
"@miftachulilmi4217","false","UgwAABHmXSww2PUl7Bh4AaABAg","Untuk menjadi pengusaha
1. Tidak selalu dari lulusan bangku kuliahan
2. Tidak bisa dari seorang motivator 
Pengusaha itu harus punya spirit yg kuat pantang menyerah dan mampu membaca peluang
Bisnis itu bukan tentang uang tetapi tentang integritas, peluang dan kesempatan yg di lakukan
Banyak pengusaha yg latar belakang pendidikannya cuma
S1= SD
S2= SD/SMP
S3= SD/SMP/SMA
Pendidikan memang penting tapi tidak menjamin hidup kaya
Selagi sistem pendidikan di Indonesia menciptakan masyarakat pekerja dan tidak menciptakan masyarakat pencipta kerja mungkin 100 tahun kedepan Indonesia tidak akan pernah maju
Orang super kaya di Indonesia mungkin cuma sekitar 20 orang 
Kaya menengah yg punya pabrik mungkin cuma sekitar 5000 orang 
Dan yg paling banyak sekitar 69% itu usaha mikro mikro dan mikro (yg jualan cilok dan gorengan dll di pinggir jalan)
Banyak orang maunya jadi pengusaha tapi pola pikirnya pekerja 
Kalau punya spirit pengusaha uang 1 jt pun bisa berkembang bahkan mungkin tidak punya modal sama sekali asal punya spirit yg kuat di dalam diri nya
Tentukan tujuanmu dan lakukan meskipun harus jalan kaki dan butuh waktu yg lama  niscaya tujuan mu akan tercapai juga
Tidak selalu perlu punya privilege untuk menjadi pengusaha, banyak anak pengusaha hancur meskipun baru generasi ke dua
Untuk jadi pengusaha tidak butuh texs akademis apalagi butuh seorang motivator yg di butuhkan hanya pola pikir dan spirit yg kuat
1. Professional= Orang yg bekerja untuk orang lain
2. Pedagang= orang yg bekerja untuk dirinya sendiri
3. Pengusaha= orang yg membikin sistem dan ke uangan biarkan orang lain yg bekerja 
4. Investor= punya uang biarkan orang lain yg membikin sistem dan orang lain juga yg bekerja 

Tetap bersyukur apa yg di dapat hari ini, mau jadi pekerja ataupun pengusaha atau apapun itu, sama saja dan kebahagiaan itu tidak selalu di ukur dengan uang","3865","false","https://www.youtube.com/watch?v=eOwtRnJemrg","2 weeks ago","0",,"Baru Lulus Udah Pengen Buka Bisnis?","comment","eOwtRnJemrg","0"
"@SyarifHidayatullahTamrin","false","Ugyu33aNova0GRu6NA14AaABAg","agar tidak menyuhsahkan keluarga serta bisa membantu di sekitar agar bisa berkembang belajar belajar terus hingga jadi teliuner dan satu lagi supaya bisa berdampak bagi pebisnis pebisnis pemula kalo saya jadi pebisnis sukses itu aja makasi","3865","false","https://www.youtube.com/watch?v=eOwtRnJemrg","2 weeks ago","0",,"Baru Lulus Udah Pengen Buka Bisnis?","comment","eOwtRnJemrg","0"
"@mariasinambela4007","false","UgwYq9CLP9JjGHJPDzR4AaABAg","Gila keren banget ini video","3865","false","https://www.youtube.com/watch?v=eOwtRnJemrg","2 weeks ago","0",,"Baru Lulus Udah Pengen Buka Bisnis?","comment","eOwtRnJemrg","0"
"@kehidupanpenuhdrama0","false","Ugx_Nswm0QMRXMqp9Q94AaABAg","Usaha karena ingin memutar kebutuhan dan hidup tenang","3865","false","https://www.youtube.com/watch?v=eOwtRnJemrg","2 weeks ago","1",,"Baru Lulus Udah Pengen Buka Bisnis?","comment","eOwtRnJemrg","0"
"@jessKD-14","false","UgzI9dLoul0cl0kAG_d4AaABAg","ijin klip","3865","false","https://www.youtube.com/watch?v=eOwtRnJemrg","2 weeks ago","0",,"Baru Lulus Udah Pengen Buka Bisnis?","comment","eOwtRnJemrg","0"
"@diva_chan","false","UgyJ-3_Su5tmdusHdDx4AaABAg","kalo bisanya beli bekas, kenapa harus beli yang baru?
kalo bisa cash, ngapain harus kredit?
-dr. Tirta","3865","false","https://www.youtube.com/watch?v=eOwtRnJemrg","2 weeks ago","0",,"Baru Lulus Udah Pengen Buka Bisnis?","comment","eOwtRnJemrg","0"
"@Bayhaqi_Iqbal","false","UgxVCyZBb3k4oNIwIvJ4AaABAg","Ilmu daging semua ini. Mantap👍🏻👍🏻👍🏻","3865","false","https://www.youtube.com/watch?v=eOwtRnJemrg","2 weeks ago","0",,"Baru Lulus Udah Pengen Buka Bisnis?","comment","eOwtRnJemrg","0"
"@AbuHussain-z3n6q","false","UgxCOLrjv364MRgORZ94AaABAg","TerimakasihP͟U͟L͟A͟U͟777 atas malam cuan penuh keberuntungan ❤️","139","false","https://youtu.be/MVuvPzJNnjk?si=7jqa11tlcueolw2","5 hours ago","0",,"RAHASIA SUKSES YANG BISA DIRENCANAKAN | #MINDPLUS EPS.11","comment","MVuvPzJNnjk","0"
"@AbuHussain-z3n6q","false","Ugy0_ztD28w25qbcmkR4AaABAg","🎉🎉🎉","139","false","https://youtu.be/MVuvPzJNnjk?si=7jqa11tlcueolw2","5 hours ago","0",,"RAHASIA SUKSES YANG BISA DIRENCANAKAN | #MINDPLUS EPS.11","comment","MVuvPzJNnjk","0"
"@paddynathaniel9397","false","Ugz_mrNEnzKLWe38hCd4AaABAg","01:01udah gw ingetin kalo tempat yg gacorr itu BA N T EN GH OKI","139","false","https://youtu.be/MVuvPzJNnjk?si=7jqa11tlcueolw2","6 hours ago","0",,"RAHASIA SUKSES YANG BISA DIRENCANAKAN | #MINDPLUS EPS.11","comment","MVuvPzJNnjk","0"
"@paddynathaniel9397","false","Ugz4wAvn9pRgpyJXi8R4AaABAg","poko nya gw ingetin nama nya BA N T EN GH OKI","139","false","https://youtu.be/MVuvPzJNnjk?si=7jqa11tlcueolw2","6 hours ago","0",,"RAHASIA SUKSES YANG BISA DIRENCANAKAN | #MINDPLUS EPS.11","comment","MVuvPzJNnjk","0"
"@endahthoughts","false","Ugxs0vmvMSkugqJbpQR4AaABAg","Ketika komdigi gak kerja. Youtube isinya judol semua","139","false","https://youtu.be/MVuvPzJNnjk?si=7jqa11tlcueolw2","7 hours ago","0",,"RAHASIA SUKSES YANG BISA DIRENCANAKAN | #MINDPLUS EPS.11","comment","MVuvPzJNnjk","0"
"@TrianaAnggreani","false","UgyKNI8-KukYVSjDQeJ4AaABAg","❤❤❤❤❤❤❤❤❤","139","false","https://youtu.be/MVuvPzJNnjk?si=7jqa11tlcueolw2","7 hours ago","0",,"RAHASIA SUKSES YANG BISA DIRENCANAKAN | #MINDPLUS EPS.11","comment","MVuvPzJNnjk","0"
"@lyrical_mahmud5x","false","UgxL__y3ngveJUFJ9jl4AaABAg","P͟U͟L͟A͟U͟777bikin aku percaya keberuntungan itu nyata.","139","false","https://youtu.be/MVuvPzJNnjk?si=7jqa11tlcueolw2","7 hours ago","0",,"RAHASIA SUKSES YANG BISA DIRENCANAKAN | #MINDPLUS EPS.11","comment","MVuvPzJNnjk","0"
"@lyrical_mahmud5x","false","UgwEbeLfwC2q-YqZRHd4AaABAg","Setiap kali login keＰＵＬＡ𝙪777, selalu ada hasil manis ❤️","139","false","https://youtu.be/MVuvPzJNnjk?si=7jqa11tlcueolw2","7 hours ago","0",,"RAHASIA SUKSES YANG BISA DIRENCANAKAN | #MINDPLUS EPS.11","comment","MVuvPzJNnjk","0"
"@lyrical_mahmud5x","false","UgzlI0KuUnRJFK1qJ9R4AaABAg","Gak pernah gagal,𝙋𝙐𝙇𝘼𝙪777selalu kasih hasil real.","139","false","https://youtu.be/MVuvPzJNnjk?si=7jqa11tlcueolw2","7 hours ago","0",,"RAHASIA SUKSES YANG BISA DIRENCANAKAN | #MINDPLUS EPS.11","comment","MVuvPzJNnjk","0"
"@Praim.Mahadi","false","Ugx1lAJMJEWP2Uq0nFx4AaABAg","PU L AU 7 7 7emang tempatnya MAXWIN sejati.","139","false","https://youtu.be/MVuvPzJNnjk?si=7jqa11tlcueolw2","8 hours ago","0",,"RAHASIA SUKSES YANG BISA DIRENCANAKAN | #MINDPLUS EPS.11","comment","MVuvPzJNnjk","0"
"@Praim.Mahadi","false","Ugxm4bzLJL-byaeMLGV4AaABAg","PULAU777atas hoki malam ini, makasih banget ❤️","139","false","https://youtu.be/MVuvPzJNnjk?si=7jqa11tlcueolw2","8 hours ago","0",,"RAHASIA SUKSES YANG BISA DIRENCANAKAN | #MINDPLUS EPS.11","comment","MVuvPzJNnjk","0"
"@eshulslam","false","UgznwD9lhSK46LE-SbR4AaABAg","Gak nyangka pagi ini bisa JEPE 3x di𝓟𝓤𝓛𝓐𝓤777 ❤️","139","false","https://youtu.be/MVuvPzJNnjk?si=7jqa11tlcueolw2","8 hours ago","0",,"RAHASIA SUKSES YANG BISA DIRENCANAKAN | #MINDPLUS EPS.11","comment","MVuvPzJNnjk","0"
"@eshulslam","false","UgwYEaFwSbAUgXLoYe54AaABAg","Rezeki besar lagi-lagi datang dari P͟U͟L͟A͟U͟777.","139","false","https://youtu.be/MVuvPzJNnjk?si=7jqa11tlcueolw2","8 hours ago","0",,"RAHASIA SUKSES YANG BISA DIRENCANAKAN | #MINDPLUS EPS.11","comment","MVuvPzJNnjk","0"
"@eshulslam","false","UgyNcyyQDOmBQhR1XZx4AaABAg","Dari kecil sampai gede JP, semua berawal dari𝙋𝙐𝙇𝘼𝙪777.","139","false","https://youtu.be/MVuvPzJNnjk?si=7jqa11tlcueolw2","8 hours ago","0",,"RAHASIA SUKSES YANG BISA DIRENCANAKAN | #MINDPLUS EPS.11","comment","MVuvPzJNnjk","0"
"@itsmerthkwl","false","Ugx8hyE5YmIHMGwdHWh4AaABAg","kereen bangett sih kata gua , bener2 bisa melihat dengan mata terbuka , orang2 yg bener2 pemikir kedepan terus tanpa nengok ke belakang , terus berusaha dan ikhtiar tidak putus asa . dan skrng tau apa aja yg di korbankan mereka bisa sampai se suksez sekarang ini , emg harus ada yf di korbankan entah materi / waktu tp skrng mereka berdua bisa sampai di titik akrng inu .. besstttt 🎉🎉🎉","139","false","https://youtu.be/MVuvPzJNnjk?si=7jqa11tlcueolw2","9 hours ago","0",,"RAHASIA SUKSES YANG BISA DIRENCANAKAN | #MINDPLUS EPS.11","comment","MVuvPzJNnjk","3"
"@Md-Ruzel11","false","UgzRbsiiZw2gh7LaBAx4AaABAg","01:01 serius yang belum pernah jepe bagus langsung gass di BA N T EN GH OKI.","139","false","https://youtu.be/MVuvPzJNnjk?si=7jqa11tlcueolw2","12 hours ago","0",,"RAHASIA SUKSES YANG BISA DIRENCANAKAN | #MINDPLUS EPS.11","comment","MVuvPzJNnjk","0"
"@Md-Ruzel11","false","UgwTj2Tj4rzUpMv2wQ14AaABAg","ＢＡＮ Ｔ ＥＮ ＧＨ Ｏ ＫＩ ..Modal sedikit hasil maksimal❤ 0:10","139","false","https://youtu.be/MVuvPzJNnjk?si=7jqa11tlcueolw2","12 hours ago","0",,"RAHASIA SUKSES YANG BISA DIRENCANAKAN | #MINDPLUS EPS.11","comment","MVuvPzJNnjk","0"
"@Md-Ruzel11","false","UgypDMUtyjanOxmWMT94AaABAg","peminat terbanyakＢＡＮ Ｔ ＥＮ ＧＨ Ｏ ＫＩdi Indonesia❤ 0:09","139","false","https://youtu.be/MVuvPzJNnjk?si=7jqa11tlcueolw2","12 hours ago","0",,"RAHASIA SUKSES YANG BISA DIRENCANAKAN | #MINDPLUS EPS.11","comment","MVuvPzJNnjk","0"
"@Md-Ruzel11","false","Ugwcx7JKkM532LHqPkd4AaABAg","TerpopulerＢＡＮ Ｔ ＥＮ ＧＨ Ｏ ＫＩ Member baru pasti jepee❤","139","false","https://youtu.be/MVuvPzJNnjk?si=7jqa11tlcueolw2","12 hours ago","0",,"RAHASIA SUKSES YANG BISA DIRENCANAKAN | #MINDPLUS EPS.11","comment","MVuvPzJNnjk","0"
"@Md-Ruzel11","false","UgzWo4-5Vs29xd7xPuh4AaABAg","ＢＡＮ Ｔ ＥＮ ＧＨ Ｏ ＫＩ..Member baru pasti jepe❤","139","false","https://youtu.be/MVuvPzJNnjk?si=7jqa11tlcueolw2","12 hours ago","0",,"RAHASIA SUKSES YANG BISA DIRENCANAKAN | #MINDPLUS EPS.11","comment","MVuvPzJNnjk","0"
"@fajaroke3586","false","UgzE0jF7o7FCknfDR9R4AaABAg.AYXXN93oZ-NAYj9bHMkUhw"," @hendrikprayoga-525  aman bang masih bisa itu semangat,gas aja umpung belum umur 30 ke atas 😂","3865","false","https://www.youtube.com/watch?v=eOwtRnJemrg","10 days ago","0","UgzE0jF7o7FCknfDR9R4AaABAg","Baru Lulus Udah Pengen Buka Bisnis?","reply","eOwtRnJemrg","0"
"@kehidupanpenuhdrama0","false","Ugx_Nswm0QMRXMqp9Q94AaABAg.AYOxgExkneVAYOxjhVf4Km","Tapi tidak semudah perkataan ini,","3865","false","https://www.youtube.com/watch?v=eOwtRnJemrg","2 weeks ago","0","Ugx_Nswm0QMRXMqp9Q94AaABAg","Baru Lulus Udah Pengen Buka Bisnis?","reply","eOwtRnJemrg","0"
"@editsz-w5m","false","Ugy2cwXzhPsVwvWgtvl4AaABAg","saya umur 13 thn dan 5 thn lagi saya lulus dan kerja jd saya akan siapkan ilmu sebelum memulai segalanya😅😅","3865","false","https://www.youtube.com/watch?v=eOwtRnJemrg","3 weeks ago","0",,"Baru Lulus Udah Pengen Buka Bisnis?","comment","eOwtRnJemrg","1"
"@MuhammadNaufal-v6p","false","Ugw4224ILkktjoVlIcp4AaABAg","Diumur 19 tahun, saya tidak hanya IPK... karena saya tidak kuliah, dan pengalaman kerja saya sudah ±1,5 tahun... kira kira bagaimana?","3865","false","https://www.youtube.com/watch?v=eOwtRnJemrg","3 weeks ago","0",,"Baru Lulus Udah Pengen Buka Bisnis?","comment","eOwtRnJemrg","0"
"@januszaidan7489","false","UgzYBTghWpqpkU-GKuN4AaABAg","Saya terlahir dari keluarga yang ga punya, lulusan SMA 2021 gak kuliah, lulus langsung kerja ikut sodara jadi tukang kayu di bekasi cuma di gaji 1,2jt/bulan, bertahan 2 tahun, terus pulang ke jateng kerja di pabrik, gaji umr, ngerasa kalo di jalanin gini terus gimana nanti kalo udah punya anak istri, gaji aja cukup buat diri sendiri, abis itu keluar pengen buka usaha kecil”an tapi belum ada modal, alhamdulillah sekarang proses mau kerja ke jepang buat cari modal, tapi untuk menuju kesitu masih ada proses dan perjuangan yang menguras energi tenaga dan pikiran, tapi saya selalu meyakinkan diri saya sendiri bahwa saya pasti bisa, dengan mengandalkan keyakinan, mau berusaha, tidak menyerah dan mau survive, untuk kalian semua yang ingin bangkit dari kemiskinan, tanpa backingan, tanpa donatur, tanpa orang dalam, tetep semangat walaupun mustahil🔥","3865","false","https://www.youtube.com/watch?v=eOwtRnJemrg","3 weeks ago","0",,"Baru Lulus Udah Pengen Buka Bisnis?","comment","eOwtRnJemrg","0"
"@glinko_food","false","Ugx0gklWqpKvFgCePVd4AaABAg","Keren bgt dokter satu ini🔥","3865","false","https://www.youtube.com/watch?v=eOwtRnJemrg","3 weeks ago","0",,"Baru Lulus Udah Pengen Buka Bisnis?","comment","eOwtRnJemrg","0"
"@avrillinaputri","false","UgwClJ4RChDACMQpCzt4AaABAg","Aku kuliah sambil kerja dari semester 1, kerja apa adanya. Banyak orang bilang kamu anak orang berada tapi milih kerja padahal kuliah aja enak. Tapi aku punya prinsip kalo kuliah aja ga menjamin apalagi sekarang banyak lulusan sarjana. 
Pulang kuliah langsung kerja, habis kerja lanjut belajar, kadang bantuin usaha bapak sama ibu. Capek pol tapi pengen ngelanjutin usaha bapak ibu makanya harus kuat dalam hal apapun itu","3865","false","https://www.youtube.com/watch?v=eOwtRnJemrg","3 weeks ago","0",,"Baru Lulus Udah Pengen Buka Bisnis?","comment","eOwtRnJemrg","0"
"@anangsuyanto5999","false","UgzFos4FQSwkcxdes5Z4AaABAg","Karena saya ingin kondisi ekonomi saya tetap stabil.","3865","false","https://www.youtube.com/watch?v=eOwtRnJemrg","3 weeks ago","0",,"Baru Lulus Udah Pengen Buka Bisnis?","comment","eOwtRnJemrg","0"
"@aghoestsantoso8879","false","UgwJNrdg-wyqDUCqZ2d4AaABAg","Koh tirta keren kalo rambutnya panjang","3865","false","https://www.youtube.com/watch?v=eOwtRnJemrg","3 weeks ago","0",,"Baru Lulus Udah Pengen Buka Bisnis?","comment","eOwtRnJemrg","0"
"@zidankafabih2099","false","Ugz4X2XXzdlEzbTD-bl4AaABAg","dengan usaha, aku bisa mendapatkan uang lebih banyak walaupun banyak uncertainly, tapi menjadi pengusaha itu sangat addiktif menurut saya, dan saya suka.","3865","false","https://www.youtube.com/watch?v=eOwtRnJemrg","3 weeks ago","0",,"Baru Lulus Udah Pengen Buka Bisnis?","comment","eOwtRnJemrg","0"
"@MartaYulia-m4r","false","UgxiwYhTFG7SI13GVpB4AaABAg","Dok saya dulu berawal usaha dari jual barang orang dulu tanpa modal tapi saya juga kerja sama orang. Sambil usaha sambil kerja alhamdulillah skrg punya usaha sndri dengan modal sndri walaupun masih sangat kecil tapi saya bersyukur. Banyak sekali yg meniru, yg ingin menjatuh kan tapi alhamdulillah saya masih bertahan ☺","3865","false","https://www.youtube.com/watch?v=eOwtRnJemrg","3 weeks ago","1",,"Baru Lulus Udah Pengen Buka Bisnis?","comment","eOwtRnJemrg","0"
"@iqionly","false","UgzRDGPzitYTZJx-2jt4AaABAg","saya ingin punya usaha karena ingin berjualan produk saya, yang saya pengen jual kebanyakan seperti sayuran dan buah buahan yang saya tanam sendiri. Kenapa gak kerja aja? karena capek kerja dibawah intruksi orang lain","3865","false","https://www.youtube.com/watch?v=eOwtRnJemrg","3 weeks ago (edited)","0",,"Baru Lulus Udah Pengen Buka Bisnis?","comment","eOwtRnJemrg","0"
"@andilani7832","false","UgzC6nWX9p-8C4uK_eh4AaABAg","Bener malah aku bangun sebelum subuh karna aku jualan sayur","3865","false","https://www.youtube.com/watch?v=eOwtRnJemrg","3 weeks ago","0",,"Baru Lulus Udah Pengen Buka Bisnis?","comment","eOwtRnJemrg","0"
"@nosexret1356","false","UgxVWdTFvVgGcFzsQCZ4AaABAg","tamat SMA saya bekerja umur 30 memulai usaha sendiri
Alhamdulillah hasilnya jauh lebih baik daripada bekerja kantoran","3865","false","https://www.youtube.com/watch?v=eOwtRnJemrg","3 weeks ago","0",,"Baru Lulus Udah Pengen Buka Bisnis?","comment","eOwtRnJemrg","0"
"@miftahmuttoyib3857","false","UgzmGxqmvFZF60gOpLB4AaABAg","mulai dari 0. tabungan, privilage, pengalaman kerja, ipk gak ada semua
kemudian dpt kerja dengan gaji minim, hemat dan akhirnya bisa kuliah karyawan kampus biasa itupun muahal. berusaha cari kerja sesuai jurusan dan dapat. makin lama pengalaman kekumpul. kulaih jadi lebih gampang. dan boom yang semula semua poin 0 sekarang. pengalaman ada, ipk 3.4 (jujur ini gak ngaruh samsek), tabungan ada. privilage belum ada karena masih menstabilkan pengalaman dan tabungan. setelah itu saya mau coba tipis2 pake uang+pengalaman kerja untuk cari privilage. anw total ini kira2 11 tahun.","3865","false","https://www.youtube.com/watch?v=eOwtRnJemrg","3 weeks ago","0",,"Baru Lulus Udah Pengen Buka Bisnis?","comment","eOwtRnJemrg","0"
"@dianabstrack8625","false","UgzpWUdyEI2aZtoBESF4AaABAg","💜","3865","false","https://www.youtube.com/watch?v=eOwtRnJemrg","3 weeks ago","0",,"Baru Lulus Udah Pengen Buka Bisnis?","comment","eOwtRnJemrg","0"
"@dulkimso","false","UgwkOEjUtjNTvBqbuqd4AaABAg","betul mentalitas bekerjalah. karena anda hidup setiap hari.","3865","false","https://www.youtube.com/watch?v=eOwtRnJemrg","3 weeks ago","0",,"Baru Lulus Udah Pengen Buka Bisnis?","comment","eOwtRnJemrg","0"
"@AliGokil-x9i","false","UgyPmCcw0rLJPhbNOLZ4AaABAg","BELUUUMMMM","3865","false","https://www.youtube.com/watch?v=eOwtRnJemrg","4 weeks ago","0",,"Baru Lulus Udah Pengen Buka Bisnis?","comment","eOwtRnJemrg","0"
"@agungpurwantoro4361","false","Ugzgmj-r6_7wHT0m_uR4AaABAg","Previlage ""Tidak""
Finansial ""Tidak""
IPK 2,72
Alhamdulillah dapat partner bisnis super visioner, Tugas ku support semua yg dibutuhkan dengan pengalaman dan keahlian yg ku punya sehingga pencapaianku saat ini sudah jauh melampaui mimpiku dulu. mungkin ini yg disebut ""LUCK"" ☺","3865","false","https://www.youtube.com/watch?v=eOwtRnJemrg","4 weeks ago","0",,"Baru Lulus Udah Pengen Buka Bisnis?","comment","eOwtRnJemrg","0"
"@SarjuManda-z8t","false","UgyPH8c1mVnT-kPl3HZ4AaABAg","Tapi kalau tak berani memulai bagaimana akan tahu kesulitan, tantangan, suka duka dan proses perjalanan sebuah usaha ( gagal, turun naik). Musti nunggu ceramah lu dulu???","3865","false","https://www.youtube.com/watch?v=eOwtRnJemrg","4 weeks ago","0",,"Baru Lulus Udah Pengen Buka Bisnis?","comment","eOwtRnJemrg","1"
"@aca4282","false","UgwivRQS1KowbTk2j9d4AaABAg","Arogan kalo pintar gapapa: gue banget!! 😌","3865","false","https://www.youtube.com/watch?v=eOwtRnJemrg","4 weeks ago","0",,"Baru Lulus Udah Pengen Buka Bisnis?","comment","eOwtRnJemrg","0"
"@ReallAyamWoku","false","Ugz8kUDrRBRgpjCqdTl4AaABAg","4:00 Cause fkn brokee gng🥀","3865","false","https://www.youtube.com/watch?v=eOwtRnJemrg","1 month ago","0",,"Baru Lulus Udah Pengen Buka Bisnis?","comment","eOwtRnJemrg","1"
"@ruhul-37","false","UgwerWRgVtCpy9jc8xJ4AaABAg","Bener-bener hoki parah diＰＵＬＡ𝙪777hari ini ❤️","139","false","https://youtu.be/MVuvPzJNnjk?si=7jqa11tlcueolw2","15 hours ago","0",,"RAHASIA SUKSES YANG BISA DIRENCANAKAN | #MINDPLUS EPS.11","comment","MVuvPzJNnjk","0"
"@ruhul-37","false","UgwexVuOnvelram2PpN4AaABAg","Setiap main pasti ada aja rezeki baru dari𝓟𝓤𝓛𝓐𝓤777.","139","false","https://youtu.be/MVuvPzJNnjk?si=7jqa11tlcueolw2","15 hours ago","0",,"RAHASIA SUKSES YANG BISA DIRENCANAKAN | #MINDPLUS EPS.11","comment","MVuvPzJNnjk","0"
"@esha-m1f4q","false","UgxioOb6KDQuuN-qTZ94AaABAg","TerimakasihP͟U͟L͟A͟U͟777 atas malam cuan penuh keberuntungan ❤️","139","false","https://youtu.be/MVuvPzJNnjk?si=7jqa11tlcueolw2","15 hours ago","0",,"RAHASIA SUKSES YANG BISA DIRENCANAKAN | #MINDPLUS EPS.11","comment","MVuvPzJNnjk","0"
"@esha-m1f4q","false","UgytkpqH1vpYUwHfO8J4AaABAg","MAXWIN beruntun lagi berkat𝙋𝙐𝙇𝘼𝙪777.","139","false","https://youtu.be/MVuvPzJNnjk?si=7jqa11tlcueolw2","15 hours ago","0",,"RAHASIA SUKSES YANG BISA DIRENCANAKAN | #MINDPLUS EPS.11","comment","MVuvPzJNnjk","0"
"@esha-m1f4q","false","UgwswBR5t0M0Qot7grp4AaABAg","Hujan JEPE terus dari PU L AU 7 7 7, gila sih ini ❤️","139","false","https://youtu.be/MVuvPzJNnjk?si=7jqa11tlcueolw2","15 hours ago","0",,"RAHASIA SUKSES YANG BISA DIRENCANAKAN | #MINDPLUS EPS.11","comment","MVuvPzJNnjk","0"
"@esha-m1f4q","false","Ugx99-zdYe_58BdVI_54AaABAg","Dari pagi sampai malam, ＰＵＬＡ𝙪777gak berhenti kasih hasil.","139","false","https://youtu.be/MVuvPzJNnjk?si=7jqa11tlcueolw2","15 hours ago","0",,"RAHASIA SUKSES YANG BISA DIRENCANAKAN | #MINDPLUS EPS.11","comment","MVuvPzJNnjk","0"
"@esha-m1f4q","false","UgwQIRjfala7sVGh-N54AaABAg","𝓟𝓤𝓛𝓐𝓤777emang gak main-main soal cuan ❤️","139","false","https://youtu.be/MVuvPzJNnjk?si=7jqa11tlcueolw2","15 hours ago","0",,"RAHASIA SUKSES YANG BISA DIRENCANAKAN | #MINDPLUS EPS.11","comment","MVuvPzJNnjk","0"
"@IsratJahan-z7g1x","false","UgxOUXCqRIwId5mHqc54AaABAg","P͟U͟L͟A͟U͟777bikin aku percaya keberuntungan itu nyata.","139","false","https://youtu.be/MVuvPzJNnjk?si=7jqa11tlcueolw2","15 hours ago","0",,"RAHASIA SUKSES YANG BISA DIRENCANAKAN | #MINDPLUS EPS.11","comment","MVuvPzJNnjk","0"
"@IsratJahan-z7g1x","false","UgzSc5w0BecMzRkVAuZ4AaABAg","Setiap kali login keＰＵＬＡ𝙪777, selalu ada hasil manis ❤️","139","false","https://youtu.be/MVuvPzJNnjk?si=7jqa11tlcueolw2","15 hours ago","0",,"RAHASIA SUKSES YANG BISA DIRENCANAKAN | #MINDPLUS EPS.11","comment","MVuvPzJNnjk","0"
"@IsratJahan-z7g1x","false","UgxkP8WpEWbKoh-eOt94AaABAg","Gak pernah gagal,𝙋𝙐𝙇𝘼𝙪777selalu kasih hasil real.","139","false","https://youtu.be/MVuvPzJNnjk?si=7jqa11tlcueolw2","15 hours ago","0",,"RAHASIA SUKSES YANG BISA DIRENCANAKAN | #MINDPLUS EPS.11","comment","MVuvPzJNnjk","0"
"@Hasib.wishker8118","false","UgyQdWQaAhr_NUz0LSF4AaABAg","Makasih banyakＰＵＬＡ𝙪777udah bikin hari-hariku cerah ❤️","139","false","https://youtu.be/MVuvPzJNnjk?si=7jqa11tlcueolw2","15 hours ago","0",,"RAHASIA SUKSES YANG BISA DIRENCANAKAN | #MINDPLUS EPS.11","comment","MVuvPzJNnjk","0"
"@Alamin2.2-t4g","false","UgxzPTmZeRdq225qD4R4AaABAg","peminat terbanyakＢ Ａ Ｎ Ｔ Ｅ Ｎ ＧＨ Ｏ ＫＩdi Indonesia❤bukan hanya kata tapi nyata menyala 🥰","139","false","https://youtu.be/MVuvPzJNnjk?si=7jqa11tlcueolw2","16 hours ago","0",,"RAHASIA SUKSES YANG BISA DIRENCANAKAN | #MINDPLUS EPS.11","comment","MVuvPzJNnjk","0"
"@Alamin2.2-t4g","false","UgzenLTK8F5SlXU_34d4AaABAg","Gak nyangka pagi ini bisa JEPE 3x di𝓟𝓤𝓛𝓐𝓤777 ❤️","139","false","https://youtu.be/MVuvPzJNnjk?si=7jqa11tlcueolw2","16 hours ago","0",,"RAHASIA SUKSES YANG BISA DIRENCANAKAN | #MINDPLUS EPS.11","comment","MVuvPzJNnjk","0"
"@Alamin2.2-t4g","false","Ugzix92EdjyC9YBOvy94AaABAg","Rezeki besar lagi-lagi datang dari P͟U͟L͟A͟U͟777.","139","false","https://youtu.be/MVuvPzJNnjk?si=7jqa11tlcueolw2","16 hours ago","0",,"RAHASIA SUKSES YANG BISA DIRENCANAKAN | #MINDPLUS EPS.11","comment","MVuvPzJNnjk","0"
"@Alamin2.2-t4g","false","UgySpKJJWXnhGjfPPhh4AaABAg","Dari kecil sampai gede JP, semua berawal dari𝙋𝙐𝙇𝘼𝙪777.","139","false","https://youtu.be/MVuvPzJNnjk?si=7jqa11tlcueolw2","16 hours ago","0",,"RAHASIA SUKSES YANG BISA DIRENCANAKAN | #MINDPLUS EPS.11","comment","MVuvPzJNnjk","0"
"@Alamin2.2-t4g","false","UgyJx9ssXTcwgPxVeeN4AaABAg","Dari kecil sampai gede JP, semua berawal dari𝙋𝙐𝙇𝘼𝙪777.","139","false","https://youtu.be/MVuvPzJNnjk?si=7jqa11tlcueolw2","16 hours ago","0",,"RAHASIA SUKSES YANG BISA DIRENCANAKAN | #MINDPLUS EPS.11","comment","MVuvPzJNnjk","0"
"@Md.NurulAjim","false","Ugy5jtbXVhOIuXrlptB4AaABAg","Gak bohong, ＰＵＬＡ𝙪777emang ngasih sensasi cuan tak terbatas.","139","false","https://youtu.be/MVuvPzJNnjk?si=7jqa11tlcueolw2","16 hours ago","0",,"RAHASIA SUKSES YANG BISA DIRENCANAKAN | #MINDPLUS EPS.11","comment","MVuvPzJNnjk","0"
"@hashtagshabnur","false","Ugy6SUIxcvNgWxJSGW94AaABAg","Cuma di PUL AU777bisa ngerasain MAXWYN beruntun!","139","false","https://youtu.be/MVuvPzJNnjk?si=7jqa11tlcueolw2","16 hours ago","0",,"RAHASIA SUKSES YANG BISA DIRENCANAKAN | #MINDPLUS EPS.11","comment","MVuvPzJNnjk","0"
"@hashtagshabnur","false","UgxfsmN7nEb33Mm_7fp4AaABAg","Setiap malam selalu ada rezeki baru dari PULAU 7 7 7.","139","false","https://youtu.be/MVuvPzJNnjk?si=7jqa11tlcueolw2","16 hours ago","0",,"RAHASIA SUKSES YANG BISA DIRENCANAKAN | #MINDPLUS EPS.11","comment","MVuvPzJNnjk","0"
"@hashtagshabnur","false","Ugyi6wRUcn7XYjpBwit4AaABAg","Gak ngerti lagi kenapa selalu hoki di𝓟𝓤𝓛𝓐𝓤777. ❤️","139","false","https://youtu.be/MVuvPzJNnjk?si=7jqa11tlcueolw2","16 hours ago","0",,"RAHASIA SUKSES YANG BISA DIRENCANAKAN | #MINDPLUS EPS.11","comment","MVuvPzJNnjk","0"
"@MartaYulia-m4r","false","UgxiwYhTFG7SI13GVpB4AaABAg.AY93xDnr8qaAY94B9LGSjL","Saya juga kerja sama orang dr lulus SMA sampai sekarang walaupun sudah ada usaha sndri","3865","false","https://www.youtube.com/watch?v=eOwtRnJemrg","3 weeks ago","0","UgxiwYhTFG7SI13GVpB4AaABAg","Baru Lulus Udah Pengen Buka Bisnis?","reply","eOwtRnJemrg","0"
"@IsratJahan-p2d4s","false","Ugw5wKvV4chfWv48-jV4AaABAg","Hasilnya gak main-main, ＰＵＬＡ𝙪777emang gacor abis!","139","false","https://youtu.be/MVuvPzJNnjk?si=7jqa11tlcueolw2","16 hours ago","0",,"RAHASIA SUKSES YANG BISA DIRENCANAKAN | #MINDPLUS EPS.11","comment","MVuvPzJNnjk","0"
"@IsratJahan-p2d4s","false","UgyG6G5TDw6c64TzRYB4AaABAg","Baru aja dapet MAXWIN sore ini, makasih𝙋𝙐𝙇𝘼𝙪777.","139","false","https://youtu.be/MVuvPzJNnjk?si=7jqa11tlcueolw2","16 hours ago","0",,"RAHASIA SUKSES YANG BISA DIRENCANAKAN | #MINDPLUS EPS.11","comment","MVuvPzJNnjk","0"
"@IsratJahan-p2d4s","false","UgziKFeUZWYVxwk6mrR4AaABAg","Tiap login selalu ada kejutan dari P͟U͟L͟A͟U͟777❤️","139","false","https://youtu.be/MVuvPzJNnjk?si=7jqa11tlcueolw2","16 hours ago","0",,"RAHASIA SUKSES YANG BISA DIRENCANAKAN | #MINDPLUS EPS.11","comment","MVuvPzJNnjk","0"
"@MdAlamin.m-p5m1t","false","UgwRtlGEtdSIBaMcZ8V4AaABAg","Sore ini aku masih gak nyangka bisa menang di𝓟𝓤𝓛𝓐𝓤777.","139","false","https://youtu.be/MVuvPzJNnjk?si=7jqa11tlcueolw2","16 hours ago","0",,"RAHASIA SUKSES YANG BISA DIRENCANAKAN | #MINDPLUS EPS.11","comment","MVuvPzJNnjk","0"
"@MdAlamin.m-p5m1t","false","Ugwh2Z0-dALNPwjyM-N4AaABAg","Dari iseng malah jadi JP besar di PULAU 7 7 7, mantap banget.","139","false","https://youtu.be/MVuvPzJNnjk?si=7jqa11tlcueolw2","17 hours ago","0",,"RAHASIA SUKSES YANG BISA DIRENCANAKAN | #MINDPLUS EPS.11","comment","MVuvPzJNnjk","0"
"@BuzzBangla_001","false","Ugz13G3SU4GxKceMEYJ4AaABAg","❤❤y","139","false","https://youtu.be/MVuvPzJNnjk?si=7jqa11tlcueolw2","17 hours ago","0",,"RAHASIA SUKSES YANG BISA DIRENCANAKAN | #MINDPLUS EPS.11","comment","MVuvPzJNnjk","0"
"@BuzzBangla_001","false","UgwUpR9fjOT_-nNNKeh4AaABAg","223rd","139","false","https://youtu.be/MVuvPzJNnjk?si=7jqa11tlcueolw2","17 hours ago","0",,"RAHASIA SUKSES YANG BISA DIRENCANAKAN | #MINDPLUS EPS.11","comment","MVuvPzJNnjk","0"
"@BuzzBangla_001","false","UgxRcAQ6YXcHXDB2DIx4AaABAg","Rt4😂","139","false","https://youtu.be/MVuvPzJNnjk?si=7jqa11tlcueolw2","17 hours ago","0",,"RAHASIA SUKSES YANG BISA DIRENCANAKAN | #MINDPLUS EPS.11","comment","MVuvPzJNnjk","0"
"@MohitGurjar-p4g","false","UgyUS7rROh8XhPkYyDx4AaABAg","Gila sih, ＰＵＬＡ𝙪777beneran kasih rezeki tanpa batas!","139","false","https://youtu.be/MVuvPzJNnjk?si=7jqa11tlcueolw2","17 hours ago","0",,"RAHASIA SUKSES YANG BISA DIRENCANAKAN | #MINDPLUS EPS.11","comment","MVuvPzJNnjk","0"
"@MohitGurjar-p4g","false","UgxdVSq9NmfDWCJ7me54AaABAg","Baru aja login langsung disambut cuan gede dari PU L AU 7 7 7.","139","false","https://youtu.be/MVuvPzJNnjk?si=7jqa11tlcueolw2","17 hours ago","0",,"RAHASIA SUKSES YANG BISA DIRENCANAKAN | #MINDPLUS EPS.11","comment","MVuvPzJNnjk","0"
"@Tanzilislam-h1j5i","false","UgzrHN_U6DErvUilh2B4AaABAg","Terimakasih𝙋𝙐𝙇𝘼𝙪777atas MAXWYN tercepat minggu ini ❤️","139","false","https://youtu.be/MVuvPzJNnjk?si=7jqa11tlcueolw2","17 hours ago","0",,"RAHASIA SUKSES YANG BISA DIRENCANAKAN | #MINDPLUS EPS.11","comment","MVuvPzJNnjk","0"
"@aldianriski2376","false","UgxEvoJ_ZSkoKGi4o4x4AaABAg","Kayanya gw tau tuh politisi yang dekat dengan mainan wkwkwkwkkw untung gk jadi dateng ke tempat lu bang medi, kalo gk di goreng lu kemaren wkwkwk","139","false","https://youtu.be/MVuvPzJNnjk?si=7jqa11tlcueolw2","18 hours ago","0",,"RAHASIA SUKSES YANG BISA DIRENCANAKAN | #MINDPLUS EPS.11","comment","MVuvPzJNnjk","1"
"@zalty_acc","false","UgzEnOnloC4EUHCyGUt4AaABAg","bang Medy waktu serius Aura nya kuat sekaliii","139","false","https://youtu.be/MVuvPzJNnjk?si=7jqa11tlcueolw2","20 hours ago","0",,"RAHASIA SUKSES YANG BISA DIRENCANAKAN | #MINDPLUS EPS.11","comment","MVuvPzJNnjk","1"
"@obitouchiha735-l7y","false","Ugyz-zt0g4tK6j3q-Rl4AaABAg","peminat terbanyakＢＡＮ Ｔ ＥＮ ＧＨ Ｏ ＫＩdi Indonesia❤","139","false","https://youtu.be/MVuvPzJNnjk?si=7jqa11tlcueolw2","20 hours ago","0",,"RAHASIA SUKSES YANG BISA DIRENCANAKAN | #MINDPLUS EPS.11","comment","MVuvPzJNnjk","0"
"@obitouchiha735-l7y","false","UgzsJJyzCNSRHkyhX1B4AaABAg","TerpopulerＢＡＮ Ｔ ＥＮ ＧＨ Ｏ ＫＩ Member baru pasti jepee❤","139","false","https://youtu.be/MVuvPzJNnjk?si=7jqa11tlcueolw2","20 hours ago","0",,"RAHASIA SUKSES YANG BISA DIRENCANAKAN | #MINDPLUS EPS.11","comment","MVuvPzJNnjk","0"
"@obitouchiha735-l7y","false","UgxB0FSLntFzWs97gE94AaABAg","ＢＡＮ Ｔ ＥＮ ＧＨ Ｏ ＫＩ..Member baru pasti jepe❤","139","false","https://youtu.be/MVuvPzJNnjk?si=7jqa11tlcueolw2","20 hours ago","0",,"RAHASIA SUKSES YANG BISA DIRENCANAKAN | #MINDPLUS EPS.11","comment","MVuvPzJNnjk","0"
"@obitouchiha735-l7y","false","UgzXSA_PZR811aPHjb14AaABAg","Coba main modal receh di ＢＡＮ Ｔ ＥＮ ＧＨ Ｏ ＫＩ...ehh malah meledak🤑","139","false","https://youtu.be/MVuvPzJNnjk?si=7jqa11tlcueolw2","20 hours ago","0",,"RAHASIA SUKSES YANG BISA DIRENCANAKAN | #MINDPLUS EPS.11","comment","MVuvPzJNnjk","0"
"@revalalmurshalat6628","false","UgwrDzI0YGCvrshlbRd4AaABAg","🎉🎉","139","false","https://youtu.be/MVuvPzJNnjk?si=7jqa11tlcueolw2","20 hours ago","0",,"RAHASIA SUKSES YANG BISA DIRENCANAKAN | #MINDPLUS EPS.11","comment","MVuvPzJNnjk","0"
"@BuchariMuslim-li7pw","false","UgzlojK0qgwM6QAQHg14AaABAg","Kak Jerome masuk jadi guest star di coc plis 😊","139","false","https://youtu.be/MVuvPzJNnjk?si=7jqa11tlcueolw2","20 hours ago","0",,"RAHASIA SUKSES YANG BISA DIRENCANAKAN | #MINDPLUS EPS.11","comment","MVuvPzJNnjk","0"
"@Md.JisanIslam-s4j","false","Ugz2nm93Xcb-yV17Xl94AaABAg","Terimakasih𝙋𝙐𝙇𝘼𝙪777 udah kasih MAXWIN manis malam ini.","139","false","https://youtu.be/MVuvPzJNnjk?si=7jqa11tlcueolw2","20 hours ago","0",,"RAHASIA SUKSES YANG BISA DIRENCANAKAN | #MINDPLUS EPS.11","comment","MVuvPzJNnjk","0"
"@ReallAyamWoku","false","UgzAc49LFLyXxjYkJbh4AaABAg","2:36 Cause i'm Broke🥀","3865","false","https://www.youtube.com/watch?v=eOwtRnJemrg","1 month ago","0",,"Baru Lulus Udah Pengen Buka Bisnis?","comment","eOwtRnJemrg","1"
"@IyaZ-b3v","false","UgzmDmtHxdgX086VAzl4AaABAg","disclaimer: yang males baca ga usah baca, kalo mau kasih kritik saran buat aku makasih bgtt <3

ini jawaban buat pertanyaan dr. Tirta yang pertama dan mungkin bakal lanjut ke mana gataw aku 😭

Aku pengen sukses karna pengen jadi orang yang bisa beli hal hal yang aku pengen sendiri, bisa menyenangkan hati  orang tua, bisa memberi kehidupan yang lebih baik buat anakku nanti, dan bisa membantu orang yang susah. 
Aku tau aku masih sekolah, tapi aku juga tau sekolah itu penting (ga kayak orgil yang ngomong ""sekolah itu bullshit""). Aku masih pengen sekolah dan aku juga mau sukses di sekolah. maksud dari sukses ku disini adalah bisa menjadi murid yang baik dan  sekompeten yang aku bisa. 

Aku liat video ini karna aku mau nyicil belajar buat masa depan ku nanti pas mau berbisnis dan nambah pengalaman, bukan buat sekarang karna aku tau, sewajarnya anak yang masih sekolah, aku bakal sekolah dengan sebaik yang aku bisa. 
Makasih dr. Tirta, aku belajar banyak sama you <3 😘","3865","false","https://www.youtube.com/watch?v=eOwtRnJemrg","1 month ago","0",,"Baru Lulus Udah Pengen Buka Bisnis?","comment","eOwtRnJemrg","0"
"@Lek_ZEN","false","UgzgRGnrIe0ARWFIiI94AaABAg","Aq buka usaha karena sudah jenuh dan mikir besok kalo sudah gak bisa kerja dengan tenaga bagaimanan","3865","false","https://www.youtube.com/watch?v=eOwtRnJemrg","1 month ago","0",,"Baru Lulus Udah Pengen Buka Bisnis?","comment","eOwtRnJemrg","0"
"@xmtrading-j9z","false","UgyTekdsmg33OWngF814AaABAg","makasih🥰","3865","false","https://www.youtube.com/watch?v=eOwtRnJemrg","1 month ago","0",,"Baru Lulus Udah Pengen Buka Bisnis?","comment","eOwtRnJemrg","0"
"@zulkarnaenalamsyah9993","false","UgxD1enNdGdSpg37w0R4AaABAg","Its nice...wajib tonton ulang ni 👍👍👍","3865","false","https://www.youtube.com/watch?v=eOwtRnJemrg","1 month ago","0",,"Baru Lulus Udah Pengen Buka Bisnis?","comment","eOwtRnJemrg","0"
"@juwantv8094","false","UgxcNWBnoJMvBh5qEgN4AaABAg","Orang nganggur waktu lebih banyak,yang jadi tujuan puncak orang kaya adalah menjadi seperti orang pengangguran...ibarat orang desa dan orang kota ,orang kaya butuh suasana desa yang sejuk alami,membeli hasil panen dari desa karena orang kota hanya punya duit tidak punya barang yang ada di desa berbanding terbalik dengan orang desa menginginkan kota yang tidak ada di desa,menukar  hasil panen dengan duit..","3865","false","https://www.youtube.com/watch?v=eOwtRnJemrg","1 month ago","0",,"Baru Lulus Udah Pengen Buka Bisnis?","comment","eOwtRnJemrg","0"
"@IsanTegar-y9l","false","UgxjFxQ5bfBMw6pBvTx4AaABAg","Alasan saya memulai usaha untuk meningkatkan penghasilan di usia saya yang masih 18 tahun. saya mencari jalan tercepat untuk menggapai impian saya dengan menaikan penghasilan dan mengantisipasi adanya kehilangan pekerjaan tetap yang berarti kehilangan pemasokan utama.
Dan saya ingin membuat kedua orang tua saya bangga karena masih ada seorang putra yang bisa sukses karena mendengarkan mereka berdua... Dan tidak hanya bersedih karena sikap anak-anaknya yang lain.","3865","false","https://www.youtube.com/watch?v=eOwtRnJemrg","1 month ago","0",,"Baru Lulus Udah Pengen Buka Bisnis?","comment","eOwtRnJemrg","0"
"@nugrahaaja5128","false","Ugzu-Kv5M6UNMC3hi8h4AaABAg","Menurut saya bebas finansial itu, saya bisa temuin anak saya tanpa mikirin persentase duit yang saya keluarin, karena saya kerja jauh dari anak","3865","false","https://www.youtube.com/watch?v=eOwtRnJemrg","1 month ago","0",,"Baru Lulus Udah Pengen Buka Bisnis?","comment","eOwtRnJemrg","0"
"@nildln8141","false","UgxaCp_aKLBEoCJdJkV4AaABAg","Aku mau jadi pengusaha supaya bisa bermanfaat untuk orang lain dan jadi orang yang fardhuain. Minta doanya kawan Kwan 🙏","3865","false","https://www.youtube.com/watch?v=eOwtRnJemrg","1 month ago","0",,"Baru Lulus Udah Pengen Buka Bisnis?","comment","eOwtRnJemrg","0"
"@zidanpriatama8169","false","UgwiocoNbOtyZWmoPih4AaABAg","OKE PAK SAYA SUDAH KERJA","3865","false","https://www.youtube.com/watch?v=eOwtRnJemrg","1 month ago","0",,"Baru Lulus Udah Pengen Buka Bisnis?","comment","eOwtRnJemrg","0"
"@Lumpur-L4pind0","false","UgzLGLjk4Pib7cF2Sx14AaABAg","Dari Jakarta ✈️ channel yang sangat berguna ✅ channel yang sangat ditunggu tunggu upLoadnya ✈️🤙🚀✈️","3865","false","https://www.youtube.com/watch?v=eOwtRnJemrg","1 month ago","0",,"Baru Lulus Udah Pengen Buka Bisnis?","comment","eOwtRnJemrg","1"
"@nunggunaryono1704","false","UgzArH7AX2DA1uiSbx54AaABAg","sama dengan hidup tak semudah cocote mario teguh","3865","false","https://www.youtube.com/watch?v=eOwtRnJemrg","1 month ago","0",,"Baru Lulus Udah Pengen Buka Bisnis?","comment","eOwtRnJemrg","0"
"@taufiqhidayat2070","false","Ugz12SnBDHiFfN5TxZd4AaABAg","25:15","3865","false","https://www.youtube.com/watch?v=eOwtRnJemrg","1 month ago","0",,"Baru Lulus Udah Pengen Buka Bisnis?","comment","eOwtRnJemrg","1"
"@AangChunaivi","false","UgxPxtnK63LzkafuekN4AaABAg","Kalo mau usaha, Pahami produk lu apa, target pasarnya lu dimana, harga pantasnya lu berapa, liat harga internya berapa, cari sampingan buat perluas pasar lu, dan di akhir tujuan lu apa, sisanya doa sama usaha lebih (sampai di mana gua kerja 15 - 16 jam tidur cuma 5-6 jam) 
Dari semua jatuh bangun, yang gua pelajari cuma ini, hingga sampe di titik ini ..
Gua bukan orang ber privilege, tahun 2016 rumah gua di gusur karena di bangun di pinggir kali Ciliwung motor pun cuma punya supra butut warisan bokap ..","3865","false","https://www.youtube.com/watch?v=eOwtRnJemrg","1 month ago","0",,"Baru Lulus Udah Pengen Buka Bisnis?","comment","eOwtRnJemrg","0"
"@KututLowoijo","false","Ugx67i8IrptYA-Hn4tp4AaABAg","Iki YouTube channel e #drtirta sing beneran that???","3865","false","https://www.youtube.com/watch?v=eOwtRnJemrg","1 month ago","0",,"Baru Lulus Udah Pengen Buka Bisnis?","comment","eOwtRnJemrg","0"
"@bela_bernum","false","UgzalU1SC_GrTupsK-x4AaABAg","Seneng bgt konten dr. Tirta yg begini ini","3865","false","https://www.youtube.com/watch?v=eOwtRnJemrg","1 month ago","0",,"Baru Lulus Udah Pengen Buka Bisnis?","comment","eOwtRnJemrg","0"
"@Aliyahcomell","false","UgzYWTfFTizeVKMeiVp4AaABAg","TERIMAKASIH DOKTER TIRTA❤","3865","false","https://www.youtube.com/watch?v=eOwtRnJemrg","1 month ago","0",,"Baru Lulus Udah Pengen Buka Bisnis?","comment","eOwtRnJemrg","0"
"@aimusiclab_off","false","UgzRQPxPcbmAYDW-OyV4AaABAg","Soft spoken banget dok, makasih yaa","3865","false","https://www.youtube.com/watch?v=eOwtRnJemrg","1 month ago","0",,"Baru Lulus Udah Pengen Buka Bisnis?","comment","eOwtRnJemrg","0"
"@sehatsantaii","false","UgxSYVtqtn6b5bQHhwd4AaABAg","Pengpengpeng","3865","false","https://www.youtube.com/watch?v=eOwtRnJemrg","1 month ago","0",,"Baru Lulus Udah Pengen Buka Bisnis?","comment","eOwtRnJemrg","0"
"@mamifahma4239","false","Ugz2K8ScF8xWZ7T12i54AaABAg","DOKTERRRRRR AYO BAHAS LAW OF ATTRACTION SECARA REALISTISSSSS","3865","false","https://www.youtube.com/watch?v=eOwtRnJemrg","1 month ago (edited)","0",,"Baru Lulus Udah Pengen Buka Bisnis?","comment","eOwtRnJemrg","0"
"@Md.JisanIslam-s4j","false","UgxG_i-VcIb44aL9Zel4AaABAg","Rezeki ngalir tanpa henti dari PU L AU 7 7 7 ❤️","139","false","https://youtu.be/MVuvPzJNnjk?si=7jqa11tlcueolw2","20 hours ago","0",,"RAHASIA SUKSES YANG BISA DIRENCANAKAN | #MINDPLUS EPS.11","comment","MVuvPzJNnjk","0"
"@Md.JisanIslam-s4j","false","UgzTTn4DC_P1DFkLfGt4AaABAg","Setiap hari selalu dikasih kejutan manis samaＰＵＬＡ𝙪777.","139","false","https://youtu.be/MVuvPzJNnjk?si=7jqa11tlcueolw2","20 hours ago","0",,"RAHASIA SUKSES YANG BISA DIRENCANAKAN | #MINDPLUS EPS.11","comment","MVuvPzJNnjk","0"
"@Md.JisanIslam-s4j","false","Ugy9zTSMY3V8yn4vBSJ4AaABAg","Cuan harian aman terus berkat𝓟𝓤𝓛𝓐𝓤777 ❤️","139","false","https://youtu.be/MVuvPzJNnjk?si=7jqa11tlcueolw2","20 hours ago","0",,"RAHASIA SUKSES YANG BISA DIRENCANAKAN | #MINDPLUS EPS.11","comment","MVuvPzJNnjk","0"
"@Md.JisanIslam-s4j","false","UgxaqDQiySK3eKIrOyF4AaABAg","P͟U͟L͟A͟U͟777selalu jadi tempat pulang buat cari rezeki.","139","false","https://youtu.be/MVuvPzJNnjk?si=7jqa11tlcueolw2","20 hours ago","0",,"RAHASIA SUKSES YANG BISA DIRENCANAKAN | #MINDPLUS EPS.11","comment","MVuvPzJNnjk","0"
"@Md.JisanIslam-s4j","false","Ugwbozl22JJ3iYni1Tt4AaABAg","Rezeki datang terus tanpa henti dari𝙋𝙐𝙇𝘼𝙪777.","139","false","https://youtu.be/MVuvPzJNnjk?si=7jqa11tlcueolw2","20 hours ago","0",,"RAHASIA SUKSES YANG BISA DIRENCANAKAN | #MINDPLUS EPS.11","comment","MVuvPzJNnjk","0"
"@Md.JisanIslam-s4j","false","UgwiHVcV-lj9enrjpe14AaABAg","Dari iseng malah dapet MAXWIN lagi di PU LA U777 ❤️","139","false","https://youtu.be/MVuvPzJNnjk?si=7jqa11tlcueolw2","20 hours ago","0",,"RAHASIA SUKSES YANG BISA DIRENCANAKAN | #MINDPLUS EPS.11","comment","MVuvPzJNnjk","0"
"@Md.JisanIslam-s4j","false","UgxV6C-Pxb-9MHBdOlp4AaABAg","𝓟𝓤𝓛𝓐𝓤777emang rumahnya cuan sejati.","139","false","https://youtu.be/MVuvPzJNnjk?si=7jqa11tlcueolw2","20 hours ago","0",,"RAHASIA SUKSES YANG BISA DIRENCANAKAN | #MINDPLUS EPS.11","comment","MVuvPzJNnjk","0"
"@Md.JisanIslam-s4j","false","UgxXGZM__qyBs0pDl7B4AaABAg","Gak nyesel udah percaya sama P͟U͟L͟A͟U͟777.","139","false","https://youtu.be/MVuvPzJNnjk?si=7jqa11tlcueolw2","21 hours ago","0",,"RAHASIA SUKSES YANG BISA DIRENCANAKAN | #MINDPLUS EPS.11","comment","MVuvPzJNnjk","0"
"@Md.JisanIslam-s4j","false","UgxgvV6Jnc_VRSeSkpd4AaABAg","Dari JP kecil sampai gede semua aku dapet dari𝙋𝙐𝙇𝘼𝙪777. ❤️","139","false","https://youtu.be/MVuvPzJNnjk?si=7jqa11tlcueolw2","21 hours ago","0",,"RAHASIA SUKSES YANG BISA DIRENCANAKAN | #MINDPLUS EPS.11","comment","MVuvPzJNnjk","0"
"@Md.JisanIslam-s4j","false","UgzLiXDre9jibC7xMqB4AaABAg","PU LA U777emang gak pernah zonk, hasilnya selalu nyata.","139","false","https://youtu.be/MVuvPzJNnjk?si=7jqa11tlcueolw2","21 hours ago","0",,"RAHASIA SUKSES YANG BISA DIRENCANAKAN | #MINDPLUS EPS.11","comment","MVuvPzJNnjk","0"
"@Md.JisanIslam-s4j","false","Ugx0S7GmoJNuREX2Swx4AaABAg","Bener-bener hoki parah diＰＵＬＡ𝙪777hari ini ❤️","139","false","https://youtu.be/MVuvPzJNnjk?si=7jqa11tlcueolw2","21 hours ago","0",,"RAHASIA SUKSES YANG BISA DIRENCANAKAN | #MINDPLUS EPS.11","comment","MVuvPzJNnjk","0"
"@khadafii8155","false","UgxugGEGZXXeGh6EiAd4AaABAg","judol hama","139","false","https://youtu.be/MVuvPzJNnjk?si=7jqa11tlcueolw2","21 hours ago","0",,"RAHASIA SUKSES YANG BISA DIRENCANAKAN | #MINDPLUS EPS.11","comment","MVuvPzJNnjk","1"
"@MizanurRahman-bm1bm","false","UgyPMn9krNHtH54W3ut4AaABAg","PULAU777atas hoki malam ini, makasih banget ❤️","139","false","https://youtu.be/MVuvPzJNnjk?si=7jqa11tlcueolw2","22 hours ago","0",,"RAHASIA SUKSES YANG BISA DIRENCANAKAN | #MINDPLUS EPS.11","comment","MVuvPzJNnjk","0"
"@irdinamarsyanazifaofc","false","Ugx3R8e7tvluuR3JtWl4AaABAg","Udah tayang @nihongomantappu","139","false","https://youtu.be/MVuvPzJNnjk?si=7jqa11tlcueolw2","22 hours ago","0",,"RAHASIA SUKSES YANG BISA DIRENCANAKAN | #MINDPLUS EPS.11","comment","MVuvPzJNnjk","0"
"@AdibJaman-u4d","false","Ugy9Jak-5NOMd-mAo0x4AaABAg","❤","139","false","https://youtu.be/MVuvPzJNnjk?si=7jqa11tlcueolw2","22 hours ago","0",,"RAHASIA SUKSES YANG BISA DIRENCANAKAN | #MINDPLUS EPS.11","comment","MVuvPzJNnjk","0"
"@mdmobarakhossain1062","false","Ugzc7uzKr61lHFQLXHN4AaABAg","Tadi pagi iseng login ke PU LA U777, hasilnya luar biasa.","139","false","https://youtu.be/MVuvPzJNnjk?si=7jqa11tlcueolw2","22 hours ago","0",,"RAHASIA SUKSES YANG BISA DIRENCANAKAN | #MINDPLUS EPS.11","comment","MVuvPzJNnjk","0"
"@mdmobarakhossain1062","false","Ugz8lCfGFCD4ejkLe2d4AaABAg","Terimakasih𝙋𝙐𝙇𝘼𝙪777 udah bantu aku nutup bulan dengan cuan ❤️","139","false","https://youtu.be/MVuvPzJNnjk?si=7jqa11tlcueolw2","22 hours ago","0",,"RAHASIA SUKSES YANG BISA DIRENCANAKAN | #MINDPLUS EPS.11","comment","MVuvPzJNnjk","0"
"@mdmobarakhossain1062","false","Ugx7l3HsrLNeNQgmdNJ4AaABAg","Cuma di PUL AU777bisa ngerasain MAXWYN beruntun!","139","false","https://youtu.be/MVuvPzJNnjk?si=7jqa11tlcueolw2","22 hours ago","0",,"RAHASIA SUKSES YANG BISA DIRENCANAKAN | #MINDPLUS EPS.11","comment","MVuvPzJNnjk","0"
"@mdmobarakhossain1062","false","UgxGXw3UVzaWxjaTJM14AaABAg","Setiap malam selalu ada rezeki baru dari PULAU 7 7 7.","139","false","https://youtu.be/MVuvPzJNnjk?si=7jqa11tlcueolw2","22 hours ago","0",,"RAHASIA SUKSES YANG BISA DIRENCANAKAN | #MINDPLUS EPS.11","comment","MVuvPzJNnjk","1"
"@mdmobarakhossain1062","false","UgyJfg4_-E8g17EIOJZ4AaABAg","Gak ngerti lagi kenapa selalu hoki di𝓟𝓤𝓛𝓐𝓤777. ❤️","139","false","https://youtu.be/MVuvPzJNnjk?si=7jqa11tlcueolw2","22 hours ago","0",,"RAHASIA SUKSES YANG BISA DIRENCANAKAN | #MINDPLUS EPS.11","comment","MVuvPzJNnjk","40"
"@mamifahma4239","false","UgwSaxXWq5UzYdchwzh4AaABAg","""DOUBLE PROFESI IS THE BEST, KERJA 9 TO 5 TAPI PUNYA BISNIS"" NOTEDDDDDDDDDD!!!!","3865","false","https://www.youtube.com/watch?v=eOwtRnJemrg","1 month ago","0",,"Baru Lulus Udah Pengen Buka Bisnis?","comment","eOwtRnJemrg","0"
"@mamifahma4239","false","Ugxfubx7BQADNqA8ZVt4AaABAg","BERJUANG DARI NOL NDASMU -dr. Tirta","3865","false","https://www.youtube.com/watch?v=eOwtRnJemrg","1 month ago (edited)","0",,"Baru Lulus Udah Pengen Buka Bisnis?","comment","eOwtRnJemrg","0"
"@mamifahma4239","false","Ugx9KF9OK3n2168PrQp4AaABAg","Nah motivasi tu begini, realistis, ada solusi, menghargai keadaan orang lain yang berbeda, BUKAN JUDGING DOANG KAYAK SI BITCOIN ITUUUUUUUUUUUUU. LOVE DR TIRTAAAAAAAAAAA","3865","false","https://www.youtube.com/watch?v=eOwtRnJemrg","1 month ago","0",,"Baru Lulus Udah Pengen Buka Bisnis?","comment","eOwtRnJemrg","0"
"@mamifahma4239","false","UgwdksQbi_glFijXRK14AaABAg","INI HARUS DITONTON SEMUA ANAK MUDA DI INDONESIA!","3865","false","https://www.youtube.com/watch?v=eOwtRnJemrg","1 month ago","0",,"Baru Lulus Udah Pengen Buka Bisnis?","comment","eOwtRnJemrg","2"
"@brossignature","false","UgyI8pBJpgAWp4TGxMB4AaABAg","jika saya merasakan sensasi tidak bermanfaat atau tidak menumbuhkan pribadi saya itu langkah untuk keluar gimana dok?","3865","false","https://www.youtube.com/watch?v=eOwtRnJemrg","1 month ago","0",,"Baru Lulus Udah Pengen Buka Bisnis?","comment","eOwtRnJemrg","0"
"@nakor1608","false","UgzOMSXeOxVjn0nPzGh4AaABAg","Saya tidaknya 3

Awal kerja mungkin hoki dpt kerjaan 2 perusahaan. Dan saat itu lagi zaman startup tech. Tapi gobloknya saya gak ada literasi keuangan ancur semua kalo mungkin ada literasi financial 3 tahun dah kekumpul 500jt.

Skg gaji 4jt, gas youtube juga dengan niche tertentu masih naik turun gila2an. Tapi ini saya masih perjuangin karena  buay dptin 3jt ajah hanya butuh 3 - 4 video dengan view minim avg 10k views dah bisa belasan juta.

Disini saya cuman ingin bisa bertahan dulu kasih makan istri dan anak. Ketika youtube lancar saya akan ketat sama keuangan saya. Karena pengalaman keuangan saya dlu ancur pdahal gaji gede","3865","false","https://www.youtube.com/watch?v=eOwtRnJemrg","1 month ago","0",,"Baru Lulus Udah Pengen Buka Bisnis?","comment","eOwtRnJemrg","0"
"@andradautami1581","false","UgwEVzyzcvsmoy6JKol4AaABAg","Keren dok... Makasih banget 😊😊 ini yg ingin saya sampaikan ke anak2ku.. Biar gak game aja yg dipikirin","3865","false","https://www.youtube.com/watch?v=eOwtRnJemrg","1 month ago","0",,"Baru Lulus Udah Pengen Buka Bisnis?","comment","eOwtRnJemrg","0"
"@nindyasilva9534","false","UgwIzvxu3mwu8gk-YIR4AaABAg","Thx dok","3865","false","https://www.youtube.com/watch?v=eOwtRnJemrg","1 month ago","0",,"Baru Lulus Udah Pengen Buka Bisnis?","comment","eOwtRnJemrg","0"
"@armianingsih737","false","UgxrmbDTmpwehlFqH914AaABAg","kerennnnn abiizzzzz","3865","false","https://www.youtube.com/watch?v=eOwtRnJemrg","1 month ago","0",,"Baru Lulus Udah Pengen Buka Bisnis?","comment","eOwtRnJemrg","0"
"@wsdxcvbnmk89","false","Ugy17STI37vKHNa4B0Z4AaABAg","alasan pengen buka bisnis karena saya gasuka kerja sama orang, jadi bawahan orang, saya mau merdeka. kalo saya udah bisa bangun bisnis sampe hire orang, saya bakalan jadi atasan yang seadil-adilnya karena saya tau rasanya diperlakukan tidak adil. bukan karena ingin kaya raya atau haus validasi, namun ingin bisa makan dan beli kebutuhan setiap hari tanpa harus manut dan direndahin atasan.","3865","false","https://www.youtube.com/watch?v=eOwtRnJemrg","1 month ago (edited)","0",,"Baru Lulus Udah Pengen Buka Bisnis?","comment","eOwtRnJemrg","0"
"@joyspolaroid","false","UgzZHMmwOqwLjwztFaR4AaABAg","sumpeh ini lagi pegel2 apa perli lari ya?","3865","false","https://www.youtube.com/watch?v=eOwtRnJemrg","1 month ago","0",,"Baru Lulus Udah Pengen Buka Bisnis?","comment","eOwtRnJemrg","0"
"@joyspolaroid","false","UgxSoCKEGnJgNjyfY754AaABAg","aku ip 3.12 pantess mumedht wkwk","3865","false","https://www.youtube.com/watch?v=eOwtRnJemrg","1 month ago","0",,"Baru Lulus Udah Pengen Buka Bisnis?","comment","eOwtRnJemrg","0"
"@Franciscus.Samuel","false","UgxhH2fmAf6QBIcAAe54AaABAg","6:58","3865","false","https://www.youtube.com/watch?v=eOwtRnJemrg","1 month ago","0",,"Baru Lulus Udah Pengen Buka Bisnis?","comment","eOwtRnJemrg","0"
"@garethardh6855","false","Ugz2wdBEzS97vzQNArl4AaABAg","Passion, bos! Saya senang rumitnya keadaan ketika negosiasi","3865","false","https://www.youtube.com/watch?v=eOwtRnJemrg","1 month ago","0",,"Baru Lulus Udah Pengen Buka Bisnis?","comment","eOwtRnJemrg","0"
"@YogiQomara","false","UgwvbW14vztSNpDz1eh4AaABAg","Sorry bos, klub kita berbeda, klub saya tiap tahun juara 😂😂","3865","false","https://www.youtube.com/watch?v=eOwtRnJemrg","1 month ago","0",,"Baru Lulus Udah Pengen Buka Bisnis?","comment","eOwtRnJemrg","0"
"@AIRDROPCRAS","false","UgxHvfnsONf4PR8kJKd4AaABAg","Jawaban gua simpel membuka lapangan pekerjaan di kampung sendiri. Karna saya percaya rezeki yang masuk ke kita ada rezeki orang lain juga","3865","false","https://www.youtube.com/watch?v=eOwtRnJemrg","1 month ago","0",,"Baru Lulus Udah Pengen Buka Bisnis?","comment","eOwtRnJemrg","1"
"@ArsadIrsad-c4j5l","false","UgzOuPAGa4Nn2-ZWB8t4AaABAg","Koplok2😂 kenapa gak dari dulu ketemu cenel ini....at suka anda❤","3865","false","https://www.youtube.com/watch?v=eOwtRnJemrg","1 month ago","0",,"Baru Lulus Udah Pengen Buka Bisnis?","comment","eOwtRnJemrg","0"
"@ArsadIrsad-c4j5l","false","Ugx1PYYfVpkiZqXT1mt4AaABAg","Gacor pisan bro...😂","3865","false","https://www.youtube.com/watch?v=eOwtRnJemrg","1 month ago","0",,"Baru Lulus Udah Pengen Buka Bisnis?","comment","eOwtRnJemrg","0"
"@kelinciputih8045","false","UgzzR76GY-nGsiCmnmV4AaABAg","Dok aku sedari tamat SMK langsung kerja, karena ortu gak ada biayain buat kuliah, ortu suruh aku kuliah tapi gak mau keluar duit buat aku kuliah. Di tahun ke 3 saat kerja aku beranikan kuliah, memang di saat itu umur ku sudah 20-an lebih, aku gak ada malu karena terlambat masuk kuliah, aku usahakan kerja sambil kuliah dan aku belajar giat dan rajin masuk alhamdulillah dapat beasiswa dengan nilai tertinggi di angkatan. Saat lulus kuliah aku resign dari kerjaan lama dan di kerjaan yang baru gaji ku 2x lipat lebih besar dari yang lama. Yang aku kesal kan dengan adik ku, ortu ku bela-belain kuliahin adik ku, malah adik ku malas-malasan kuliah dan uang kuliahnya di buat jajan 😢. Dengan alasan otaknya gak nyampe buat belajar, katanya dia gak sepintar aku. Sudah ku jelas kan kalau mau pintar ya belajar, bukan pintar dulu baru belajar.","3865","false","https://www.youtube.com/watch?v=eOwtRnJemrg","1 month ago","0",,"Baru Lulus Udah Pengen Buka Bisnis?","comment","eOwtRnJemrg","0"
"@Anomali-AIV","false","UgxxBLqZ7i5kboBLbt54AaABAg","intinya kerja,kerja,kerja dan kerja cik.","3865","false","https://www.youtube.com/watch?v=eOwtRnJemrg","1 month ago","0",,"Baru Lulus Udah Pengen Buka Bisnis?","comment","eOwtRnJemrg","0"
"@mdmobarakhossain1062","false","Ugw9hvLJNlRMfyFevLt4AaABAg","Hasilnya gak main-main, ＰＵＬＡ𝙪777emang gacor abis!","139","false","https://youtu.be/MVuvPzJNnjk?si=7jqa11tlcueolw2","22 hours ago","0",,"RAHASIA SUKSES YANG BISA DIRENCANAKAN | #MINDPLUS EPS.11","comment","MVuvPzJNnjk","0"
"@mdmobarakhossain1062","false","Ugwd4X1k5c_qeM5BoF54AaABAg","Baru aja dapet MAXWIN sore ini, makasih𝙋𝙐𝙇𝘼𝙪777.","139","false","https://youtu.be/MVuvPzJNnjk?si=7jqa11tlcueolw2","22 hours ago","0",,"RAHASIA SUKSES YANG BISA DIRENCANAKAN | #MINDPLUS EPS.11","comment","MVuvPzJNnjk","0"
"@MdMahfuz-c2j","false","Ugyh0DvtGsdY_hjQXI54AaABAg","Tiap login selalu ada kejutan dari P͟U͟L͟A͟U͟777❤️","139","false","https://youtu.be/MVuvPzJNnjk?si=7jqa11tlcueolw2","22 hours ago","0",,"RAHASIA SUKSES YANG BISA DIRENCANAKAN | #MINDPLUS EPS.11","comment","MVuvPzJNnjk","0"
"@MdMahfuz-c2j","false","UgzfRjhfcSgsvNh2sAp4AaABAg","Cuan ngalir deras lagi dari𝓟𝓤𝓛𝓐𝓤777sampe gak sempet narik.","139","false","https://youtu.be/MVuvPzJNnjk?si=7jqa11tlcueolw2","22 hours ago","0",,"RAHASIA SUKSES YANG BISA DIRENCANAKAN | #MINDPLUS EPS.11","comment","MVuvPzJNnjk","0"
"@abrahamkeenanabdullahfanae9138","false","Ugw6DMc6aW2scHou1tV4AaABAg","30 menit yang lalu semangat terus bang kontent nya dan sehat selalu","139","false","https://youtu.be/MVuvPzJNnjk?si=7jqa11tlcueolw2","22 hours ago","0",,"RAHASIA SUKSES YANG BISA DIRENCANAKAN | #MINDPLUS EPS.11","comment","MVuvPzJNnjk","1"
"@zanzamins9944","false","Ugz0A-gEtJtw0eJcwmR4AaABAg","Pagi ini senyum lebar banget gara-gara𝙋𝙐𝙇𝘼𝙪777.","139","false","https://youtu.be/MVuvPzJNnjk?si=7jqa11tlcueolw2","22 hours ago","0",,"RAHASIA SUKSES YANG BISA DIRENCANAKAN | #MINDPLUS EPS.11","comment","MVuvPzJNnjk","1"
"@waze7718","false","UgyGmCIqV7DrCdCIQV54AaABAg","Komennya judi semua jir-_-","139","false","https://youtu.be/MVuvPzJNnjk?si=7jqa11tlcueolw2","23 hours ago","2",,"RAHASIA SUKSES YANG BISA DIRENCANAKAN | #MINDPLUS EPS.11","comment","MVuvPzJNnjk","9"
"@beyourhani","false","UgyZEHv25IEcQ169WJl4AaABAg","300 penonton pertama🙋🏻‍♀️","139","false","https://youtu.be/MVuvPzJNnjk?si=7jqa11tlcueolw2","23 hours ago","1",,"RAHASIA SUKSES YANG BISA DIRENCANAKAN | #MINDPLUS EPS.11","comment","MVuvPzJNnjk","4"
"@saradowling-y2s","false","UgzCLdUJ2lmorhADGiZ4AaABAg","✨GA 𝐑𝐔𝐃a 𝐇𝐎 Ki 🌟puterannya slay bro Member baru depo 25k dikira ZOONK, puteran trakHIR malah di kasih maxwin 🎉😛","139","false","https://youtu.be/MVuvPzJNnjk?si=7jqa11tlcueolw2","23 hours ago","0",,"RAHASIA SUKSES YANG BISA DIRENCANAKAN | #MINDPLUS EPS.11","comment","MVuvPzJNnjk","0"
"@saradowling-y2s","false","UgyZs830kMAD5D7mclR4AaABAg","situs laen mah ocehannya banyak ga kaya G A R U D A H O K I .. nyata depo kecil aja naek cok","139","false","https://youtu.be/MVuvPzJNnjk?si=7jqa11tlcueolw2","23 hours ago","0",,"RAHASIA SUKSES YANG BISA DIRENCANAKAN | #MINDPLUS EPS.11","comment","MVuvPzJNnjk","0"
"@greenwakefield-q3t","false","Ugw8yXoJwhZDWIepiG54AaABAg","bay G A R U D A H O KI ngasih jepe lagi jir 100k jadi 3jt","139","false","https://youtu.be/MVuvPzJNnjk?si=7jqa11tlcueolw2","23 hours ago","0",,"RAHASIA SUKSES YANG BISA DIRENCANAKAN | #MINDPLUS EPS.11","comment","MVuvPzJNnjk","0"
"@drsavoie","false","Ugwugitp24xXTN8Y4k94AaABAg","eror kali ya  G A R U D A H O K I masa main ber 5,  5 5nya naek semua, auto buka joki win nih gua wkwkwkw","139","false","https://youtu.be/MVuvPzJNnjk?si=7jqa11tlcueolw2","23 hours ago","0",,"RAHASIA SUKSES YANG BISA DIRENCANAKAN | #MINDPLUS EPS.11","comment","MVuvPzJNnjk","0"
"@banyumight7850","false","Ugw6auQXGMSEOPII_c54AaABAg","Halo","139","false","https://youtu.be/MVuvPzJNnjk?si=7jqa11tlcueolw2","23 hours ago","0",,"RAHASIA SUKSES YANG BISA DIRENCANAKAN | #MINDPLUS EPS.11","comment","MVuvPzJNnjk","0"
"@Le_nn_yta","false","Ugwn5ubXLlpf0g4GBFx4AaABAg","gercep","139","false","https://youtu.be/MVuvPzJNnjk?si=7jqa11tlcueolw2","23 hours ago","0",,"RAHASIA SUKSES YANG BISA DIRENCANAKAN | #MINDPLUS EPS.11","comment","MVuvPzJNnjk","0"
"@Xyren-z8o","false","Ugyu0bZwXSaCeMO2A7p4AaABAg","kedua","139","false","https://youtu.be/MVuvPzJNnjk?si=7jqa11tlcueolw2","23 hours ago","0",,"RAHASIA SUKSES YANG BISA DIRENCANAKAN | #MINDPLUS EPS.11","comment","MVuvPzJNnjk","0"
"@adityadwip597","false","Ugy9cJHsb9prpQkTGA54AaABAg","Pertama","139","false","https://youtu.be/MVuvPzJNnjk?si=7jqa11tlcueolw2","23 hours ago","0",,"RAHASIA SUKSES YANG BISA DIRENCANAKAN | #MINDPLUS EPS.11","comment","MVuvPzJNnjk","0"
"@SayemMia-q6n","false","UgyZEHv25IEcQ169WJl4AaABAg.AZ7EuoXLs-6AZ9Lg7qbpA1","❤️❤️","139","false","https://youtu.be/MVuvPzJNnjk?si=7jqa11tlcueolw2","3 hours ago","0","UgyZEHv25IEcQ169WJl4AaABAg","RAHASIA SUKSES YANG BISA DIRENCANAKAN | #MINDPLUS EPS.11","reply","MVuvPzJNnjk","0"
"@refoultra","false","UgzM5L8sjiZKSRpBGAF4AaABAg","Ilmu bermanfaat, terima kasih keren :)

mantaf
karir bagus, punya rumah, nah baru nikah.

semangat terus, belajar setiap hari, cerdas logika, baik hati, sehat selalu, bisnis naik, sukses sejahtera, dan keluarga harmonis.
dan lain-lain.","3865","false","https://www.youtube.com/watch?v=eOwtRnJemrg","1 month ago","0",,"Baru Lulus Udah Pengen Buka Bisnis?","comment","eOwtRnJemrg","0"
"@yasirmoo","false","Ugz7g2jZcwmkDJt60cN4AaABAg","Izin saya amalkan dan share ilmunya..","3865","false","https://www.youtube.com/watch?v=eOwtRnJemrg","1 month ago","0",,"Baru Lulus Udah Pengen Buka Bisnis?","comment","eOwtRnJemrg","0"
"@samudracomputer2","false","Ugy56FdZkfZZgoeGZ5p4AaABAg","Meski telat
Trimaksih kuliahnya

TEGASS jelek ya jelek
Nagus ya bagus

JUJUR kata2 nya. 
Tegas nya JOSSSS BANGETT
kayak.didikannorng tua jaman dulu","3865","false","https://www.youtube.com/watch?v=eOwtRnJemrg","1 month ago","0",,"Baru Lulus Udah Pengen Buka Bisnis?","comment","eOwtRnJemrg","0"
"@handoyo6098","false","UgweERExUBCZ_dZkw0p4AaABAg","Dalem bgt kata""nya","3865","false","https://www.youtube.com/watch?v=eOwtRnJemrg","1 month ago","0",,"Baru Lulus Udah Pengen Buka Bisnis?","comment","eOwtRnJemrg","0"
"@leamonik4020","false","UgyC_8W-gw4IRmGEsr54AaABAg","Bagus2 dr tirta.","3865","false","https://www.youtube.com/watch?v=eOwtRnJemrg","1 month ago","0",,"Baru Lulus Udah Pengen Buka Bisnis?","comment","eOwtRnJemrg","0"
"@dinihariyani1118","false","UgyQRphXSK4ZvAqmvM14AaABAg","Motivasi tanpa basa-basi. Sekaligus ngasih tahu realita. Mantap🙌","3865","false","https://www.youtube.com/watch?v=eOwtRnJemrg","1 month ago (edited)","0",,"Baru Lulus Udah Pengen Buka Bisnis?","comment","eOwtRnJemrg","0"
"@sekararumCandrakirana","false","UgykLERNzO4WVTYQU-B4AaABAg","Aku orang yang beruntung dan selalu di keliling hoki","3865","false","https://www.youtube.com/watch?v=eOwtRnJemrg","1 month ago","0",,"Baru Lulus Udah Pengen Buka Bisnis?","comment","eOwtRnJemrg","0"
"@salma-r9z5z","false","Ugy0VMYFGwkQdwwrLLF4AaABAg","mendapatkan uangan yang banyak, lalu hidup di masa tua yang tampa bekerja+bermalas malasam","3865","false","https://www.youtube.com/watch?v=eOwtRnJemrg","1 month ago","0",,"Baru Lulus Udah Pengen Buka Bisnis?","comment","eOwtRnJemrg","0"
"@orangLemahchannel","false","Ugxoh7fT7PGvuDlwSLR4AaABAg","Mau enterpreneur karena terpaksa, melamar kerja belum keterima kerima bos tirta.. gimana iniii?","3865","false","https://www.youtube.com/watch?v=eOwtRnJemrg","1 month ago (edited)","0",,"Baru Lulus Udah Pengen Buka Bisnis?","comment","eOwtRnJemrg","0"
"@labibmuhammadmuin4302","false","Ugy3urvf1-9FoymymR94AaABAg","Meskipun bukan orang ambis, aku respect kali sama ini ❤❤ be wise my friends❤","3865","false","https://www.youtube.com/watch?v=eOwtRnJemrg","1 month ago","0",,"Baru Lulus Udah Pengen Buka Bisnis?","comment","eOwtRnJemrg","0"
"@viole1896","false","UgyS8xeWNgVTKk4-QIt4AaABAg","emang benar sih....bisnis dan karir kerja ga semudah kata kata motivator","3865","false","https://www.youtube.com/watch?v=eOwtRnJemrg","1 month ago","0",,"Baru Lulus Udah Pengen Buka Bisnis?","comment","eOwtRnJemrg","0"
"@azzabimaputraperkasa4018","false","UgxkbxtB2RjBVV4R2v54AaABAg","Baru lulus sekolah, pas SMP pernah jadi OB, skrng kerja mbg+punya usaha jual snack ringan titip ke warung dan sekolah no privilege","3865","false","https://www.youtube.com/watch?v=eOwtRnJemrg","1 month ago","1",,"Baru Lulus Udah Pengen Buka Bisnis?","comment","eOwtRnJemrg","0"
"@kenzikastara9897","false","UgxPZCyJTWUxU6sqIT94AaABAg","Saya mau nikah bukan buka bisnis","3865","false","https://www.youtube.com/watch?v=eOwtRnJemrg","1 month ago","0",,"Baru Lulus Udah Pengen Buka Bisnis?","comment","eOwtRnJemrg","0"
"@NadiaAzzahra-m2r","false","UgyNe8zZarDUFIeMK2R4AaABAg","Gila! Cerdas gue lama2 nontonin Malaka! Makasih bang ferry dan semua pakarnya! Suatu hari nanti gue bakal salaman langsung ke lu semua! Tunggu ya… beberapa tahun lagi. Awas aja lu mati duluan bang Fer! Jangan mati lu sampai gue sukses.
Tunggu ya.. Karena liverpool butuh 30 tahun buat menang sekali, jadi gue mungkin perlu beberapa tahun juga. So count on me ya 🥹","3865","false","https://www.youtube.com/watch?v=eOwtRnJemrg","1 month ago","0",,"Baru Lulus Udah Pengen Buka Bisnis?","comment","eOwtRnJemrg","0"
"@inisumurkembang","false","UgyiVw1L53bvJ7plv6l4AaABAg","i have no privillage at all","3865","false","https://www.youtube.com/watch?v=eOwtRnJemrg","1 month ago","0",,"Baru Lulus Udah Pengen Buka Bisnis?","comment","eOwtRnJemrg","0"
"@BUDIGAMING-fz6vp","false","UgwNyEYplUqL5J-2zmJ4AaABAg","""Ini pasti hobinya push rank"" Damnnnnn","3865","false","https://www.youtube.com/watch?v=eOwtRnJemrg","1 month ago","0",,"Baru Lulus Udah Pengen Buka Bisnis?","comment","eOwtRnJemrg","0"
"@rizkyprasetya8496","false","Ugz-nWK8616dEYauQu94AaABAg","Kelazz king","3865","false","https://www.youtube.com/watch?v=eOwtRnJemrg","1 month ago","0",,"Baru Lulus Udah Pengen Buka Bisnis?","comment","eOwtRnJemrg","0"
"@KayuBakar-l4h","false","Ugxf1nDYg_XwkFfkCX14AaABAg","karna pengen ngarahin ke hal positif aja si kalok kek gtu saya si kalok org lain mana gw tau dokk","3865","false","https://www.youtube.com/watch?v=eOwtRnJemrg","1 month ago","0",,"Baru Lulus Udah Pengen Buka Bisnis?","comment","eOwtRnJemrg","0"
"@michaelevanojunior","false","Ugxy67wrHtABBwv2u6d4AaABAg","Saya freshgrad 2026 awal ini, dengan:
IPK 3.95 (Digital Business Management)
Pengalaman kerja intern research and strategic plan, crypto analyst, asdos 4x, event job
Privillege networking keluarga dan dari lomba-lomba yg saya ikutin karena selama masa kuliah ikut lebih dari 100+ lomba dan menang 20an
Financial belum stable dan masih ada beban yg perlu dipenuhi

Saya memutuskan untuk mencoba kerja MT Multinational company, sekaligus membuat media terlebih dahulu untuk bisnis saya, dan mencoba yg lowrisk dalam hal financial karena deliver jasa (mentoring business competitions)

Thanks, GBU!","3865","false","https://www.youtube.com/watch?v=eOwtRnJemrg","1 month ago","0",,"Baru Lulus Udah Pengen Buka Bisnis?","comment","eOwtRnJemrg","0"
"@fauzifatahillah7980","false","Ugy2W2hcaGUmpF8xG514AaABAg","Gaperna selesai klo bahas sukses emg dok... Napsu ga pernah selesai dg impiannya..","3865","false","https://www.youtube.com/watch?v=eOwtRnJemrg","1 month ago","0",,"Baru Lulus Udah Pengen Buka Bisnis?","comment","eOwtRnJemrg","0"
"@azrielridlo453","false","UgyGmCIqV7DrCdCIQV54AaABAg.AZ7FDqC6UpHAZ8WyVbrocg","Tebak kenapa?","139","false","https://youtu.be/MVuvPzJNnjk?si=7jqa11tlcueolw2","11 hours ago","0","UgyGmCIqV7DrCdCIQV54AaABAg","RAHASIA SUKSES YANG BISA DIRENCANAKAN | #MINDPLUS EPS.11","reply","MVuvPzJNnjk","1"
"@waze7718","false","UgyGmCIqV7DrCdCIQV54AaABAg.AZ7FDqC6UpHAZ90in7E6AA","​ @azrielridlo453 gk tw:)","139","false","https://youtu.be/MVuvPzJNnjk?si=7jqa11tlcueolw2","6 hours ago","0","UgyGmCIqV7DrCdCIQV54AaABAg","RAHASIA SUKSES YANG BISA DIRENCANAKAN | #MINDPLUS EPS.11","reply","MVuvPzJNnjk","0"
"@azzabimaputraperkasa4018","false","UgxkbxtB2RjBVV4R2v54AaABAg.AXH5Gd4tOGyAXH5pLAxkS8","dan ""tidaknya"" Lebih dari 1","3865","false","https://www.youtube.com/watch?v=eOwtRnJemrg","1 month ago","0","UgxkbxtB2RjBVV4R2v54AaABAg","Baru Lulus Udah Pengen Buka Bisnis?","reply","eOwtRnJemrg","0"
"@Fikarblackproject","false","UgxKTldjxBszKZdRKeF4AaABAg","REALISTIS","3865","false","https://www.youtube.com/watch?v=eOwtRnJemrg","1 month ago","0",,"Baru Lulus Udah Pengen Buka Bisnis?","comment","eOwtRnJemrg","0"
"@RahmatPajar-bo5hl","false","UgzJ8oS5mpgQZPLVtfV4AaABAg","Dokter , saya ingin berbisnis supaya Ibu saya tidak usah bekerja lagi di usia nya yg sudh tua. Karena ayah saya sakit","3865","false","https://www.youtube.com/watch?v=eOwtRnJemrg","1 month ago","0",,"Baru Lulus Udah Pengen Buka Bisnis?","comment","eOwtRnJemrg","0"
"@mediapembelajaran12","false","Ugw1vHVIRGcUZgNkYXh4AaABAg","aku mau cepat mapan biar bisa mengejar wanita yang aku cintai","3865","false","https://www.youtube.com/watch?v=eOwtRnJemrg","1 month ago","0",,"Baru Lulus Udah Pengen Buka Bisnis?","comment","eOwtRnJemrg","0"
"@nokianda_071_fbp6","false","Ugzdk_egUADJVnV5Z8p4AaABAg","Alasan ingin jadi pengusaha karena mayoritas loker batas umur maxsimal 25 tahun. Yang umur 26 ke atas mau gamau harus berbisnis","3865","false","https://www.youtube.com/watch?v=eOwtRnJemrg","1 month ago","0",,"Baru Lulus Udah Pengen Buka Bisnis?","comment","eOwtRnJemrg","1"
"@Nerbuzo","false","Ugw34PWU7E041rFD5h14AaABAg","Setelah dipikir2...Kenyataan bukan kejam,tapi tegas","3865","false","https://www.youtube.com/watch?v=eOwtRnJemrg","1 month ago","0",,"Baru Lulus Udah Pengen Buka Bisnis?","comment","eOwtRnJemrg","1"
"@peterrahmani","false","UgwDELJXO-VuEr5mVst4AaABAg","Terimaksih dok, sangat rasional","3865","false","https://www.youtube.com/watch?v=eOwtRnJemrg","1 month ago","0",,"Baru Lulus Udah Pengen Buka Bisnis?","comment","eOwtRnJemrg","0"
"@robbybrillianto007","false","UgxoiuyIbPojVEDSaS14AaABAg","I have no privilege at all","3865","false","https://www.youtube.com/watch?v=eOwtRnJemrg","1 month ago","0",,"Baru Lulus Udah Pengen Buka Bisnis?","comment","eOwtRnJemrg","0"
"@aldifarhanjr","false","UgzeAZbsNYEwaidOqCx4AaABAg","Ndasmu, duuuuaaaarrr!
-dr. Tirta","3865","false","https://www.youtube.com/watch?v=eOwtRnJemrg","1 month ago (edited)","0",,"Baru Lulus Udah Pengen Buka Bisnis?","comment","eOwtRnJemrg","1"
"@ytFishingFun","false","UgxVxOYfX837_4KjBVx4AaABAg","Kita cari Realita,di sini tempat nya Thanks dok konten kali ini","3865","false","https://www.youtube.com/watch?v=eOwtRnJemrg","1 month ago","0",,"Baru Lulus Udah Pengen Buka Bisnis?","comment","eOwtRnJemrg","0"
"@ytFishingFun","false","UgzcSscDlGkZHS6PCr94AaABAg","TABUNGAN shope pay,Privalage Tidak ada,Sekolah paket,Pengalaman kerja 7th di berbagai bidang.","3865","false","https://www.youtube.com/watch?v=eOwtRnJemrg","1 month ago","0",,"Baru Lulus Udah Pengen Buka Bisnis?","comment","eOwtRnJemrg","0"
"@FirmanMaulana-lh1yv","false","Ugwx1yQXguuU42ZS6FN4AaABAg","Dok, coba kasih tutor buat yang masih SMA/SMK atau yg masih semester awal kuliah🙏🏻","3865","false","https://www.youtube.com/watch?v=eOwtRnJemrg","1 month ago","0",,"Baru Lulus Udah Pengen Buka Bisnis?","comment","eOwtRnJemrg","0"
"@AminSunardi-q5w","false","Ugx5TE8JgmDcS8CGYmR4AaABAg","Jangan buru buru jadi kaya, nnti menghalalkan segala cara.","3865","false","https://www.youtube.com/watch?v=eOwtRnJemrg","1 month ago","0",,"Baru Lulus Udah Pengen Buka Bisnis?","comment","eOwtRnJemrg","0"
"@krismondi1673","false","UgwQ2vmgK1jBsHaljzF4AaABAg","otw aiaiu aiaiu uheh","3865","false","https://www.youtube.com/watch?v=eOwtRnJemrg","1 month ago","0",,"Baru Lulus Udah Pengen Buka Bisnis?","comment","eOwtRnJemrg","0"
"@krismondi1673","false","UgwLnoDJscebP6meb7Z4AaABAg","otw kamboja","3865","false","https://www.youtube.com/watch?v=eOwtRnJemrg","1 month ago","0",,"Baru Lulus Udah Pengen Buka Bisnis?","comment","eOwtRnJemrg","0"
"@KentangTerbangTV","false","UgzrI9uUa2E6loZh-n94AaABAg","Kenapa masih percaya luck kenapa ga takdir?","3865","false","https://www.youtube.com/watch?v=eOwtRnJemrg","1 month ago","0",,"Baru Lulus Udah Pengen Buka Bisnis?","comment","eOwtRnJemrg","0"
"@QibiszJdjd","false","Ugy6kvrp6_TzGx9DaUd4AaABAg","saya ingin menjadi kaya agar bisa membantu ekonomi keluarga, dan mendapatkan hidup yang sedikit lebih layak dari sebelumnya","3865","false","https://www.youtube.com/watch?v=eOwtRnJemrg","1 month ago","0",,"Baru Lulus Udah Pengen Buka Bisnis?","comment","eOwtRnJemrg","2"
"@AilenAngkasa","false","UgzHDfctXQDQV857NoB4AaABAg","gini aku ada statmen kalo punya keinginan yang di landasi oleh tuhan, kepercayaan kita masing"", kita ngga berharap, apapun intinya kita berusaha, semua itu ditangan tuhan","3865","false","https://www.youtube.com/watch?v=eOwtRnJemrg","1 month ago","0",,"Baru Lulus Udah Pengen Buka Bisnis?","comment","eOwtRnJemrg","0"
"@Kalengkill_new","false","UgwX8nqA4kOsclVeSqN4AaABAg","Anjeng mimpi mimpi STROKE😭😭","3865","false","https://www.youtube.com/watch?v=eOwtRnJemrg","1 month ago","0",,"Baru Lulus Udah Pengen Buka Bisnis?","comment","eOwtRnJemrg","0"
"@Kalengkill_new","false","Ugx_TCHXC02_vFzzYpR4AaABAg","Saya bukan orang Jawa itula gunanya subtitle bjir hits hard hahahha","3865","false","https://www.youtube.com/watch?v=eOwtRnJemrg","1 month ago","0",,"Baru Lulus Udah Pengen Buka Bisnis?","comment","eOwtRnJemrg","0"
"@FaizSyifa-g9h","false","UgzlnhJQnfS6BTICvxV4AaABAg","kalau minimal ipk bagus itu berapa dok?","3865","false","https://www.youtube.com/watch?v=eOwtRnJemrg","1 month ago","0",,"Baru Lulus Udah Pengen Buka Bisnis?","comment","eOwtRnJemrg","0"
"@hiirokun88","false","UgyP3U60rsIUpJEDpQ94AaABAg","ga gampang cuk setelah kuliah itu kerja, susah cuk cari kerja tuh, mau dah pengalaman kek, mau ga pengalaman pun, sama aja, ntah apa yang dicari sama Perusahaan jaman now ini, posisi staff tapi pengalaman 5 tahun kek apa ya 🤌","3865","false","https://www.youtube.com/watch?v=eOwtRnJemrg","2 months ago","0",,"Baru Lulus Udah Pengen Buka Bisnis?","comment","eOwtRnJemrg","0"
"@m.fairuzhabibullah9379","false","UgzI6stb5Jqj7NWD6NB4AaABAg","pertama kali nonton video motivator sengakak ini, selalu bosen klo liat orng lain yang menyampaikan, knp ini bisa sampe ngaceng (ngakak kenceng)😭😭😭😂😂😂, ilmu dpt, hiburan jg dapet, makasii dokter tirta, bakal ku tunggu konten mu selalu","3865","false","https://www.youtube.com/watch?v=eOwtRnJemrg","2 months ago","0",,"Baru Lulus Udah Pengen Buka Bisnis?","comment","eOwtRnJemrg","0"
"@errorlimited09","false","Ugw7p-Tze-yW2dWOJDR4AaABAg","Saya berbisnis dari kuliah mulai dari modal 300.000 karena dasar dari seneng berkarya aja 😂 takut iya itupun karena keadaan mulai terdesak karna biaya bulanan kuliah mau di stop dari abangku sebagai donatur terbesar di smster 3 awal dan apa, ya aku punya Prevelage hha aku punya Prevelage kawan kawan kos yang support karyaku inget bikin kaos 6 pcs langsung habis di taun 2015 dengan packing seadanya trus mulai pd bikin 12 pcs dan nyoba ngajak tmen join mulai habis, trus tmen brenti join coba main sndri walau berat dan makin termotivasi buat beljar gambar oh iya ak bljar desain pake corel diajarin tmen kosku namnya iqbal dia sekarang kerja di Carvil temen yang selalu buat ak respect ampe skrng lambat laun ak gak nyangka ternyata gambarku mulai bnyak peminatnya dan ya smakin hati semakin laku aku gak pernah terpikir gambarku yang kujadiin kaos bisa laku 😂 mulai bangga tipis"" tapi ya namnya bisnis gak selalu untung pasti ada ruginya ku anggap tapi sebagai seni dalam berbisnis  singkat cerita bisnisku ya cukup berjalan dengan baik singkat cerita 2020 terakhir cukup ku nikmati bisnis clotingku d tengah"" Covid dan ak coba mulai lagi di 2021 karna sudah ad modal lagi coba bermain d konveksi dan alhamdulillah pelan"" Bangkit lagi sampai skrng tidak perlu meroket tapi naik tangga saja 😁 semuanya alhamdulillah cukup dan masih bisa ku sambi sambil mengajar di salah satu sekolah swasta di Semarang dan bisnisku berjalan baik di Jogja 😁 semoga kalian yang mau berbisnis menemukan jalan ninja bisnis yang sesuai dengan hati kalian hehe Terima kasih sudah mau membaca Terima kasih Dokter Tirta oh ya ak pernah ketemu Dokter Tirta di Ambarukmo Plaza Jogja pas dr Tirta masih aktif ngevlog sekali lagi trima kasih inspirasinya dok kalau kalian butuh seragam buat apapun bisa cek yutub saya dan hubungi WA saya semoga saya bisa membantu kebutuhan seragam kalian 😁","3865","false","https://www.youtube.com/watch?v=eOwtRnJemrg","2 months ago","0",,"Baru Lulus Udah Pengen Buka Bisnis?","comment","eOwtRnJemrg","0"
"@dennisdwiprasetyo8859","false","Ugx6Gcj_FvEmR-FHWWN4AaABAg","tidak ada semua dok karena saya ikut bibi saya dan saya mau tidak mau harus mengasih uang ke pada bibi saya walaupun hanya 20% perbulan dan kalo untuk tabungan sudah di sisi kan sekutar 45 sampai 50% sisa nya untuk makan biar gak mati","3865","false","https://www.youtube.com/watch?v=eOwtRnJemrg","2 months ago","0",,"Baru Lulus Udah Pengen Buka Bisnis?","comment","eOwtRnJemrg","0"
"@MuhamadWildan-x5b","false","UgwJXfRxWOYkXW0K0at4AaABAg","1. Mahasiswa semester 6 21 thn punya tabungan 3 digit berupa cash & LM
2. Previllage karna udh berani bangun usaha dari umur 17 thn sampe sekarang 2026","3865","false","https://www.youtube.com/watch?v=eOwtRnJemrg","2 months ago","0",,"Baru Lulus Udah Pengen Buka Bisnis?","comment","eOwtRnJemrg","0"
"@bxjdhsjjhdjhdh","false","UgwT--VDaM6tMhNhKpN4AaABAg","Masih kelas 9 mencoba memahami semoga di masa depan bisa jadi lebih baik","3865","false","https://www.youtube.com/watch?v=eOwtRnJemrg","2 months ago","0",,"Baru Lulus Udah Pengen Buka Bisnis?","comment","eOwtRnJemrg","1"
"@HylmiCraft","false","UgwWVg1uVNF-SHoPg0N4AaABAg","Jangan galak2 bos😂😂","3865","false","https://www.youtube.com/watch?v=eOwtRnJemrg","2 months ago","0",,"Baru Lulus Udah Pengen Buka Bisnis?","comment","eOwtRnJemrg","0"
"@MELIFF-b7x","false","Ugzt1NmSpQNxzGDemTV4AaABAg","Hai semua nya 
Agak lambat,sya jujur bru pertama kali ini nonton vt bg ini maff sebelum nya sya gk tau abg ini jdi pangil abg aja
Perkenalkan sya militia . 
Usia sy bru bgt 14 th. 
Sya sudah punya tabung sekitar 3 jt mau 4 sudh di bank dan saya kan trus menabung sampai kiranya cukup buat model say kedepan nya sya juga punya planing buat kuliah sambil kerja sama orang jdi dpt duit dapat pengalaman dan bisa di pke ketika saaya bnr bnr siap buat buka usaha. 
Kedua orang tua sya cuma berjualan BBM pinggir jln
Mengapa saya ingin berbisnis:
1.ingin menaikan ekonomi keluarga saya. 
Sya mulai merancang ini dari sekarang kerana aku tau jika merancang sudah dewasa prosesnya pasti lambat. Sya sudah menabung dan mencoba beljar marketing bljar mengatur keuangan dari sekarang. 
Mungkin sebagai orang bilang sya terlalu cpt tapi menurut sya setelah saya melihat ekonomi saat ini dan saya melihat seberapa kejamnya ekonomi itu sendiri membuat sya tidak ingin merasakan nya di  
Usai dewasa nnt saya bukan takut tapi tidak ingin ekonomi menghantui saya saat dewasa. Mkasih bgt yg telah meluangkan waktu itu membaca ini mksh bgt. Mohon doa nya supaya semua rencana sya saat ini bisa lancar dan terkabulkan aminn mksh yh doa nyaa🙏🙏semngt semua nyaa 🙏🙏","3865","false","https://www.youtube.com/watch?v=eOwtRnJemrg","2 months ago","0",,"Baru Lulus Udah Pengen Buka Bisnis?","comment","eOwtRnJemrg","0"
"@DizaVu","false","UgypwPHoRsm_Om9pWCJ4AaABAg","❤💯","3865","false","https://www.youtube.com/watch?v=eOwtRnJemrg","2 months ago","0",,"Baru Lulus Udah Pengen Buka Bisnis?","comment","eOwtRnJemrg","0"
"@bobbyyuskar4377","false","Ugw89BswNA7nrhfU1bV4AaABAg","Hua....Ha...Ha..  ❤ My Tremendous MEnToR","3865","false","https://www.youtube.com/watch?v=eOwtRnJemrg","2 months ago","0",,"Baru Lulus Udah Pengen Buka Bisnis?","comment","eOwtRnJemrg","0"
"@kirunpingpong672","false","UgzdRRSAgQ0aKvowkvJ4AaABAg","mantab sekali mas","3865","false","https://www.youtube.com/watch?v=eOwtRnJemrg","2 months ago","0",,"Baru Lulus Udah Pengen Buka Bisnis?","comment","eOwtRnJemrg","0"
"@velevia","false","UgxShaipaeUhba1kueR4AaABAg","Video ini adalah tamparan keras buat kita-kita yang baru lulus. Harus berani jujur sama kondisi finansial dan privilege sendiri daripada cuma ikutan tren. Self-analysis itu wajib banget ternyata","3865","false","https://www.youtube.com/watch?v=eOwtRnJemrg","2 months ago","0",,"Baru Lulus Udah Pengen Buka Bisnis?","comment","eOwtRnJemrg","0"
"@paloy197","false","UgxR2-psZUX1H9eg7bh4AaABAg","Gimana menurut kalian ada kutipan ""Jangan menikah dalam keadaan miskin"" ??","3865","false","https://www.youtube.com/watch?v=eOwtRnJemrg","2 months ago","0",,"Baru Lulus Udah Pengen Buka Bisnis?","comment","eOwtRnJemrg","0"
"@Nita-j2g6s","false","UgzpbWd_1OI2pbXKdgh4AaABAg","Nice dokk....🎉🎉❤❤","3865","false","https://www.youtube.com/watch?v=eOwtRnJemrg","2 months ago","0",,"Baru Lulus Udah Pengen Buka Bisnis?","comment","eOwtRnJemrg","0"
"@gunawanngakak1354","false","UgwtZeFxjSX7f3RGZ5d4AaABAg","Saya lulusan PAKET C.
Anak orang SUSAH ,MELARAT ,latar PENDIDIKAN ortu SMP &  gak punya apa'' (makan saja telur 1 di bagi 4 )"".
Umur 14 tahun SMP saya kerja di warnet sesambi sekolah.
Umur 16 tahun semasa SMK semester 1 saya PATAH KAKI rehat patah kaki 1,5 tahun.
Umur 18 tahun saya kerja kuli ( pegang pacul ) sesambi nge youtube .
Umur 20 tahun saya dapat kerja bagus di proyek sebagai surveyor uang di investasi ke bitcoin .
umur 21 tahun kerja ,bisnis dropsiper & reseller .
umur 22 tahun Resign lanjut bisnis bangkrut , lalu ambil uang investasi bitcoin saya untuk memulai kembali.
umur 23 tahun mulai bisnis vape sampai bisa beli toko allhamdulilah .
umur 26 tahun bisnis percetkan sampai bisa sewa gedung untuk produksi & kantor .
umur 28 tahun ku sekarang 2026 , saya lanjutkan pendidikan yang tertunda dengan mengambil jurusan MENEJEMEN BISNIS ( S1 ) dan dari semua bisnis saya ,saya sekarang bisa memperkerjakan 12 SDM yang lingkungan terdekat saya .

Saya bersyukur sekarang bisa mecukupi keluarga saya dari ibu sampai & 2 adik saya ,allhamdulilah lulus semua dan lanjut kuliah .
Saya memulai ini bukan dari ZERO tapi bener2 minus dan harus bayar hutang orang tua ,ibu saya bercerai ketika saya  SMP kelas 1 .
Hidup saya sekarang sudah cukup untuk soal finansial .
TARGET saya sekarang fokus belajar ,berbisnis ,membangun koneksi dan lanjutkan akademisi sampai S2.
Jadi ini bukan tuntutan tapi bentuk TANGGUNG JAWAB  anak pertama untuk menjadi contoh adik'' saya.
JANGAN MENYERAH kawan untuk para PERINTIS. KEEP FIGHT !!! PENG PENG PENG !!!!!","3865","false","https://www.youtube.com/watch?v=eOwtRnJemrg","2 months ago (edited)","0",,"Baru Lulus Udah Pengen Buka Bisnis?","comment","eOwtRnJemrg","2"
"@alamrayapusat","false","Ugy9XEE7UA7OygSA5uF4AaABAg","Gus Tirta 
Tadinya mau nulis Syekh Tirta, takutnya dibilang sesat.
Terimakasih Gus Tirta, ajaranmu soal realita harus saya telan dengan sukarela. Sekali lagi terimakasih.","3865","false","https://www.youtube.com/watch?v=eOwtRnJemrg","2 months ago","1",,"Baru Lulus Udah Pengen Buka Bisnis?","comment","eOwtRnJemrg","0"
"@FauzanancolAncol","false","UgxRMIOj1xuoxYOgDiR4AaABAg","karna di situ jiwa saya","3865","false","https://www.youtube.com/watch?v=eOwtRnJemrg","2 months ago","0",,"Baru Lulus Udah Pengen Buka Bisnis?","comment","eOwtRnJemrg","0"
"@EriPoncab","false","UgwmlwJHFexWyr9pial4AaABAg","Konci sukses itu penting. Tapi orang suka lupa taroh koncinya dimana....","3865","false","https://www.youtube.com/watch?v=eOwtRnJemrg","2 months ago","0",,"Baru Lulus Udah Pengen Buka Bisnis?","comment","eOwtRnJemrg","0"
"@IkyOcha2005","false","UgwLBZiwaDUH0YQP5mN4AaABAg","sangattt fakta daripada yang lain","3865","false","https://www.youtube.com/watch?v=eOwtRnJemrg","2 months ago","0",,"Baru Lulus Udah Pengen Buka Bisnis?","comment","eOwtRnJemrg","0"
"@netizenuniverse7041","false","Ugx7Nz9Vu-46awtvxCl4AaABAg","Ijin jawab pertanyaan pertama, ini jawaban mungkin bagi orang lain itu ga masuk akal, tapi alasan gw mau jadi pengusaha gw mau setiap jumlah ember yang gw isi air maka segitulah jumlah air dalam ember yang gw ambil.","3865","false","https://www.youtube.com/watch?v=eOwtRnJemrg","2 months ago","0",,"Baru Lulus Udah Pengen Buka Bisnis?","comment","eOwtRnJemrg","0"
"@attasaz","false","Ugy9XEE7UA7OygSA5uF4AaABAg.AWRAqO-QBUSAWr2uvB2fT5","@alamrayapusat bro pnggil aja mas Tirta jngn pke Gus soal ny tkut dia g trima","3865","false","https://www.youtube.com/watch?v=eOwtRnJemrg","1 month ago","0","Ugy9XEE7UA7OygSA5uF4AaABAg","Baru Lulus Udah Pengen Buka Bisnis?","reply","eOwtRnJemrg","0"
"@JDL_thelastlord","false","UgzOVqq44qqCAY5ftS14AaABAg","Menurut saya kalau tidaknya ada 3 atleast punya sikap dan kepribadian yang bagus. Misalnya orangnya jujur, mungkin faktor luck bisa diandalkan. Mungkin bisa beruntung ada orang yang mau bantu mau mempekerjakan.","3865","false","https://www.youtube.com/watch?v=eOwtRnJemrg","2 months ago","0",,"Baru Lulus Udah Pengen Buka Bisnis?","comment","eOwtRnJemrg","0"
"@Renny_ds","false","UgyRx7V2dzGDRypo9Rp4AaABAg","Gak sesuai dgn pengalaman yg sudah saya dari IPK, dari privilege, intinya semua bisa asal kemauannya lebih besar dari mimpinya, nggak usah berkecil hati, menurut saya yg disampaikan dokter tirta kali ini kurang tepat, tapi itu mgkn beliau sampaikan berdasarkan pengalaman beliau, beda orang beda jalan hidup dan beda pengalaman, saya tetap menghargai pendapatnya","3865","false","https://www.youtube.com/watch?v=eOwtRnJemrg","2 months ago","1",,"Baru Lulus Udah Pengen Buka Bisnis?","comment","eOwtRnJemrg","0"
"@ferrydsfn","false","UgyguMiMkDudCPRgbNJ4AaABAg","ada catatan kecil ttp ada yg gapunya itu semua bisa bisnis tapi kerja keras karena mau apalagi tapi hanya sebagian kecil yg bisa 

jadi yg disebutkan dr Tirta namanya realistis 😄","3865","false","https://www.youtube.com/watch?v=eOwtRnJemrg","2 months ago","0",,"Baru Lulus Udah Pengen Buka Bisnis?","comment","eOwtRnJemrg","0"
"@junaidididi9845","false","UgwGIQkhrdwoEIiNpxZ4AaABAg","sekarang ini gak semua orang bisa dapat pekerjaan, faktanya semakin besarnya jumlah pengangguran fresh graduate. Saya pikir walaupun fresh graduate bisa juga langsung menjadi wirausaha, yg penting mempersiapkan diri dengan baik, dan miliki mental yg kuat menjadi pengusaha","3865","false","https://www.youtube.com/watch?v=eOwtRnJemrg","2 months ago","0",,"Baru Lulus Udah Pengen Buka Bisnis?","comment","eOwtRnJemrg","0"
"@sahabatfaiz1922","false","UgyqvDQWmN52Y4kUG8h4AaABAg","I have no privilege at all","3865","false","https://www.youtube.com/watch?v=eOwtRnJemrg","2 months ago","0",,"Baru Lulus Udah Pengen Buka Bisnis?","comment","eOwtRnJemrg","0"
"@andipratama4864","false","Ugy163uScNVtpTPuKJp4AaABAg","Dok, mungkin luck itu bisa di artikan sebagai opportunity juga 🫡","3865","false","https://www.youtube.com/watch?v=eOwtRnJemrg","2 months ago","0",,"Baru Lulus Udah Pengen Buka Bisnis?","comment","eOwtRnJemrg","0"
"@kaizoodelux","false","UgyAMH5V6IAkW8VMjvt4AaABAg","kalau privillage gaada, ipk gaada (ga pernah kuliah tapi pengen) , finansial on proccesed stabil karena lagi kerja udah 1 tahunan, pengen gambling kerja dengan gaji lebih gede di kota besar, bismillah 2027","3865","false","https://www.youtube.com/watch?v=eOwtRnJemrg","2 months ago","0",,"Baru Lulus Udah Pengen Buka Bisnis?","comment","eOwtRnJemrg","0"
"@JumitaRahmi03","false","UgzcrGLmZArlJsZXOfh4AaABAg","reallll","3865","false","https://www.youtube.com/watch?v=eOwtRnJemrg","2 months ago","0",,"Baru Lulus Udah Pengen Buka Bisnis?","comment","eOwtRnJemrg","0"
"@aphelliongaming4579","false","UgwVaMDUsv3E-5Mh0xx4AaABAg","kok mukanya mirip ipman koh","3865","false","https://www.youtube.com/watch?v=eOwtRnJemrg","2 months ago","0",,"Baru Lulus Udah Pengen Buka Bisnis?","comment","eOwtRnJemrg","0"
"@ArdiYanto-xw6tg","false","UgzAFphE9JppxYt5xIZ4AaABAg","Saya karyawan saya juga menciptakan incom tambahan dari ternak sapi dan usaha jual plastik, saya jujur capek kerja ikut orang karena jenjang karir tidak ada dan ingin membesarkan usaha saya terus Risen","3865","false","https://www.youtube.com/watch?v=eOwtRnJemrg","2 months ago","0",,"Baru Lulus Udah Pengen Buka Bisnis?","comment","eOwtRnJemrg","0"
"@penikmatsenja3738","false","UgyZPV354-5XiPXywNp4AaABAg","Kata terakhir yang jadi pengingat ketika melihat kawan Menikah","3865","false","https://www.youtube.com/watch?v=eOwtRnJemrg","2 months ago","0",,"Baru Lulus Udah Pengen Buka Bisnis?","comment","eOwtRnJemrg","1"
"@cicikcicik2374","false","Ugwg5sIOS8c1n4dzugR4AaABAg","Saya mau jadi pengusaha karena kalo saya punya karyawan saya bisa menerapkan ilmu buat mereka.  Kalo saya mati ilmunya tetap bermanfaat amiin","3865","false","https://www.youtube.com/watch?v=eOwtRnJemrg","2 months ago","0",,"Baru Lulus Udah Pengen Buka Bisnis?","comment","eOwtRnJemrg","0"
"@ereamorespada","false","UgwtjDMayHyY4DnEgDx4AaABAg","iki doktrin fans liverpool","3865","false","https://www.youtube.com/watch?v=eOwtRnJemrg","2 months ago","0",,"Baru Lulus Udah Pengen Buka Bisnis?","comment","eOwtRnJemrg","0"
"@QoidulGurril-x2k8h","false","Ugzjt13e65G3dPDNk8V4AaABAg","Al hamdulillah gua faham karena setiap ada kata² ilmiah itu ada penjelasanya dan seandainya vidio² yg lain juga begitu kan enak. Biar anak² yg masih belum kuliah kayak aku nih faham😂","3865","false","https://www.youtube.com/watch?v=eOwtRnJemrg","2 months ago","0",,"Baru Lulus Udah Pengen Buka Bisnis?","comment","eOwtRnJemrg","0"
"@Slamet-q3x","false","UgyRVMtIRksfC1kxOh54AaABAg","Betul sekali... Sgt ga mudah","3865","false","https://www.youtube.com/watch?v=eOwtRnJemrg","2 months ago","0",,"Baru Lulus Udah Pengen Buka Bisnis?","comment","eOwtRnJemrg","0"
"@hannazzaaa","false","UgxV64ms__U04ZKB-Yt4AaABAg","Apa yang dikatakan sama kaka saya justru tertuju realita kepada saya juga ,ya itu sih kurang baca buku ya ,sadar ae sih aku umur 19 thn kurang baca,kurang ilmu baca ya gitu lah😢,terlalu tertampar saya sama dr tirta ini asli","3865","false","https://www.youtube.com/watch?v=eOwtRnJemrg","2 months ago","0",,"Baru Lulus Udah Pengen Buka Bisnis?","comment","eOwtRnJemrg","0"
"@HironimusMana","false","UgyS6HUPbp5dV6jeOLt4AaABAg","Ingin menjadi orang sukses dalam dunia berbisnis dan menjadi seorang wirusaha bang","3865","false","https://www.youtube.com/watch?v=eOwtRnJemrg","2 months ago","0",,"Baru Lulus Udah Pengen Buka Bisnis?","comment","eOwtRnJemrg","0"
"@kejudots","false","UgzLQTYKAZ7-6Aj243l4AaABAg","jujur ini ilmu MAHAL BANGET dan perlu menjangkau lebih banyak orang. makasih bgt malaka & dr tirta sudah bahas topik ini sedalam ini.","3865","false","https://www.youtube.com/watch?v=eOwtRnJemrg","2 months ago","0",,"Baru Lulus Udah Pengen Buka Bisnis?","comment","eOwtRnJemrg","2"
"@RiskyPratama-mb3dv","false","UgyCQO4Dc-2RnwqomR94AaABAg","Bapak gua petani gimna dong dok","3865","false","https://www.youtube.com/watch?v=eOwtRnJemrg","2 months ago","0",,"Baru Lulus Udah Pengen Buka Bisnis?","comment","eOwtRnJemrg","0"
"@fajarrulichanel6315","false","Ugzm1rtROuxIKuifBsV4AaABAg","""coba kalau waktu itu saya bahas bola, mungkin sekarang jadi kochi.""  😂
Tapi emang mirip kochi sih dok","3865","false","https://www.youtube.com/watch?v=eOwtRnJemrg","2 months ago","0",,"Baru Lulus Udah Pengen Buka Bisnis?","comment","eOwtRnJemrg","0"
"@attasaz","false","UgyRx7V2dzGDRypo9Rp4AaABAg.AWLJO771LSQAWr3450PImP","Iyailah jngan compare hidupmu dg dr Tirta ibarat hari dr Tirta Minggu km ny rabu","3865","false","https://www.youtube.com/watch?v=eOwtRnJemrg","1 month ago","0","UgyRx7V2dzGDRypo9Rp4AaABAg","Baru Lulus Udah Pengen Buka Bisnis?","reply","eOwtRnJemrg","0"
"@Nedwin","false","Ugwv35B7CxTvCpKdPS54AaABAg","Wah tp atos tenan advice e. Y apik sih bos message yg ingin disampaikan. Tp y piye ya... Mending dialusi sitik lah nadane. Tp y mbuh ws, mgkn mmg communication style mu emang ngono. Suwun nasehate btw 🙏","3865","false","https://www.youtube.com/watch?v=eOwtRnJemrg","2 months ago","0",,"Baru Lulus Udah Pengen Buka Bisnis?","comment","eOwtRnJemrg","0"
"@choirudinudin1079","false","UgxJYPXou3GOUmFW5sx4AaABAg","Bob Sadino gimana bos...","3865","false","https://www.youtube.com/watch?v=eOwtRnJemrg","2 months ago","0",,"Baru Lulus Udah Pengen Buka Bisnis?","comment","eOwtRnJemrg","0"
"@rezekey","false","UgyPzdftjptIWNX1hU14AaABAg","ada nya keuangan yang membuat diri menjadi keberhasila dan sya membuat keuangan menumpuk dan terus berputar
saya dan lingkungan saya bermanfaat dan hidup","3865","false","https://www.youtube.com/watch?v=eOwtRnJemrg","2 months ago","0",,"Baru Lulus Udah Pengen Buka Bisnis?","comment","eOwtRnJemrg","0"
"@iwangbwi","false","UgzX6-AvBNCFu3oL6ip4AaABAg","salah kah dok di umur 17 mau start clothung brand","3865","false","https://www.youtube.com/watch?v=eOwtRnJemrg","2 months ago","0",,"Baru Lulus Udah Pengen Buka Bisnis?","comment","eOwtRnJemrg","0"
"@avelariska","false","Ugw3BOxrdqWejawmUaB4AaABAg","makasih dr tirta...","3865","false","https://www.youtube.com/watch?v=eOwtRnJemrg","2 months ago","0",,"Baru Lulus Udah Pengen Buka Bisnis?","comment","eOwtRnJemrg","0"
"@NurhayatiNawawi-jy3my","false","UgyPykKyGRawyPiFc9F4AaABAg","Aku nikah dibiayain ortu 
Ak hanya modal mahar Tok
Ak bersyukur nikah sebelum kuliah S2 ku selesai
 karena jika tidak ibuku gk akan liat anak ku sama sekali.
Ak skrng jualan ikan sambil kuliah S2 ngerjain Tesis RnD
Ak juga guru honorer jgn tanya pendptnku brp perbulan tapi aku bersyukur dan terus berusaha mencari uang dan berkembang
Ak hrus menerima nasib menjadi anak bungsu dari generasi Baby Boomeer❤
Semangat 🎉🎉🎉selama kmu bertaqwa kepada Allah, Pasti Allah akan memberikan solusi❤","3865","false","https://www.youtube.com/watch?v=eOwtRnJemrg","2 months ago (edited)","0",,"Baru Lulus Udah Pengen Buka Bisnis?","comment","eOwtRnJemrg","0"
"@suwardi3248","false","UgyxU0UnmUFIML-gH_x4AaABAg","Kadang mosifator kadang² seperti dukun togel, 
Bisa prediksi nomor yg akan keluar,  tapi dirinya gidak pernah tembus dapat togel.","3865","false","https://www.youtube.com/watch?v=eOwtRnJemrg","2 months ago","0",,"Baru Lulus Udah Pengen Buka Bisnis?","comment","eOwtRnJemrg","0"
"@ardyrivaldy","false","Ugw7sAtPu_U6GmFAvA14AaABAg","terbaik","3865","false","https://www.youtube.com/watch?v=eOwtRnJemrg","2 months ago","0",,"Baru Lulus Udah Pengen Buka Bisnis?","comment","eOwtRnJemrg","0"
"@HIJAULAUT30M","false","Ugzthq2FA4vlVChEbwZ4AaABAg","ini Statment terkampret yg pernah saya denger,  saya berasal dari keluarga ekonomi yg sangat buruk, saking buruknya mau makan minun aja susah, apa lagi saya berasal dari ortu petani yg bisa di bilang miskin, alhasil sbg anak harus bekerja keras untuk memperbaiki status ekonomi, di mulai dari bersunguh2 sekolah kuliah, sempat minder karna kuliah sambil kerja,  sekarang berjalan -+15 tahun Alhamdulillah berkat kerja keras dan kegigihan serta tujuan yg terencana, memperbaiki ekonomi dan perlahan berusaha terlepas dari rantai kemiskinan, dgn cara bekerja sambil berbisnis, sekarang, saya di pecat dari kerja juga siap 😅😅😅😅😅.... dan lucunya saya malah menekuni dan menikmati usaha yg dulu pernah gagal di jalankan oran tua 😅😅😅😅","3865","false","https://www.youtube.com/watch?v=eOwtRnJemrg","2 months ago","0",,"Baru Lulus Udah Pengen Buka Bisnis?","comment","eOwtRnJemrg","0"
"@dinarcandy6595","false","Ugw5hiCRxvAW5yCbU6h4AaABAg","👀","3865","false","https://www.youtube.com/watch?v=eOwtRnJemrg","2 months ago","0",,"Baru Lulus Udah Pengen Buka Bisnis?","comment","eOwtRnJemrg","0"
"@susisusanti-gn2ld","false","UgwVvrrSFAcSE_Fn3MZ4AaABAg","Aku tidak kuliah hanya lulusan smk, bapakku petani dan sekarang sudah tidak bekerja karena udah sepuh (tua), aku dulu setelah lulus smk kerja ikut orang selama 4 tahun, jadi aku hanya punya ketrampilan menjahit ... Pada tahun 2017, aku memutuskan buka usaha menjahit sendiri di rumah hingga saat ini dan sekarangpun masih berjuang untuk memutus rantai kemiskinan 😢","3865","false","https://www.youtube.com/watch?v=eOwtRnJemrg","2 months ago (edited)","0",,"Baru Lulus Udah Pengen Buka Bisnis?","comment","eOwtRnJemrg","0"
"@ghazaal8847","false","Ugy7bwWSSQSt4vDURXJ4AaABAg","makasih dok","3865","false","https://www.youtube.com/watch?v=eOwtRnJemrg","2 months ago","0",,"Baru Lulus Udah Pengen Buka Bisnis?","comment","eOwtRnJemrg","0"
"@FajarudinNew","false","UgzHmlJBaLpn8I3l4Ml4AaABAg","Penging jadi pengusaha agar bisa membantu orang yang butuh pekerjaan dan bisa berkembang skill daripada bekerja di pabrik yang sekarang","3865","false","https://www.youtube.com/watch?v=eOwtRnJemrg","2 months ago","1",,"Baru Lulus Udah Pengen Buka Bisnis?","comment","eOwtRnJemrg","1"
"@lensamandalika2178","false","UgwHc9GDqUtvhjeVcZF4AaABAg","Lebih suka nontonin dokter ini, jamak-jamak apa adanya. Mimpi-mimpi setrooke.. ngakakakkkk","3865","false","https://www.youtube.com/watch?v=eOwtRnJemrg","2 months ago","0",,"Baru Lulus Udah Pengen Buka Bisnis?","comment","eOwtRnJemrg","0"
"@muhamadaldai674","false","Ugy7BTWilPfx1FhvDHB4AaABAg","IP man sekarang jadi dosen","3865","false","https://www.youtube.com/watch?v=eOwtRnJemrg","2 months ago","0",,"Baru Lulus Udah Pengen Buka Bisnis?","comment","eOwtRnJemrg","0"
"@jujunngajetngajet1890","false","UgyRdIqV8NZ_ADLYhEp4AaABAg","Awal keluar sma Aku langsung  kerja pabrik,terus tiap gajihan aku kumpulin uangnya supaya bisa usaha sendiri,setelah uangnya terkumpul sekitar 10jt aku pecah lagi uangnya,buat modal bisnis d rumah dan membangun bisnis dengan orang lain,yg satu sudah berjalan ,tapi yg di garap di rumah belum berjalan,soalnya kerja sambil usaha itu behh pusig mas apalagi aku umur 24th sampe di katain orang gila,,anak orang umur segitu lagi asik asiknya mas,jadi bagusnya gimana,pokus usaha apa,kerja sambil usaha","3865","false","https://www.youtube.com/watch?v=eOwtRnJemrg","2 months ago (edited)","0",,"Baru Lulus Udah Pengen Buka Bisnis?","comment","eOwtRnJemrg","0"
"@Annoermediaindonesia","false","Ugz8nU3e5dJ_n5ZtNTN4AaABAg","Ceo asal di pajang di instagram ekwkkwkwkwkwkkwkw kena banggg","3865","false","https://www.youtube.com/watch?v=eOwtRnJemrg","2 months ago","0",,"Baru Lulus Udah Pengen Buka Bisnis?","comment","eOwtRnJemrg","0"
"@kuskusnanto6103","false","UgwLVSdEMELz6f-FLfJ4AaABAg","Terimakasih atas pencerahannya, Dr. Tirta. Sangat logis dan realitas yang harus kita jalani. Sehat selalu dan tetap semangat.","3865","false","https://www.youtube.com/watch?v=eOwtRnJemrg","2 months ago","0",,"Baru Lulus Udah Pengen Buka Bisnis?","comment","eOwtRnJemrg","0"
"@muhammadramdhani1804","false","UgyPGyhxi1dy51uY_w14AaABAg","saya cape ikut orang trs","3865","false","https://www.youtube.com/watch?v=eOwtRnJemrg","2 months ago","0",,"Baru Lulus Udah Pengen Buka Bisnis?","comment","eOwtRnJemrg","0"
"@flynfr","false","UgzNnBNz_SYid1t5YyN4AaABAg","25:10 ""mungkin saya menjadi koci""","3865","false","https://www.youtube.com/watch?v=eOwtRnJemrg","2 months ago","0",,"Baru Lulus Udah Pengen Buka Bisnis?","comment","eOwtRnJemrg","0"
"@withlowee","false","UgzHmlJBaLpn8I3l4Ml4AaABAg.AVtKY4yV00EAVtREiJIcYQ"," @FajarudinNew  semoga tercapai mas. Saya doakan.","3865","false","https://www.youtube.com/watch?v=eOwtRnJemrg","2 months ago","0","UgzHmlJBaLpn8I3l4Ml4AaABAg","Baru Lulus Udah Pengen Buka Bisnis?","reply","eOwtRnJemrg","0"
"@GofarTalks","false","UgxEDO7UocTRLeS0KbJ4AaABAg","Saya juga demotivasi dok😂","3865","false","https://www.youtube.com/watch?v=eOwtRnJemrg","2 months ago","0",,"Baru Lulus Udah Pengen Buka Bisnis?","comment","eOwtRnJemrg","0"
"@adultboring","false","Ugwwg4bTBVx7IAyHsSp4AaABAg","emosian mulu bjir","3865","false","https://www.youtube.com/watch?v=eOwtRnJemrg","2 months ago","0",,"Baru Lulus Udah Pengen Buka Bisnis?","comment","eOwtRnJemrg","0"
"@alran2464","false","UgzYqySi5MNZQ_FDh2h4AaABAg","IPK ga ada (ga kuliah gada duit)
Privilege ga ada
Tabungan ga ada

Mampus gw....

tapi at least sekarang gw dah ""professional"" di bidang gw. abis lulus SMK langsung kerja.
cilakanya gw sandwich gen wkwkwkwk. gaji tiap bulan ludes trosssss. meski tiap hari masak sendiri & frugal living.

umur dah sentuh 26, udah nelen takdir klo emang ga ada kesempatan buat married.
I'll survive","3865","false","https://www.youtube.com/watch?v=eOwtRnJemrg","2 months ago","0",,"Baru Lulus Udah Pengen Buka Bisnis?","comment","eOwtRnJemrg","0"
"@ayuSekarsari355","false","UgxeYXYB6XSOhRQma594AaABAg","Motivator jujur yang saya dengar di dunia ini , ❤ dr tirta","3865","false","https://www.youtube.com/watch?v=eOwtRnJemrg","2 months ago","0",,"Baru Lulus Udah Pengen Buka Bisnis?","comment","eOwtRnJemrg","1"
"@Doniwww","false","UgyK2b3tWneaeoZzX5J4AaABAg","semakin muda anda berbisnis semakin banyak pengalaman kegagalan yang kita rasakan, dan itu adalah pelajaran yang tidak didaptkan selain turun langsung berbisnis","3865","false","https://www.youtube.com/watch?v=eOwtRnJemrg","2 months ago","0",,"Baru Lulus Udah Pengen Buka Bisnis?","comment","eOwtRnJemrg","0"
"@undatobacco1982","false","Ugz-Yx8TrPTNeYLlll14AaABAg","kenapa anda berbisnis kalau  saYa.. rata orang di kampung jualan pecel lele jadi ikut😂","3865","false","https://www.youtube.com/watch?v=eOwtRnJemrg","2 months ago","0",,"Baru Lulus Udah Pengen Buka Bisnis?","comment","eOwtRnJemrg","0"
"@randomourjourney","false","Ugx4b5SEhnSxIgwUiEB4AaABAg","Stabil uang di hari tua","3865","false","https://www.youtube.com/watch?v=eOwtRnJemrg","2 months ago","0",,"Baru Lulus Udah Pengen Buka Bisnis?","comment","eOwtRnJemrg","0"
"@w.wan7x","false","UgzchqKKE9O-B5SE80F4AaABAg","kalo ngomongin beban negara, kan negara juga bebanin rakyat, korupsi dimana-mana, pajak tinggi, piye dok?","3865","false","https://www.youtube.com/watch?v=eOwtRnJemrg","2 months ago","0",,"Baru Lulus Udah Pengen Buka Bisnis?","comment","eOwtRnJemrg","0"
"@vlog.pengangguran007","false","UgxgAKlQY2Fn6Rw5cJx4AaABAg","Saya mau berbisnis karena saya ingin banyak berinvestasi","3865","false","https://www.youtube.com/watch?v=eOwtRnJemrg","2 months ago","0",,"Baru Lulus Udah Pengen Buka Bisnis?","comment","eOwtRnJemrg","0"
"@wildanpebriyana9321","false","UgzXDZcHU4_YAuKdJX54AaABAg","Terima kasih atas ilmunya. Memang sebelum memulai bisnis bukan hal yang mudah. Tapi bukan berarti tidak bisa. Hanya masalah waktu saja dan mulainya darimana. Tolong revisi kalau ada yang salah. Ngomong ngomong saya lulusan smk, saat ini bekerja baru beberapa tahun setelah nganggur beberapa kali","3865","false","https://www.youtube.com/watch?v=eOwtRnJemrg","2 months ago","0",,"Baru Lulus Udah Pengen Buka Bisnis?","comment","eOwtRnJemrg","0"
"@ispans2","false","Ugy5Q34A56NCGwIK_fl4AaABAg","4:00 ya saya pengen kaya raya saya ingin memainkan money game dengan yang lebih sulit tetapi juga lebih banyak mendapat untung ya saya pengen kayaaaaaaa","3865","false","https://www.youtube.com/watch?v=eOwtRnJemrg","2 months ago","0",,"Baru Lulus Udah Pengen Buka Bisnis?","comment","eOwtRnJemrg","0"
"@mallik001gaming5","false","Ugy08d735Uyxlt_N3cp4AaABAg","Aku gen z dari bisnis aku punya 2 rumah, 1 mobil, 3 motor, dari hasil bisnis. Bisnis itu susah mendi jdi anggota DP&Rr aj bro krja kaga gaji gede","3865","false","https://www.youtube.com/watch?v=eOwtRnJemrg","2 months ago","0",,"Baru Lulus Udah Pengen Buka Bisnis?","comment","eOwtRnJemrg","0"
"@jekirahmat3936","false","UgwgMy7RDdiKHKmo8t54AaABAg","dok, semisal privillage networking dan keuangan bisa dibilang baik... tapi ora sekolah pie dok?😅😅🙏","3865","false","https://www.youtube.com/watch?v=eOwtRnJemrg","2 months ago","0",,"Baru Lulus Udah Pengen Buka Bisnis?","comment","eOwtRnJemrg","0"
"@AbdulLatifistiqomah25","false","UgzQvwRs7E6kMKDO6fN4AaABAg","Saya tidak punya privilege","3865","false","https://www.youtube.com/watch?v=eOwtRnJemrg","2 months ago","0",,"Baru Lulus Udah Pengen Buka Bisnis?","comment","eOwtRnJemrg","0"
"@kneight0154","false","UgwA64Uptz6YyT-OOO14AaABAg",". makasih dok, makasih..","3865","false","https://www.youtube.com/watch?v=eOwtRnJemrg","2 months ago","0",,"Baru Lulus Udah Pengen Buka Bisnis?","comment","eOwtRnJemrg","0"
"@mrizalfadillah-fu9kl","false","Ugy629lS0HxlEUJLfNp4AaABAg","Saya ingin jadi pengusaha 
1. Ingin banyak duit
2. Ingin banyak duit
3. Ingin banyak duit 
😂😂","3865","false","https://www.youtube.com/watch?v=eOwtRnJemrg","2 months ago","0",,"Baru Lulus Udah Pengen Buka Bisnis?","comment","eOwtRnJemrg","0"
"@DediRamdhani-uj8qd","false","Ugx08GsP1Sp9b4yEINt4AaABAg","Kenapa saya denger ini di usia sudah lintas 35 Tuhannnn... Buat anak muda, wajib tonton ini...","3865","false","https://www.youtube.com/watch?v=eOwtRnJemrg","2 months ago","0",,"Baru Lulus Udah Pengen Buka Bisnis?","comment","eOwtRnJemrg","0"
"@dyanaulfach2858","false","Ugwuw7IMwxU2LtDLnpt4AaABAg","POIN PENTING: Semakin tinggi finansialmu, kamu memiliki alternatif pilihan yang banyak. Punya properti di area premium misalnyaa. Hidup slow living tapi duit mengalir terus~","3865","false","https://www.youtube.com/watch?v=eOwtRnJemrg","2 months ago","0",,"Baru Lulus Udah Pengen Buka Bisnis?","comment","eOwtRnJemrg","0"
"@dinimaryani5427","false","Ugwo1zyRGPvpEIb1PaN4AaABAg","di balik konten promosi (odoo promote maybe) .. tapi bener loh kalau kita strugle sama DATA yang ada kita gabisa 5 langkag le depan karna yaaaa kita bergelut sama si data trouble td. dengan adanya sistem data itu bener2 helpfull bgt","3865","false","https://www.youtube.com/watch?v=eOwtRnJemrg","2 months ago","0",,"Baru Lulus Udah Pengen Buka Bisnis?","comment","eOwtRnJemrg","0"
"@novaliaantina3773","false","UgwJjdRLhE7AjeGZ_rJ4AaABAg","Pengen jadi orang yg mandiri secara finansial.. jika pengen apa2 tidak minta ke siapapun.","3865","false","https://www.youtube.com/watch?v=eOwtRnJemrg","2 months ago","0",,"Baru Lulus Udah Pengen Buka Bisnis?","comment","eOwtRnJemrg","0"
"@muhammadFauzan-n8u4y","false","UgxMYpLUrYJoqKXhi7d4AaABAg","Saya anak disabilitas tuna granita ringan saya kesulitan bersaing sama anak anak umum tolong berikan pencerahan nya dong","3865","false","https://www.youtube.com/watch?v=eOwtRnJemrg","2 months ago","0",,"Baru Lulus Udah Pengen Buka Bisnis?","comment","eOwtRnJemrg","0"
"@PUTRA-VILEM","false","Ugy2KCPsqfb8hkEl5r54AaABAg","ayam aja tiap hari bangun pagi .asih jadi ayam.
27:39","3865","false","https://www.youtube.com/watch?v=eOwtRnJemrg","2 months ago","0",,"Baru Lulus Udah Pengen Buka Bisnis?","comment","eOwtRnJemrg","0"
"@impresiadindaputri4569","false","UgxQXgY_jCeaOUnELvB4AaABAg","HAHAHAHAHAH PENGG PENGGG","3865","false","https://www.youtube.com/watch?v=eOwtRnJemrg","2 months ago","0",,"Baru Lulus Udah Pengen Buka Bisnis?","comment","eOwtRnJemrg","0"
"@alfannrr","false","UgzAoZOemeZZsCcg9Zd4AaABAg","terimakasih","3865","false","https://www.youtube.com/watch?v=eOwtRnJemrg","2 months ago","0",,"Baru Lulus Udah Pengen Buka Bisnis?","comment","eOwtRnJemrg","0"
"@andirajapulsa7129","false","Ugwni4XJr9z569Awzeh4AaABAg","Bukan lucky, tp momentum","3865","false","https://www.youtube.com/watch?v=eOwtRnJemrg","2 months ago","0",,"Baru Lulus Udah Pengen Buka Bisnis?","comment","eOwtRnJemrg","0"
"@andirajapulsa7129","false","Ugz4fePB_Q0zUFbbsXN4AaABAg","Menikah membawa rezki kt menjd bertanggung jawab","3865","false","https://www.youtube.com/watch?v=eOwtRnJemrg","2 months ago","0",,"Baru Lulus Udah Pengen Buka Bisnis?","comment","eOwtRnJemrg","0"
"@imassuryati8471","false","UgzanGFfce_S-1_AXg94AaABAg","Betul banget tergantung kita mau sukses atau gak nya tergantung strategi nya kalau mau kaya mudah jual diri saja maksud nya jual otak kemampuan byk tuh yg kaya dadakan tidak perlu pintar asal pintar ngomong seperti rafi ahmad itu kaya tapi belum termasuk sukses nah Elon mask sukses dulu jadi broker bisa kaya mengunakan koneksi bisa kaya 😂😂😂😂 kalau mengetahui dasar nya bisnis usaha di tunjang pendidikan dgn pengalaman di gabungkan itu juga belum tentu sukses juga jadi kaya itu faktor kebentungan saja salah satu nya tahu cara kelola kebutuhan pilihan saja karena yg jelas yg lulusan SD bisa kaya raya yg inti nya inti nya bisa tahu prioritas dan bkn prioritas saja dan bisa mengendalikan saja keinginan saja dan prioritas yg butuh saja 😂😂😂😂😂","3865","false","https://www.youtube.com/watch?v=eOwtRnJemrg","2 months ago","0",,"Baru Lulus Udah Pengen Buka Bisnis?","comment","eOwtRnJemrg","0"
"@123chrtopher","false","UgybWj8juR1OJR0ndvF4AaABAg","Wah nonton tiktok goyang dan kucing sampe jam 1 , pengalaman ya dok? Wkwk ANW, good content 🔥🔥🔥","3865","false","https://www.youtube.com/watch?v=eOwtRnJemrg","2 months ago (edited)","0",,"Baru Lulus Udah Pengen Buka Bisnis?","comment","eOwtRnJemrg","0"
"@Sunarto.jadul2025","false","UgzFrJ2BODujEhKHuUd4AaABAg","Jadi juragan mete agar bisa membantu bayak orang. salam bakul @metecumbri","3865","false","https://www.youtube.com/watch?v=eOwtRnJemrg","2 months ago","0",,"Baru Lulus Udah Pengen Buka Bisnis?","comment","eOwtRnJemrg","0"
"@LoveTea-te6wx","false","UgzmC7YWNK5itlGkdRN4AaABAg","Jangan percaya sma influencer yg modal 1000 jd 10M. Apalagi trader2 g jelas modal 1$ jd 1mil$","3865","false","https://www.youtube.com/watch?v=eOwtRnJemrg","2 months ago","0",,"Baru Lulus Udah Pengen Buka Bisnis?","comment","eOwtRnJemrg","0"
"@TsabitR","false","UgwwDJ3dEJvQtDvjMbl4AaABAg","Waduh, IPK 3,1 disebut IPK nanggung","3865","false","https://www.youtube.com/watch?v=eOwtRnJemrg","2 months ago","0",,"Baru Lulus Udah Pengen Buka Bisnis?","comment","eOwtRnJemrg","1"
"@debbiesianturi2505","false","UgwkSmX-l68u1BYKk4t4AaABAg","MEmang kalau baru lulus, sebaiknya kerja dulu dapatkan pengalaman dan memupuk karakter yang baik. Tapi setelah memperoleh pengalaman seperti 10 tahun, sudah sewajarnya menjalankan bisnis.","3865","false","https://www.youtube.com/watch?v=eOwtRnJemrg","2 months ago","0",,"Baru Lulus Udah Pengen Buka Bisnis?","comment","eOwtRnJemrg","0"
"@yoan1771","false","Ugxt6kSln5mb9p3Do1J4AaABAg","ingin usaha agar ketika tua tidak perlu bekerja lagi,intinya punya aset aja dulu dimasa muda","3865","false","https://www.youtube.com/watch?v=eOwtRnJemrg","2 months ago","0",,"Baru Lulus Udah Pengen Buka Bisnis?","comment","eOwtRnJemrg","0"
"@doxcinema_","false","UgwQN9WfSu8NFkVcULZ4AaABAg","Otw: 100 tahun depan","3865","false","https://www.youtube.com/watch?v=eOwtRnJemrg","2 months ago","0",,"Baru Lulus Udah Pengen Buka Bisnis?","comment","eOwtRnJemrg","0"
"@ANAKMUDAMELENIAL","false","UgxFlVAYXqGmQqWdBS14AaABAg","karbah bishnihs adalah pehnihpuahn😅😅😅😅 seperti sihlamh lampauh lamaah, dg menngunakan conto kcilnyah saya sbgai pehmbeli, atau bisa ju ga pergi hji dll nyah ,,,😮😮😮😮 gak ada ruangh kesehmpatanh untungh tuk mudi2 😘👌🏻","3865","false","https://www.youtube.com/watch?v=eOwtRnJemrg","2 months ago","0",,"Baru Lulus Udah Pengen Buka Bisnis?","comment","eOwtRnJemrg","0"
"@thebackbone212","false","Ugzvf3wYygDISvJZ3lN4AaABAg","Brooo @DrTirta bisnis ama dagang sama gak?","3865","false","https://www.youtube.com/watch?v=eOwtRnJemrg","2 months ago","0",,"Baru Lulus Udah Pengen Buka Bisnis?","comment","eOwtRnJemrg","0"
"@maayalicious","false","UgxF0f3lUT6H0VHIOsl4AaABAg","""Mati itu sekali. Idup itu tiap hari."" mak jleb dok","3865","false","https://www.youtube.com/watch?v=eOwtRnJemrg","2 months ago","0",,"Baru Lulus Udah Pengen Buka Bisnis?","comment","eOwtRnJemrg","0"
"@elsadesriani4830","false","UgzoqFHGMFDOXZ8kHCp4AaABAg","keluarga ku cmn petani, nekat kuliah smbil freelance dan mau part time doain keterima ☹️","3865","false","https://www.youtube.com/watch?v=eOwtRnJemrg","3 months ago","0",,"Baru Lulus Udah Pengen Buka Bisnis?","comment","eOwtRnJemrg","0"
"@cafein1242","false","Ugy2bcTQHELz369ze1d4AaABAg","Saya subscribe MALAKA karna dr tirta 😂","3865","false","https://www.youtube.com/watch?v=eOwtRnJemrg","3 months ago","0",,"Baru Lulus Udah Pengen Buka Bisnis?","comment","eOwtRnJemrg","0"
"@adhiseaman1099","false","UgwBY1J3HGHtYPTODbZ4AaABAg","""Menyelamatkan diri sendiri aja belum bisa, kok sok mau menyelamatkan orang lain"". 🥶","3865","false","https://www.youtube.com/watch?v=eOwtRnJemrg","3 months ago","0",,"Baru Lulus Udah Pengen Buka Bisnis?","comment","eOwtRnJemrg","0"
"@alangwiyuda4998","false","UgxroQ_4snlsTUTxI3Z4AaABAg","Terkesan kasar apa yg disampaikan,tapi ini sangat realistis","3865","false","https://www.youtube.com/watch?v=eOwtRnJemrg","3 months ago","0",,"Baru Lulus Udah Pengen Buka Bisnis?","comment","eOwtRnJemrg","0"
"@Duniaproyekk","false","UgxNYZ6LnoZ8_Asn0M94AaABAg","😂 klo 3 nya ga ada semua , ke kamboja aja","3865","false","https://www.youtube.com/watch?v=eOwtRnJemrg","3 months ago","0",,"Baru Lulus Udah Pengen Buka Bisnis?","comment","eOwtRnJemrg","1"
"@Duniaproyekk","false","UgyuS2evXXJoTPTAuAl4AaABAg","Kenapa liverpool bang messi","3865","false","https://www.youtube.com/watch?v=eOwtRnJemrg","3 months ago","0",,"Baru Lulus Udah Pengen Buka Bisnis?","comment","eOwtRnJemrg","0"
"@RizkyMaulana-p9h","false","Ugwem0f_Xij2BPQlp5Z4AaABAg","gak mood soalnya ada kata ""liverpool""","3865","false","https://www.youtube.com/watch?v=eOwtRnJemrg","3 months ago","0",,"Baru Lulus Udah Pengen Buka Bisnis?","comment","eOwtRnJemrg","0"
"@AdamDaliooo","false","Ugw-Ub27pfHzNAFeJih4AaABAg","bisnis memang ga mudah, tapi mungkin karena itu tidak mudah itu akan jadi tantangan tersendiri bagi tiap individu yang suka tantangan wkwk","3865","false","https://www.youtube.com/watch?v=eOwtRnJemrg","3 months ago","0",,"Baru Lulus Udah Pengen Buka Bisnis?","comment","eOwtRnJemrg","0"
"@LaisWardhana","false","Ugzk7dOM4bHCsl5YraF4AaABAg","Terimakasih dok, kuliah anda ini membangunkan kesadaran realistis saya. Saya seorang pemimpi karena. Hanya dibiayai sekolah sampai SMP sama ortu. Lulus SMP merantau akhirnya bebrapa tahun kemudian bisa bayar sekolah paket C dan bisa buka usaha fotocopy dan print krena pernah ikut orang 7th. Usia matang belum ketemu jodoh akhirnya tabungan saya buat kuliah S1. Sekarang sudah S1 jodoh belum datang. Mungkin karena saya terlalu pemimpi. Makasih dok ❤","3865","false","https://www.youtube.com/watch?v=eOwtRnJemrg","3 months ago","0",,"Baru Lulus Udah Pengen Buka Bisnis?","comment","eOwtRnJemrg","0"
"@lanangsejagad7356","false","Ugz6NeVRrBQqpijZzp14AaABAg","buat bertahan hidup,","3865","false","https://www.youtube.com/watch?v=eOwtRnJemrg","3 months ago","0",,"Baru Lulus Udah Pengen Buka Bisnis?","comment","eOwtRnJemrg","0"
"@Roadzarch1.5E","false","Ugw3gH0n6owV47NpbqR4AaABAg",""" Tabungan ga ada
Privilege ga ada
Ipk ancur
Mesti hobine push rank! 
Wes jelas""

Dr tirta","3865","false","https://www.youtube.com/watch?v=eOwtRnJemrg","3 months ago","0",,"Baru Lulus Udah Pengen Buka Bisnis?","comment","eOwtRnJemrg","0"
"@ainunqolbi439","false","Ugw-R9SRdUh6TqqV3p94AaABAg","DOKTER TIRTA❤❤❤","3865","false","https://www.youtube.com/watch?v=eOwtRnJemrg","3 months ago","0",,"Baru Lulus Udah Pengen Buka Bisnis?","comment","eOwtRnJemrg","0"
"@NamasteCoffee","false","UgwffLSjhRRtaYt8qCd4AaABAg","20:45 lucu wkwkwkwkwk","3865","false","https://www.youtube.com/watch?v=eOwtRnJemrg","3 months ago","0",,"Baru Lulus Udah Pengen Buka Bisnis?","comment","eOwtRnJemrg","0"
"@piyanmaulana412","false","Ugzg392Bt5tqk9Ke2sJ4AaABAg","Betul bang. Saya dari kluarga terbilang miskin. Smua orang dirumah harus nyari uang biar bisa bertahan hidup. Saya sendiri jadi kuli bikin spatu dari SD kelas 5 - SMK kelas 11. Skolah cuma sampe SMK, tapi Alhamdulillah usia Masi 17thn (2017) kerja jadi kuli IT dg gaji awal 2jt. Sampe skarang udah 9 tahun Masi di profesi yg sama tapi dg kondisi kerja 3 perusahaan dan bisa wfh smua. Apa yg saya capai hari ini adalah target yg sudah saya bidik sejak awal masuk SMK.","3865","false","https://www.youtube.com/watch?v=eOwtRnJemrg","3 months ago","0",,"Baru Lulus Udah Pengen Buka Bisnis?","comment","eOwtRnJemrg","0"
"@HafidFaizun","false","Ugx3FtVERuS7g6x_6Yl4AaABAg","siap ,, pk steven chow,, full ngakak...wkwkw","3865","false","https://www.youtube.com/watch?v=eOwtRnJemrg","3 months ago (edited)","0",,"Baru Lulus Udah Pengen Buka Bisnis?","comment","eOwtRnJemrg","0"
"@buddsetiawan7330","false","Ugx5hH6ZbvBYywksSsZ4AaABAg","Iya lg doc.., ga ada menyerang hidup*, ada nya *bertahan hidup","3865","false","https://www.youtube.com/watch?v=eOwtRnJemrg","3 months ago","0",,"Baru Lulus Udah Pengen Buka Bisnis?","comment","eOwtRnJemrg","0"
"@yunitaaxy","false","UgwScPC76EtRnGdNeh54AaABAg","Keren podcastnya👏🏻","3865","false","https://www.youtube.com/watch?v=eOwtRnJemrg","3 months ago","0",,"Baru Lulus Udah Pengen Buka Bisnis?","comment","eOwtRnJemrg","0"
"@sapipegon","false","Ugx8C9HJjATj1vCFtvt4AaABAg","mentor e dokter tirta, chatgbt ta? izin.. hehe","3865","false","https://www.youtube.com/watch?v=eOwtRnJemrg","3 months ago","0",,"Baru Lulus Udah Pengen Buka Bisnis?","comment","eOwtRnJemrg","0"
"@asepmaulana1622","false","UgzKdcow0Sf8rLk8qP14AaABAg","8:42 subtitle nya malah jawa juga bos","3865","false","https://www.youtube.com/watch?v=eOwtRnJemrg","3 months ago","0",,"Baru Lulus Udah Pengen Buka Bisnis?","comment","eOwtRnJemrg","0"
"@MrTopengLego","false","UgxdJ4yum_NR35xrQHh4AaABAg","dok, buka sekolah di lombok yuk
bangun sdm sm saya","3865","false","https://www.youtube.com/watch?v=eOwtRnJemrg","3 months ago","0",,"Baru Lulus Udah Pengen Buka Bisnis?","comment","eOwtRnJemrg","1"
"@muhammadajikurniawan1726","false","Ugw-HteGub6fUd6ow354AaABAg","buka usaha aja dulu nanti kamu gagal, setelah gagal kamu akan menganalisa kesalahan kesalahan apa yang membuat gagal, maka akan ada titik balik setelah kamu membuka kembali usaha mu,karena pengalaman adalah guru terbaik broo","3865","false","https://www.youtube.com/watch?v=eOwtRnJemrg","3 months ago","0",,"Baru Lulus Udah Pengen Buka Bisnis?","comment","eOwtRnJemrg","0"
"@isaacivanov293","false","Ugzq14hmQ-57ivx_BKl4AaABAg","menit 26 itu intinya
siapapun kita endingnya bakal mati... barang yang kita beli susah payah akan dinikmati orang lain","3865","false","https://www.youtube.com/watch?v=eOwtRnJemrg","3 months ago","0",,"Baru Lulus Udah Pengen Buka Bisnis?","comment","eOwtRnJemrg","0"
"@IgnatiusYoga","false","UgwEf3WFS9OxUTghyjB4AaABAg","Sukses itu simple kok. Kondisi ketika tujuanmu tercapai. Udah. Kalau tujuanmu pergi ke mall, maka ketika kakimu menginjak lantai mall, ya itu SUKSES. Ngono lho mas Tirta. mendeskripsikan sukses we kok belibet lho...  😅","3865","false","https://www.youtube.com/watch?v=eOwtRnJemrg","3 months ago","0",,"Baru Lulus Udah Pengen Buka Bisnis?","comment","eOwtRnJemrg","0"
"@Aiscu","false","UgwRhqfIzyi-SR8v1xZ4AaABAg","Daging bgt, ini vid dr tirta yg paling superior🔥","3865","false","https://www.youtube.com/watch?v=eOwtRnJemrg","3 months ago","0",,"Baru Lulus Udah Pengen Buka Bisnis?","comment","eOwtRnJemrg","0"
"@gamperiode25","false","Ugz0jqMgQXuLFlQmTnN4AaABAg","Saya tidak lahir dengan privilege.

Lulus SMA tahun 2007, saya sempat kuliah… tapi harus berhenti di semester 4 karena kondisi ekonomi. Lalu saya kerja di perusahaan swasta sebagai sales selama 5 tahun. Saya pikir hidup mulai membaik.

Tapi ternyata belum.

Saya resign, diminta kuliah lagi di Bandung. Saya coba lagi… dan gagal lagi di semester 4. Kali ini bukan karena ekonomi, tapi karena saya sadar itu bukan jalan yang saya minati.

Akhirnya sejak 2018 sampai sekarang, saya bekerja sebagai ojol.

Hari ini, saya tidak punya tabungan.
Saya merasa belum punya skill yang “wah”.
Umur juga sudah tidak muda lagi, dan saya belum menikah.

Jangankan bicara financial stability, untuk bertahan hidup saja kadang masih terasa berat.

Tapi saya tidak mau berhenti di situ.

Pelan-pelan, saya mulai bikin konten tentang perjalanan saya sebagai ojol. Dikit-dikit, belajar lagi. Dulu saya pernah coba jadi konten gamer di 2018, jadi sekarang masih bisa editing video pakai HP.

Sekarang, saya punya dua “jalan”:
ojol dan konten kreator.

Mungkin belum besar. Mungkin masih kecil. Tapi saya jalan terus.

Karena saya percaya:
tidak ada kata terlambat untuk berusaha, selama jalannya halal.

Umur bukan alasan untuk menyerah.
Selama masih hidup, berarti masih ada kesempatan.","3865","false","https://www.youtube.com/watch?v=eOwtRnJemrg","3 months ago","0",,"Baru Lulus Udah Pengen Buka Bisnis?","comment","eOwtRnJemrg","0"
"@hagihayusiwi6527","false","Ugwmk0RLj3jfe5FFz4B4AaABAg","jadi pengusaha karena saya malas, tidk ad yg mau hire saya jadi sy gak laku di pasar kerja","3865","false","https://www.youtube.com/watch?v=eOwtRnJemrg","3 months ago","0",,"Baru Lulus Udah Pengen Buka Bisnis?","comment","eOwtRnJemrg","0"
"@bagusajiputro","false","Ugy_-fsJcu8YhfYiNl14AaABAg","nganggur berarti kaya dong","3865","false","https://www.youtube.com/watch?v=eOwtRnJemrg","3 months ago","0",,"Baru Lulus Udah Pengen Buka Bisnis?","comment","eOwtRnJemrg","0"
"@ngacaprak1790","false","Ugwd3WxNdcwsP3BvIn54AaABAg","Saya mah mau punya usaha UMKM yang karena udah kelelahan mental jadi budak korporat income gak jauh dari UMR yg penting punya kendali atas diri sendiri","3865","false","https://www.youtube.com/watch?v=eOwtRnJemrg","3 months ago","0",,"Baru Lulus Udah Pengen Buka Bisnis?","comment","eOwtRnJemrg","0"
"@wisnoepu","false","Ugz3A6sSy8FCiqLOk8B4AaABAg","Hobi push rank😅😢","3865","false","https://www.youtube.com/watch?v=eOwtRnJemrg","3 months ago","0",,"Baru Lulus Udah Pengen Buka Bisnis?","comment","eOwtRnJemrg","0"
"@pukkyyyyyy","false","UgzRfXtP7Vcs-h-U3rh4AaABAg","Sumpah ni orang kalo di belah setengahnya Liverpool  deh","3865","false","https://www.youtube.com/watch?v=eOwtRnJemrg","3 months ago","0",,"Baru Lulus Udah Pengen Buka Bisnis?","comment","eOwtRnJemrg","0"
"@WimsKurn","false","Ugw-UYdYPnpuJ8NHAtt4AaABAg","apakah kalau tidak kuliah / tidak sekolah g ada kemungkinan buat bisa sukses ?","3865","false","https://www.youtube.com/watch?v=eOwtRnJemrg","3 months ago","0",,"Baru Lulus Udah Pengen Buka Bisnis?","comment","eOwtRnJemrg","0"
"@Tomagola-q4t","false","UgwXnRloM69nAz6bbER4AaABAg","""Jangan buru-buru nikah kalau tidak punya uang, kamu akan menciptakan kemiskinan yang lain""

Gua akan nikah, tetap akan nikah, tapi gua gak akan ngulangin kebodohan keluarga gua, yaitu nikah tanpa persiapan apapun. Yang ada malah nyusahin beban hidup ke orang lain, LU yang nikah dan jalani, GAK USAH BAGI TANGGUNG JAWAB UNTUK DI URUSI ORANG LAIN

Dr. Tirta terlalu halus bahasanya, kalau gua prinsipnya ""KALAU MASIH MISKIN, GAK USAH NIKAH BURU-BURU. REALISTIS""","3865","false","https://www.youtube.com/watch?v=eOwtRnJemrg","3 months ago","0",,"Baru Lulus Udah Pengen Buka Bisnis?","comment","eOwtRnJemrg","0"
"@QuantumReset-z4u","false","Ugw_eDEEeTyEy942PFt4AaABAg","teori doang ini","3865","false","https://www.youtube.com/watch?v=eOwtRnJemrg","3 months ago","0",,"Baru Lulus Udah Pengen Buka Bisnis?","comment","eOwtRnJemrg","0"
"@r_zhaskker","false","UgxJ_yDjMFT8dEvD31V4AaABAg","Nyengir gua nonton ini 😭","3865","false","https://www.youtube.com/watch?v=eOwtRnJemrg","3 months ago","0",,"Baru Lulus Udah Pengen Buka Bisnis?","comment","eOwtRnJemrg","0"
"@thomasbobbyrohi729","false","Ugw4VJeu3y_sRNSoPLt4AaABAg","Sudah nyimak dari awal sampai akhir malah lawak soal Liverpool","3865","false","https://www.youtube.com/watch?v=eOwtRnJemrg","3 months ago","0",,"Baru Lulus Udah Pengen Buka Bisnis?","comment","eOwtRnJemrg","0"
"@ceritagazala8264","false","UgzbwK5pPT52AbZi5eh4AaABAg","Kuliah 2007 - Kerja Part Time 2009 - Mulai Bisnis 2010 - Wisuda 2011 - Bisnis sambil kerja 2012 - resign kerja milih fokus bisnis 2014 - sampai sekarang. IPK 3,67. Lulusan sarjana hukum milih bisnis percetakan ^_^ Privilage: Bapak PNS biasa Tata usaha di sekolahan (pensiuan ketiak saya wisuda), Mamak IRT. So, betul semua yang disamapaikan dr. Tirta","3865","false","https://www.youtube.com/watch?v=eOwtRnJemrg","3 months ago","0",,"Baru Lulus Udah Pengen Buka Bisnis?","comment","eOwtRnJemrg","0"
"@ahmadjaelani743-w5e","false","UgykAVRANJ-tPmNInq14AaABAg","Ternyata membuka usaha tidak semudah dan semulus itu gengs.
Sudah jalan seminggu usaha aku belum ada pencerahan","3865","false","https://www.youtube.com/watch?v=eOwtRnJemrg","3 months ago","0",,"Baru Lulus Udah Pengen Buka Bisnis?","comment","eOwtRnJemrg","0"
"@eraglobalization989","false","UgzFpGTmtUchEW7aCR94AaABAg","Ndak punya privilge, modal ndak punya, datang badan merantau dr kalimntan... ngelamar Ndak pnya pengalaman, relasi juga Ndak ada... 
betul tahapannya mau babak-belur dulu kerja ikut orang, bangun prsonality, bangun mindset financial literasi, dll..  
proses kena marah orang, dapat delegasi, kerja Ndak itungan repetisi dan waktu
lama2 KLO mau jdi solusi dan impact utk orang lain, pasti jdi pngusaha lah... 
bnyak jalannya klo keinginan usaha kuat, Ndak punya modal, minimal punya keberanian, nekat dikit dan tekun.. 
proses kerja ikut orang meskipun pahit, tidak akan sia2","3865","false","https://www.youtube.com/watch?v=eOwtRnJemrg","3 months ago (edited)","0",,"Baru Lulus Udah Pengen Buka Bisnis?","comment","eOwtRnJemrg","0"
"@muhammadfitrah2774","false","UgxosU8OJSXpAvsxgFF4AaABAg","""Uang hanya memperbanyak pilihanmu""
Thats it, psychlogy of money","3865","false","https://www.youtube.com/watch?v=eOwtRnJemrg","3 months ago","0",,"Baru Lulus Udah Pengen Buka Bisnis?","comment","eOwtRnJemrg","24"
"@GhaniGG95","false","UgyYl95BQbthY4-uunt4AaABAg","1. Liat dulu seberapa besar tabungan anda
2. seberapa besar privilege anda
3. IPK nya bagus

Ketika tiga hal itu ada di dalam diri anda, saat nyoba usaha kemungkinan gagal nya sangat kecil 🎉🎉","3865","false","https://www.youtube.com/watch?v=eOwtRnJemrg","3 months ago","0",,"Baru Lulus Udah Pengen Buka Bisnis?","comment","eOwtRnJemrg","0"
"@ariflagan2143","false","UgyLYSOvYrUozeyuJoZ4AaABAg","Miskin banget Finlandia dan Swiss, dalam setahun rakyatnya Kerja bakti selama 6 bulan karena pajak 50%, cuman dapet fasilitas kesehatan, pendidikan gratis.. Jauh bnget dngan negara2 Sultan macam Saudi dan Dubai, dimana Pajak 0% , tapi kesehatan, pendidikan, jalan Tol dll semuanya Gratis 😁","3865","false","https://www.youtube.com/watch?v=eOwtRnJemrg","3 months ago","0",,"Baru Lulus Udah Pengen Buka Bisnis?","comment","eOwtRnJemrg","0"
"@muhammadNoorHadi-jf8bt","false","UgzHRHmNr3eeQ9YTH2R4AaABAg","Membatu kebutuhan orng dengan marjin mungkin 5%paling sedikit","3865","false","https://www.youtube.com/watch?v=eOwtRnJemrg","3 months ago","0",,"Baru Lulus Udah Pengen Buka Bisnis?","comment","eOwtRnJemrg","0"
"@ridhomuzaqi","false","UgxA9oO8hvfC6oJosaN4AaABAg","18:09 awwkwkwkw","3865","false","https://www.youtube.com/watch?v=eOwtRnJemrg","3 months ago","0",,"Baru Lulus Udah Pengen Buka Bisnis?","comment","eOwtRnJemrg","0"
"@AndiTrisna-bp6bz","false","UgwNcvcwVIq9YyJqP3F4AaABAg","gua udah jatuh bangun 4x ngak mudah usaha dikonoha banyak halangannya","3865","false","https://www.youtube.com/watch?v=eOwtRnJemrg","3 months ago","0",,"Baru Lulus Udah Pengen Buka Bisnis?","comment","eOwtRnJemrg","0"
"@siusbali-u1l","false","UgxrbVWrKm-ZaHpWoSR4AaABAg","saya lulusan SMA dengan nilai rata-rata 85
Tabungan bisa dibilang diatas 10 jtan 
pengalaman kerja 6 bulan
apakah ada kemungkinan saya bisa menekan resiko setinggi mungkin?","3865","false","https://www.youtube.com/watch?v=eOwtRnJemrg","3 months ago","0",,"Baru Lulus Udah Pengen Buka Bisnis?","comment","eOwtRnJemrg","0"
"@PejabatKoruptor777","false","UgyFAeKMe7QIlKwIvu54AaABAg","Binis yg di perluin adalah pengalaman dari yg paling bawah sampai ke atas,that’s simple.🤣","3865","false","https://www.youtube.com/watch?v=eOwtRnJemrg","3 months ago","0",,"Baru Lulus Udah Pengen Buka Bisnis?","comment","eOwtRnJemrg","0"
"@xyyfah5612","false","Ugz5-0HuMD50EBrwY2N4AaABAg","Tabungan saya 3 juta mas, semester 6,apa yg harus dilakukan","3865","false","https://www.youtube.com/watch?v=eOwtRnJemrg","3 months ago","0",,"Baru Lulus Udah Pengen Buka Bisnis?","comment","eOwtRnJemrg","0"
"@GoodLuck77770","false","UgwNXHC7HUaQ5BjunSJ4AaABAg","Aku bakul mas tak posting"" terus dagangan q😂","3865","false","https://www.youtube.com/watch?v=eOwtRnJemrg","3 months ago","0",,"Baru Lulus Udah Pengen Buka Bisnis?","comment","eOwtRnJemrg","0"
"@noxzygaming1208","false","UgyvsifL0aihiQIh5T14AaABAg","kelass Pak Dok. Lanjutinn ...","3865","false","https://www.youtube.com/watch?v=eOwtRnJemrg","3 months ago","0",,"Baru Lulus Udah Pengen Buka Bisnis?","comment","eOwtRnJemrg","0"
"@OnamazuKuuran","false","UgxnAhuHkJLNOIspDrh4AaABAg","Pas Tirta ngomong Ya nya dua tuh gw. IPK gede dan Connection ada dari bapak. Cuman secara uang gw kurang. Gw masih prefer kerja dulu buat full cari pengalaman","3865","false","https://www.youtube.com/watch?v=eOwtRnJemrg","3 months ago","0",,"Baru Lulus Udah Pengen Buka Bisnis?","comment","eOwtRnJemrg","0"
"@agitofox8217","false","UgzoHNbUyXwKiaMqSp14AaABAg","13:13 aku ada dikondisi ini, tapi lulusan SMK.. kerja kantoran dengan gaji dibawah UMR di kota yg UMR-nya terendah di Indonesia.. udah dari 2020 bekerja ditempat yg sama, 5 tahun mendapat kenaikan gajipun itu hanya mendekati batas minimal dan tidak melewati nya sama sekali... mau resign tidak yakin akan mendapatkan perkerjaan pengganti, mengingat banyak temen-temen seangkatanku juga kesulitan untuk mendapatkan pekerjaan.. jadi aku memilih untuk bertahan daripada keluar dan malah tidak mendapat apa-apa...","3865","false","https://www.youtube.com/watch?v=eOwtRnJemrg","3 months ago (edited)","0",,"Baru Lulus Udah Pengen Buka Bisnis?","comment","eOwtRnJemrg","3"
"@Anas-h8y9y","false","Ugx59AIW7St9SpPmnFh4AaABAg","Pentingnya Dana Darurat...Tiap Hari Darurat Dok...😂...Habis Tabungan...","3865","false","https://www.youtube.com/watch?v=eOwtRnJemrg","3 months ago","0",,"Baru Lulus Udah Pengen Buka Bisnis?","comment","eOwtRnJemrg","0"
"@pandiorbenget8392","false","UgyZAl_CxZVcP0_2amZ4AaABAg","I see IPMAN still teaching to this day","3865","false","https://www.youtube.com/watch?v=eOwtRnJemrg","3 months ago","0",,"Baru Lulus Udah Pengen Buka Bisnis?","comment","eOwtRnJemrg","0"
"@AdeSomad-tx9vj","false","Ugy7KiXtTlcTaLNHOLR4AaABAg","masi smp dan bisa manage uang😎","3865","false","https://www.youtube.com/watch?v=eOwtRnJemrg","3 months ago","0",,"Baru Lulus Udah Pengen Buka Bisnis?","comment","eOwtRnJemrg","0"
"@diondraa03","false","UgwDV0B3Xf875P_3oBd4AaABAg","Kalo tidak semua gmna dok? TAKDIRR!!!","3865","false","https://www.youtube.com/watch?v=eOwtRnJemrg","3 months ago","0",,"Baru Lulus Udah Pengen Buka Bisnis?","comment","eOwtRnJemrg","0"
"@Potato_Fun-i4c","false","UgwYfJxurk5j0sqpRex4AaABAg","Urip ku mines plus plus plus plus Dok,
Paham rak + ku -----
Soal kalah aku menang 😂😂😂

Gk cuma dri bawah, dari dalam tanah.

Orak males, mlah kerjo ku seng overwektu. Umur 35 bru selesai utang,

lagi arep miker gawe omh.

Curhat😂😂😂😂","3865","false","https://www.youtube.com/watch?v=eOwtRnJemrg","3 months ago","0",,"Baru Lulus Udah Pengen Buka Bisnis?","comment","eOwtRnJemrg","0"
"@si_gatot_pasaribu","false","UgxdtzpRKIxlNQEFfK14AaABAg","Ilmu yg mantap dokter Tirta🔥🔥

1.yg kuat bertahan itu yg paling penting 👍👍👍👍
2.keberhasilan itu tergantung ""luck""👍👍👍👍
3.jgn berhutang untuk berbisnis,atau memperbesar bisini KLO bisnis belom mampu bayar hutangnya sendiri👍👍👍
4.ngisi waktu dengan hal yg bermanfaat👍👍👍


Sy tidak semua dok,sekolah cuma SMP,ortu cerai sejak SMP,jgn kan tabungan,hidup aj dah syukur😅,usia skrg 30,dah punya rumah,usaha Alhamdulillah,lebih dari cukup,tabungan sekarang dari dividen jg cukup,kayanya untuk hidup d desa😅kerja 11 tahun dapat pengalaman full,usaha sendiri,koneksi dapat saat bekerja,ilmu dapat saat kerja,modal hasil jual motor yg d dapat saat kerja,usaha kecil tapi cukup dan sangat sy syukuri,tapi hobi sy dari dulu emang dengerin cerita"" yg nambah wawasan,baca"" d internet,asal mau belajar pasti ada jalan.karyawan sy saya ajarkan supaya buka usaha sendiri,g boleh kerja terus.","3865","false","https://www.youtube.com/watch?v=eOwtRnJemrg","3 months ago (edited)","0",,"Baru Lulus Udah Pengen Buka Bisnis?","comment","eOwtRnJemrg","1"
"@pahalabima","false","UgxOsqasnoh8VSjwJKh4AaABAg","Dr. Tirta di Topik ini memang bak Cillian Murphy di Peaky Blinders👌🏻","3865","false","https://www.youtube.com/watch?v=eOwtRnJemrg","3 months ago","0",,"Baru Lulus Udah Pengen Buka Bisnis?","comment","eOwtRnJemrg","1"
"@yayaristiyana2223","false","UgzzNL00GKuiUlnUiWJ4AaABAg","aku cuma punya ipk bagus sama pengalaman kerja 11 tahun, lagi merintis jdi reseler dan daftar CPNS, semoga rejekiku diantara itu semua","3865","false","https://www.youtube.com/watch?v=eOwtRnJemrg","3 months ago","0",,"Baru Lulus Udah Pengen Buka Bisnis?","comment","eOwtRnJemrg","0"
"@AgustinhoPequenino","false","Ugyqq2SU6CixtQ-Di9V4AaABAg","I have no pravalage","3865","false","https://www.youtube.com/watch?v=eOwtRnJemrg","3 months ago","0",,"Baru Lulus Udah Pengen Buka Bisnis?","comment","eOwtRnJemrg","0"
"@AgustinhoPequenino","false","UgyaN8kmAWKQJhhjTCR4AaABAg","Saya Mau jadi pengusaha buat Bisa financial freedom","3865","false","https://www.youtube.com/watch?v=eOwtRnJemrg","3 months ago","0",,"Baru Lulus Udah Pengen Buka Bisnis?","comment","eOwtRnJemrg","0"
"@verinyahintyas","false","UgyYGnKUKgRr-OySRFV4AaABAg","Nama : Ken
Usia : 23 tahun otw 24 tahun ini kelairan 2024
Tab : 90 juta
Ipk s1 : 3.74
Ipk s2: 3.68 (tapi baru sem 1) 
Posisi skrg kuliah s2 sambil kerja jadi spv engineering di cikarang","3865","false","https://www.youtube.com/watch?v=eOwtRnJemrg","3 months ago","0",,"Baru Lulus Udah Pengen Buka Bisnis?","comment","eOwtRnJemrg","0"
"@anggarooster0115","false","UgxgGI03hGXjPLIS6cV4AaABAg","Tabungan gak da bang, ada juga utang.. 😂😂😂","3865","false","https://www.youtube.com/watch?v=eOwtRnJemrg","3 months ago","0",,"Baru Lulus Udah Pengen Buka Bisnis?","comment","eOwtRnJemrg","0"
"@editorhsb","false","UgzR1-FwxqYr3WYcNhd4AaABAg","aku dulu kuliah dok lukus tahun 2023. saya dulu dapat ipk 3.6 terus saya kerja sebagai editor sekarang dan saya tinggal di kampung dan saya juga punya usaha di rumah sendiri punya bisnis perternakan dan pertanian dok. gimana menurut dokter?","3865","false","https://www.youtube.com/watch?v=eOwtRnJemrg","3 months ago","0",,"Baru Lulus Udah Pengen Buka Bisnis?","comment","eOwtRnJemrg","0"
"@laptop_ku","false","UgxhDPS4J1Xk_aartxd4AaABAg","Konten sangat membuka mata","3865","false","https://www.youtube.com/watch?v=eOwtRnJemrg","3 months ago","0",,"Baru Lulus Udah Pengen Buka Bisnis?","comment","eOwtRnJemrg","0"
"@dewaroli1411","false","UgxsITU9OGFsc5eZp394AaABAg","4:00 pengen financially stabble dan bisa menikmati hidup dengan tenang.","3865","false","https://www.youtube.com/watch?v=eOwtRnJemrg","3 months ago","0",,"Baru Lulus Udah Pengen Buka Bisnis?","comment","eOwtRnJemrg","0"
"@keysa912","false","Ugwoqvclcg8ZKLf0j054AaABAg","aku masih SMK kelas 10,dan saya bisa dibilang ga punya privilege, mama sama ayah punya bisnis wirausaha, tapi aku mau sukses ku dari jerih payah sendiri, mau kerja part time kalo pulang sekolah, dan lulus SMK pengen kerja, lalu melanjutkan wishlist, kasih saran dong yang udah pada lulus gimana sih caranya, kasih spoiler biar ga kaget","3865","false","https://www.youtube.com/watch?v=eOwtRnJemrg","3 months ago","0",,"Baru Lulus Udah Pengen Buka Bisnis?","comment","eOwtRnJemrg","0"
"@AanNisa-y1t","false","UgxRLmFYDSgft-tDj7t4AaABAg","Sukses itu adalah mencapai teehadap apa yang kalian impikan 

Dan menikmati proses yang panjang dengan kesabaran





Mwehehehe....","3865","false","https://www.youtube.com/watch?v=eOwtRnJemrg","3 months ago","0",,"Baru Lulus Udah Pengen Buka Bisnis?","comment","eOwtRnJemrg","1"
"@kelasind","false","Ugy8T_DxWkVl6IQ9Wyt4AaABAg","Terimakasih ilmu nya dok","3865","false","https://www.youtube.com/watch?v=eOwtRnJemrg","3 months ago","0",,"Baru Lulus Udah Pengen Buka Bisnis?","comment","eOwtRnJemrg","0"
"@Alvidia_EksplorasiRasa","false","UgxN863chUTyXPr3JTl4AaABAg","respect, tajam betul dok

yaa, buat nyentak kesadaran 

seperti nya ketajaman ( kritisi ) jadi opsi yg bagus.

banyak yg tajam dan banyak yg masuk akal, namun ada beberapa komponen yg tertinggal, salah satunya "" experience ""

baca 1001 buku pun, seperti nya jika tanpa aksi dan manifestasi hanya akan jadi semu dan khayalan yg ujungnya malah demensia.

jadi bener yg dikatakan dokter tirta, dengan kerja bisa mendapatkan ""experience"", kita tahu terdengar klasik 
secara statistik, hal tersebut terus berulang dikatakan oleh kebanyakan orang.

thanks malaka atas konten yg bermanfaat dan dengan menghadirkan narasumber tegas, terbuka dan analogis.🙏","3865","false","https://www.youtube.com/watch?v=eOwtRnJemrg","3 months ago","0",,"Baru Lulus Udah Pengen Buka Bisnis?","comment","eOwtRnJemrg","0"
"@jhonkwol","false","UgzAoi9d1GJJ4P2HkM54AaABAg","Saya suka cara penyampaiannya keren Emosional membangunkan jiwa untuk menghadapi kenyataan
Kaya itu subjektif ,,,,
Keren","3865","false","https://www.youtube.com/watch?v=eOwtRnJemrg","3 months ago","0",,"Baru Lulus Udah Pengen Buka Bisnis?","comment","eOwtRnJemrg","0"
"@Undur217","false","Ugw_qz7KM-yFocj22Sh4AaABAg","Ini baru motivasi 
Sesuai realita kehidupan","3865","false","https://www.youtube.com/watch?v=eOwtRnJemrg","3 months ago","0",,"Baru Lulus Udah Pengen Buka Bisnis?","comment","eOwtRnJemrg","0"
"@ozzbara","false","UgzND1TxbxfHWgXuUv54AaABAg","Emang bener kalo gapunya ke 3 faktor itu hidup hanya lah survival.. 
😢","3865","false","https://www.youtube.com/watch?v=eOwtRnJemrg","3 months ago","0",,"Baru Lulus Udah Pengen Buka Bisnis?","comment","eOwtRnJemrg","0"
"@AditDwiRamadhan-f5s","false","UgxJI5KjwgYz1K-qiJZ4AaABAg","ngaku pinter kok dukung MU","3865","false","https://www.youtube.com/watch?v=eOwtRnJemrg","3 months ago (edited)","0",,"Baru Lulus Udah Pengen Buka Bisnis?","comment","eOwtRnJemrg","0"
"@rayhanarron4456","false","UgzQgmBgvoKLBS5_Qlp4AaABAg","gua mau jadi pengusaha karena apa? lucu ya kaya pertanyaan simpel yg malah gabisa aku jawab sesimpel itu ternyata.  Aku pengen jadi pengusaha buat bisa hidup dengan langkah"" yg aku ambil secara mandiri tidak di atur oleh sistem, aku ingin jadi pengusaha agar bisa kenal dan berdiskusi dengan orang"" hebat, aku ingin jadi pengusaha untuk menjadi kaya dan bisa menjelajah dunia, aku ingin jadi pengusaha untuk at least membawa keluargaku kemanapun itu, aku ingin jadi pengusaha karena dari kecil aku rasa itu jiwaku buat saya yang ga terlalu pinter dan ga terlalu jago dalam permasalahan teknis namun saya mau berjuang dan mau belajar, saya ingin jadi pengusaha buat menjadikan hidup saya dinamis kedepan","3865","false","https://www.youtube.com/watch?v=eOwtRnJemrg","3 months ago","0",,"Baru Lulus Udah Pengen Buka Bisnis?","comment","eOwtRnJemrg","0"
"@fatonikhabibi8120","false","UgwE3bI16GC4KUeOXLl4AaABAg","berkembanglah dengan baik sebelum kau berkembang biak.","3865","false","https://www.youtube.com/watch?v=eOwtRnJemrg","3 months ago","0",,"Baru Lulus Udah Pengen Buka Bisnis?","comment","eOwtRnJemrg","0"
"@elyusuf2433","false","UgxDS9_lAyEHH7GHWbB4AaABAg","Siap dokter 
Saya tahu dosisnya","3865","false","https://www.youtube.com/watch?v=eOwtRnJemrg","3 months ago","0",,"Baru Lulus Udah Pengen Buka Bisnis?","comment","eOwtRnJemrg","0"
"@fitrahritonga391","false","Ugy9_GbE3c8wkw0a1El4AaABAg","mau bantu semua makhluk hidup 4:21","3865","false","https://www.youtube.com/watch?v=eOwtRnJemrg","3 months ago","0",,"Baru Lulus Udah Pengen Buka Bisnis?","comment","eOwtRnJemrg","0"
"@adityawardi8584","false","Ugx8wUWKs1MF4bBZsEF4AaABAg","Mantab nih kata-katanyanya dari Dr Tirta. ""Seorang Pengusaha yang bisa menekan kemungkinan gagal mendekati 0%, itu yang akan memenangkan pertandingan"". Clear dok. Mantab..👍👍","3865","false","https://www.youtube.com/watch?v=eOwtRnJemrg","3 months ago","0",,"Baru Lulus Udah Pengen Buka Bisnis?","comment","eOwtRnJemrg","0"
"@1nstantLaughs","false","UgyesMBvt4ZjFGwCLRZ4AaABAg","6jt di umur 16","3865","false","https://www.youtube.com/watch?v=eOwtRnJemrg","3 months ago","0",,"Baru Lulus Udah Pengen Buka Bisnis?","comment","eOwtRnJemrg","1"
"@lonewolf-1011","false","UgxYxY75Nb2XOt4QItd4AaABAg","Gile keren ni baik isi dan videografinya. Actually ntn ini karena: 1. Miskin (menurut gue dan miskin itu subjektif) 2. Bingung mau ngapain dan nggak tau harus ngapain. Current job is civil servant baru tamat s2 dan berasa fresh graduate lagi karena hasil nabung abis buat biaya sekolah. Kerja ya gitu2 aja terima nasib. Note: sangat bersyukur dengan apa yg sudah dicapai dan dimiliki tapi masih percaya i can do more but dont know how. 😢","3865","false","https://www.youtube.com/watch?v=eOwtRnJemrg","3 months ago (edited)","0",,"Baru Lulus Udah Pengen Buka Bisnis?","comment","eOwtRnJemrg","0"
"@KOMEDIHIBUR","false","Ugx6hRQdnVyirCG2DrF4AaABAg","yo santeeeeee","3865","false","https://www.youtube.com/watch?v=eOwtRnJemrg","3 months ago","0",,"Baru Lulus Udah Pengen Buka Bisnis?","comment","eOwtRnJemrg","0"
"@pelangimalam7548","false","Ugwgl_zJoYB7UrQRBTh4AaABAg","apalah daya lulusan SMP,jadi TKW pisan😂😂😂😂🎉...
menangis saya melihat vidio ini😂😂😂","3865","false","https://www.youtube.com/watch?v=eOwtRnJemrg","3 months ago","0",,"Baru Lulus Udah Pengen Buka Bisnis?","comment","eOwtRnJemrg","0"
"@KingZexx-n5t","false","UgxAs0-QkK-Pk8SdbaB4AaABAg","always trust the process 

Maret 26","3865","false","https://www.youtube.com/watch?v=eOwtRnJemrg","3 months ago","0",,"Baru Lulus Udah Pengen Buka Bisnis?","comment","eOwtRnJemrg","1"
"@anfvzn","false","UgwTyG0eKFWsfdEo3lJ4AaABAg","aku berandai andai malaka project lahir 10 tahun yang lalu...","3865","false","https://www.youtube.com/watch?v=eOwtRnJemrg","3 months ago","0",,"Baru Lulus Udah Pengen Buka Bisnis?","comment","eOwtRnJemrg","0"
"@rendiprastyo9571","false","Ugx6T62NHiejartwe714AaABAg","Sangat setuju dok 👍 , bukan hanya omong kosong tapi realistis bahwa kesuksesan dalam usaha gak segampang omongan motivator, yang sebenarnya harus di punya i adalah modal, privilege, ilmu, tahan banting dan keberuntungan 🙌","3865","false","https://www.youtube.com/watch?v=eOwtRnJemrg","3 months ago","0",,"Baru Lulus Udah Pengen Buka Bisnis?","comment","eOwtRnJemrg","0"
"@fathurrozi4843","false","UgysxKz62lI5AOCpmpx4AaABAg","terimakasih udh upload","3865","false","https://www.youtube.com/watch?v=eOwtRnJemrg","3 months ago","0",,"Baru Lulus Udah Pengen Buka Bisnis?","comment","eOwtRnJemrg","0"
"@linagntng","false","Ugzm3vTWWpoO7AHke0F4AaABAg","10:25 Oke IPK bagus, pengalaman kerja sudah lumayan, ambisi, pendapatan secuil pengeluaran membeludak, sudah berbisnis kecil-kecilan, minusnya yatim dari anak nya bos jadi pontang panting di lapangan tapi its oke anggap ujian dan pengalaman nomor 1","3865","false","https://www.youtube.com/watch?v=eOwtRnJemrg","3 months ago (edited)","0",,"Baru Lulus Udah Pengen Buka Bisnis?","comment","eOwtRnJemrg","0"
"@raihanfadhilah3177","false","Ugyv0kSOm11hiNzeRUF4AaABAg","""Mimpi mimpi, setruk""","3865","false","https://www.youtube.com/watch?v=eOwtRnJemrg","3 months ago","0",,"Baru Lulus Udah Pengen Buka Bisnis?","comment","eOwtRnJemrg","0"
"@NinikIstriani-hd3yo","false","Ugy7BzcMgzQ8eyABAtt4AaABAg","Ngombe kopi di leg sak ampase Yo keselak bro bro 😂😂😂😂😂","3865","false","https://www.youtube.com/watch?v=eOwtRnJemrg","3 months ago","0",,"Baru Lulus Udah Pengen Buka Bisnis?","comment","eOwtRnJemrg","0"
"@NinikIstriani-hd3yo","false","Ugz_TLcbDGgd8wDMBQB4AaABAg","Hooh mas bangun pagi bukan jaminan kaya dan raya","3865","false","https://www.youtube.com/watch?v=eOwtRnJemrg","3 months ago","0",,"Baru Lulus Udah Pengen Buka Bisnis?","comment","eOwtRnJemrg","0"
"@NinikIstriani-hd3yo","false","UgzVD6NokXyigFIVhCt4AaABAg","Dari nol ndasmu 😂😂😂😂😂😂😂😂","3865","false","https://www.youtube.com/watch?v=eOwtRnJemrg","3 months ago","0",,"Baru Lulus Udah Pengen Buka Bisnis?","comment","eOwtRnJemrg","0"
"@NinikIstriani-hd3yo","false","Ugy69U_5skUEO65qNHF4AaABAg","Astogfirloh hal adzim 😂😂😂😂😂😂","3865","false","https://www.youtube.com/watch?v=eOwtRnJemrg","3 months ago","0",,"Baru Lulus Udah Pengen Buka Bisnis?","comment","eOwtRnJemrg","0"
"@NinikIstriani-hd3yo","false","UgzSjgpj5HNBR3qD5_x4AaABAg","😂😂😂 Iki omong kakehan ilmu cerdas blak"" an lek mental entok ajur ngadepi wong nge ne iki","3865","false","https://www.youtube.com/watch?v=eOwtRnJemrg","3 months ago","0",,"Baru Lulus Udah Pengen Buka Bisnis?","comment","eOwtRnJemrg","0"
"@naungansurya","false","Ugz8et_gcBHO1GrYoel4AaABAg","Makasi Om Cipeng yg disampaikan realistis dan penuh dgn manajemen resiko terukur untuk menekan kegagalan sekecil mungkin","3865","false","https://www.youtube.com/watch?v=eOwtRnJemrg","3 months ago (edited)","0",,"Baru Lulus Udah Pengen Buka Bisnis?","comment","eOwtRnJemrg","0"
"@ARKA_arc","false","Ugze-4eCAWgczXwh7_94AaABAg","Saya masih umur 16 udh kerja sama orang pengalaman 2 Th,","3865","false","https://www.youtube.com/watch?v=eOwtRnJemrg","3 months ago","1",,"Baru Lulus Udah Pengen Buka Bisnis?","comment","eOwtRnJemrg","0"
"@r3noa7688","false","UgzdhoEyKJE_DZhvY-Z4AaABAg","Kalau saya awal² kuliah sammpai smtr 8 selesai graduate jadi jadi blantek makelar sepeda motor ada tabungan buka jual beli motor kecil² an 😂","3865","false","https://www.youtube.com/watch?v=eOwtRnJemrg","3 months ago (edited)","0",,"Baru Lulus Udah Pengen Buka Bisnis?","comment","eOwtRnJemrg","0"
"@NamaZayn","false","Ugw_5mr2SnAJioh9gcR4AaABAg","Meskipun aku orang nya bego, tapi aku dapat poin poin yg dr.Tirta jelaskan, jadi terimakasih atas penjelasannya yg luar biasa🙏👍","3865","false","https://www.youtube.com/watch?v=eOwtRnJemrg","3 months ago","0",,"Baru Lulus Udah Pengen Buka Bisnis?","comment","eOwtRnJemrg","0"
"@warganetbudiman8597","false","Ugw3_Wk_4fGFzkSiZOd4AaABAg","Ini motivator yang menampol 😂","3865","false","https://www.youtube.com/watch?v=eOwtRnJemrg","3 months ago","0",,"Baru Lulus Udah Pengen Buka Bisnis?","comment","eOwtRnJemrg","0"
"@FIAN-cu6pr","false","Ugzt9-on3XtDIJSRU6x4AaABAg","Saya pengen menjadi salah satu pionir pengembang teknologi...🙏","3865","false","https://www.youtube.com/watch?v=eOwtRnJemrg","3 months ago","0",,"Baru Lulus Udah Pengen Buka Bisnis?","comment","eOwtRnJemrg","0"
"@Dikx-pl1fk","false","UgzEl25xvCVBS2PNADd4AaABAg","wkwkw","3865","false","https://www.youtube.com/watch?v=eOwtRnJemrg","3 months ago","0",,"Baru Lulus Udah Pengen Buka Bisnis?","comment","eOwtRnJemrg","0"
"@AhmadSukri-e1s","false","UgyB5DOUwJ3_2iwPM494AaABAg","Saya ingin berbisnis ingin mendapatkan kebebasan saya ingin di masa depan nanti saya punya usaha jangka panjang sampingan karena saya ingin bahagia bersama istri anak saya","3865","false","https://www.youtube.com/watch?v=eOwtRnJemrg","3 months ago","0",,"Baru Lulus Udah Pengen Buka Bisnis?","comment","eOwtRnJemrg","0"
"@ImronBhorezt","false","UgyYiQDLp54geN2EO354AaABAg","hahaha  terkesan galak tapi lucu juga ente boss hehe","3865","false","https://www.youtube.com/watch?v=eOwtRnJemrg","3 months ago","0",,"Baru Lulus Udah Pengen Buka Bisnis?","comment","eOwtRnJemrg","0"
"@ricoseptian8089","false","UgzHZ1flCyBnJmFjbj14AaABAg","TERBAIKKK..... SAYA SUKA GAYA BICARA SEPERTI DOKTER TIRTA INI...APALAGI MASIH ADA KETURUN CINA","3865","false","https://www.youtube.com/watch?v=eOwtRnJemrg","3 months ago","0",,"Baru Lulus Udah Pengen Buka Bisnis?","comment","eOwtRnJemrg","0"
"@septalibransyah","false","UgyBrsAyi0bv_IYlRSx4AaABAg","berarti pemikiran gw selama ini udah bener, kalo menurut dokter tirta bilang semakin tinggi finansial maka semakin banyak variasi/alternatif pilihan hidup, kalo gw bilangnya makin kaya sebenernya yg kita beli itu adalah fitur/akses. ibarat kata, orang punya duit 200jt cuma bisa buat beli honda HRV yg fiturnya cuma gitu gitu aja, meanwhile orang lain punya duit 2M bisa buat beli mercedes benz E Class yg fiturnya bejibun banget.","3865","false","https://www.youtube.com/watch?v=eOwtRnJemrg","3 months ago","0",,"Baru Lulus Udah Pengen Buka Bisnis?","comment","eOwtRnJemrg","0"
"@Weboo_animovie_and_popculture","false","UgxYAACoEyCnnQ739014AaABAg","Tabungan -25.700.000😅","3865","false","https://www.youtube.com/watch?v=eOwtRnJemrg","3 months ago","0",,"Baru Lulus Udah Pengen Buka Bisnis?","comment","eOwtRnJemrg","0"
"@Natureboy-w1e","false","UgwCthbA6EHtPnMH8bR4AaABAg","Tuh dengar privillege, is luck","3865","false","https://www.youtube.com/watch?v=eOwtRnJemrg","3 months ago","0",,"Baru Lulus Udah Pengen Buka Bisnis?","comment","eOwtRnJemrg","0"
"@solutionRepairPhoneEasy_","false","UgxSfW2KWIbanfdAG1l4AaABAg","Izin 
Sy lulus sd 
Di pesantren 10th
Bisnis limbah elektronik
Servis hp
Jual beli hp
Open jasa trip 
Shopee food 
Saya yatim . Alhamdulillah sudah mencapai 80jt pertama di umur 23th","3865","false","https://www.youtube.com/watch?v=eOwtRnJemrg","3 months ago","1",,"Baru Lulus Udah Pengen Buka Bisnis?","comment","eOwtRnJemrg","1"
"@jokowiyono7495","false","UgxFHmq3fex1EL-q-CJ4AaABAg","Dan hasilnya tidak seperti pertunjukan sulap Hudhini","3865","false","https://www.youtube.com/watch?v=eOwtRnJemrg","3 months ago","0",,"Baru Lulus Udah Pengen Buka Bisnis?","comment","eOwtRnJemrg","0"
"@AveroesRizky","false","UgzaQSZpeCiMZBuEPyN4AaABAg","GG KING EMYU 👑","3865","false","https://www.youtube.com/watch?v=eOwtRnJemrg","3 months ago","0",,"Baru Lulus Udah Pengen Buka Bisnis?","comment","eOwtRnJemrg","0"
"@wahyuprayoga1906","false","UgyUOaNt-QEkNyM-LzJ4AaABAg","""mati itu sekali tapi hidupnya tiap hari"" Daymmm
-dr. Tirta","3865","false","https://www.youtube.com/watch?v=eOwtRnJemrg","3 months ago","1",,"Baru Lulus Udah Pengen Buka Bisnis?","comment","eOwtRnJemrg","125"
"@BWNata46","false","UgxK0nbM4J1fUsloEp14AaABAg","Gua ke 2 nya tidak
Ipk standar, skil praktek apapun butuh 1 minggu  pasti bisa. 😢
Cuma mengandalkan keberuntungan😅. 
Smoga aja ada keberuntungan ( moment ).","3865","false","https://www.youtube.com/watch?v=eOwtRnJemrg","3 months ago (edited)","0",,"Baru Lulus Udah Pengen Buka Bisnis?","comment","eOwtRnJemrg","0"
"@yosiariansyah6823","false","UgzuxYhDnTqetaZkKeN4AaABAg","Kromo inggil sampeyan apik tenan 😆👍","3865","false","https://www.youtube.com/watch?v=eOwtRnJemrg","3 months ago","0",,"Baru Lulus Udah Pengen Buka Bisnis?","comment","eOwtRnJemrg","1"
"@UdiPriadi-i6w","false","UgzfULdTzVpObaM2ULF4AaABAg","""arogan kalau pinter gapapa"".
-dr. Tirta","3865","false","https://www.youtube.com/watch?v=eOwtRnJemrg","3 months ago (edited)","0",,"Baru Lulus Udah Pengen Buka Bisnis?","comment","eOwtRnJemrg","1"
"@liveonsamsulmy","false","UgyjJgjLQLNLRgtyucB4AaABAg","alhamdulilah dari lulus sekolah sampe sekarang saya tidak pernah pilih pilih pekerjaan hasilnya saya punya banyak pengalaman. nikah di usia 24 belum mapan. tapi sekarang ekonomi sudah mencukupi walau sudah punya anak. tidak terlahir dari privilage keluarga bisa di bilang kismin. sekarang kendaraan roda empat punya, roda 2 banyak, rumah punya, usaha ada. 😊","3865","false","https://www.youtube.com/watch?v=eOwtRnJemrg","3 months ago","0",,"Baru Lulus Udah Pengen Buka Bisnis?","comment","eOwtRnJemrg","1"
"@nananglutfillah6509","false","UgxSeh6JyZkS0e3-gdR4AaABAg","PETOK 😁😁👍👍👌👌","3865","false","https://www.youtube.com/watch?v=eOwtRnJemrg","3 months ago","0",,"Baru Lulus Udah Pengen Buka Bisnis?","comment","eOwtRnJemrg","1"
"@cahayaasia-m5j","false","Ugxtm9xVyhJLeFxGleh4AaABAg","Suhu ajarin aku bisnis 😊","3865","false","https://www.youtube.com/watch?v=eOwtRnJemrg","3 months ago","0",,"Baru Lulus Udah Pengen Buka Bisnis?","comment","eOwtRnJemrg","1"
"@adityaramadhani5770","false","Ugy3te84qVHoPmaDDEl4AaABAg","13:30 biasanya jadi akamsi kang palak mabukan yg suka ganggu dok gedenya","3865","false","https://www.youtube.com/watch?v=eOwtRnJemrg","3 months ago","0",,"Baru Lulus Udah Pengen Buka Bisnis?","comment","eOwtRnJemrg","1"
"@senpaipai-z5y","false","UgzCFxqvJwfbRmZNF8B4AaABAg","realistis banget duh wkwk","3865","false","https://www.youtube.com/watch?v=eOwtRnJemrg","3 months ago","0",,"Baru Lulus Udah Pengen Buka Bisnis?","comment","eOwtRnJemrg","3"
"@magangboi","false","UgytcRmMX2kiBwDtXUJ4AaABAg","Hidup yang baik itu bukan kuat mengejar mimpi tapi kuat menghadapi realita","3865","false","https://www.youtube.com/watch?v=eOwtRnJemrg","3 months ago","0",,"Baru Lulus Udah Pengen Buka Bisnis?","comment","eOwtRnJemrg","4"
"@hardhinipermatasati3741","false","Ugx-iwh0w4cAxEI9J1R4AaABAg","Masak??","3865","false","https://www.youtube.com/watch?v=eOwtRnJemrg","3 months ago","0",,"Baru Lulus Udah Pengen Buka Bisnis?","comment","eOwtRnJemrg","1"
"@paulusgunawan2234","false","Ugy2ZbVcOUgoCu0_e714AaABAg","Percaya atau tidak..bahwa kalo presentasi  dr Tirta mirip dg tung desem","3865","false","https://www.youtube.com/watch?v=eOwtRnJemrg","3 months ago","0",,"Baru Lulus Udah Pengen Buka Bisnis?","comment","eOwtRnJemrg","1"
"@AdnanFawaz-u5e","false","Ugz49FskQNsSfMUQLj14AaABAg","bapak nya nganggur","3865","false","https://www.youtube.com/watch?v=eOwtRnJemrg","3 months ago","0",,"Baru Lulus Udah Pengen Buka Bisnis?","comment","eOwtRnJemrg","1"
"@ARKA_arc","false","Ugze-4eCAWgczXwh7_94AaABAg.AUhmIxPyfQrAUhmlbuLXUM","Dan buka Bisnis kecil kecilan","3865","false","https://www.youtube.com/watch?v=eOwtRnJemrg","3 months ago","0","Ugze-4eCAWgczXwh7_94AaABAg","Baru Lulus Udah Pengen Buka Bisnis?","reply","eOwtRnJemrg","0"
"@Radityaalmalik-u1r","false","UgyUOaNt-QEkNyM-LzJ4AaABAg.AUaIuWOD-wCAYGSkWg4KNt","tertampar","3865","false","https://www.youtube.com/watch?v=eOwtRnJemrg","3 weeks ago","0","UgyUOaNt-QEkNyM-LzJ4AaABAg","Baru Lulus Udah Pengen Buka Bisnis?","reply","eOwtRnJemrg","0"
"@yeahyeah88","false","UgxSfW2KWIbanfdAG1l4AaABAg.AUdVfovOhwsAUdh95cK4wx","Bisnis limbah elektro itu gimana Bang? Sharing dong","3865","false","https://www.youtube.com/watch?v=eOwtRnJemrg","3 months ago","0","UgxSfW2KWIbanfdAG1l4AaABAg","Baru Lulus Udah Pengen Buka Bisnis?","reply","eOwtRnJemrg","0"
"@W-ART_5","false","UgzinJMSJWuZamUmFol4AaABAg","Aku anak smp yg nonton ini dan bacain komen kalian, rasanya dunia kerja itu menyeramkan (udah mikirin, pas gede mau jadi apa...)","3865","false","https://www.youtube.com/watch?v=eOwtRnJemrg","3 months ago","0",,"Baru Lulus Udah Pengen Buka Bisnis?","comment","eOwtRnJemrg","1"
"@W-ART_5","false","UgwIhB1WmfbDOH9GD5V4AaABAg","Aku anak smp yg nonton ini dan bacain komen kalian, rasanya dunia kerja itu menyeramkan (udah mikirin, pas gede mau jadi apa...)","3865","false","https://www.youtube.com/watch?v=eOwtRnJemrg","3 months ago","0",,"Baru Lulus Udah Pengen Buka Bisnis?","comment","eOwtRnJemrg","0"
"@DNAofDoggie","false","UgyGkI6gelcHOgeEs2l4AaABAg","Baru mau buka bisnis di palak.
mantap","3865","false","https://www.youtube.com/watch?v=eOwtRnJemrg","3 months ago","0",,"Baru Lulus Udah Pengen Buka Bisnis?","comment","eOwtRnJemrg","0"
"@RaflyAnandsyah-fc2xm","false","UgzBvHo7kMWldth2xox4AaABAg","cuman di ipk yg bagus sama pengalaman. tabungan dikit + gak ada privilege (anak yatim)","3865","false","https://www.youtube.com/watch?v=eOwtRnJemrg","3 months ago","0",,"Baru Lulus Udah Pengen Buka Bisnis?","comment","eOwtRnJemrg","0"
"@Fathur_Rhm","false","UgydauU0x5YBGawBrxt4AaABAg","Tirta ashuu 😂 ..
 Tontonan e koceng aiuiaiu aiuiaiu 😭🤣","3865","false","https://www.youtube.com/watch?v=eOwtRnJemrg","3 months ago","0",,"Baru Lulus Udah Pengen Buka Bisnis?","comment","eOwtRnJemrg","1"
"@adamoke2710","false","Ugy4v74XmFsqMhXK8ox4AaABAg","kenapa ingin jadi kaya karna ingin punya waktu bersama keluarga,karna tidak ingin diatur orang semuanya sendiri,karna ingin memperbaiki ekonomi agar tidak seperti sebelum, maaf kalo komennya kaya gini dok","3865","false","https://www.youtube.com/watch?v=eOwtRnJemrg","3 months ago","0",,"Baru Lulus Udah Pengen Buka Bisnis?","comment","eOwtRnJemrg","0"
"@saepulohridwan1923","false","UgxxuBgqNz9JtLJXZGp4AaABAg","Bahasa y ngegampar banget😂","3865","false","https://www.youtube.com/watch?v=eOwtRnJemrg","3 months ago","0",,"Baru Lulus Udah Pengen Buka Bisnis?","comment","eOwtRnJemrg","0"
"@IbrahimHasan-p1y","false","UgyNnojTPoj7-XfiG7d4AaABAg","Quote terbazeng nya adalah : Liverpool 30 tahun baru juara sekali kalian mungkin 30 tahun lagi baru sukses 😅","3865","false","https://www.youtube.com/watch?v=eOwtRnJemrg","3 months ago","0",,"Baru Lulus Udah Pengen Buka Bisnis?","comment","eOwtRnJemrg","0"
"@BrotoS-sr1xy","false","UgxRoRVzeRcmsqMFsJ94AaABAg","Makasih Malaka & Dr. Tirta atas Ilmu & nasihat mahalnya, sangat membantu","3865","false","https://www.youtube.com/watch?v=eOwtRnJemrg","3 months ago","0",,"Baru Lulus Udah Pengen Buka Bisnis?","comment","eOwtRnJemrg","0"
"@BoyArnesz","false","UgwE32BkOHeeF295q0B4AaABAg","dari gaya ngomongnya ga enak njir kayak attitude nya kurang gitu🙏","3865","false","https://www.youtube.com/watch?v=eOwtRnJemrg","4 months ago","1",,"Baru Lulus Udah Pengen Buka Bisnis?","comment","eOwtRnJemrg","0"
"@aprilaste","false","UgxVVfRIw36O-EeYJW54AaABAg","Bangun pagi biar rejeki ga di patok ayam🐓","3865","false","https://www.youtube.com/watch?v=eOwtRnJemrg","4 months ago","0",,"Baru Lulus Udah Pengen Buka Bisnis?","comment","eOwtRnJemrg","0"
"@ghurulmuhajelin3441","false","UgxAzleKs16s9RBodn54AaABAg","jam segituan nonton gituan.
ini aku lihat dokter pas malem😅. saya masih belum lulus sma 😢, saya berniat menonton ini untuk bekal di masa depan dok😊💪🏻","3865","false","https://www.youtube.com/watch?v=eOwtRnJemrg","4 months ago (edited)","0",,"Baru Lulus Udah Pengen Buka Bisnis?","comment","eOwtRnJemrg","1"
"@gegammer6016","false","UgwJBcjd8ICGUNt_Vkt4AaABAg","Faktanya selain lingkungan sekitar yang bikin seseorang setress adalah keluarga 

Lingkungan Indonesia banyak tradisi tapi seiring ambruknya ekonomi tradisi tetap berjalan dipaksa apalagi demi gengsi

ujung ujungnya Hutang bikin tambah beban hidup lagi 😂

Mau ekonomi kembali normal? Hukum maksimal dulu para penjahat nya

Tapi apa bisa? 
Tentu tidak

Kasih contoh nyata aja tu Koruptor

Ujung ujungnya Presiden Memaafkan Koruptor","3865","false","https://www.youtube.com/watch?v=eOwtRnJemrg","4 months ago","0",,"Baru Lulus Udah Pengen Buka Bisnis?","comment","eOwtRnJemrg","0"
"@CJ_GAMING-12","false","UgzdSupmQbh9YRrQv1R4AaABAg","Sukses = Mie Instan","3865","false","https://www.youtube.com/watch?v=eOwtRnJemrg","4 months ago","0",,"Baru Lulus Udah Pengen Buka Bisnis?","comment","eOwtRnJemrg","0"
"@Exters","false","Ugx54b1hqkkZHw6JG_V4AaABAg","Makasih bang 😢😢","3865","false","https://www.youtube.com/watch?v=eOwtRnJemrg","4 months ago","0",,"Baru Lulus Udah Pengen Buka Bisnis?","comment","eOwtRnJemrg","0"
"@muhamadridwan4382","false","UgyPzxSD1FsoBQC_WU94AaABAg","bapak saya tukang basko dok cuman udah meninggal sejak saya umur 2 th","3865","false","https://www.youtube.com/watch?v=eOwtRnJemrg","4 months ago","0",,"Baru Lulus Udah Pengen Buka Bisnis?","comment","eOwtRnJemrg","0"
"@cihuyadhria8357","false","UgzlqiPTaGj14bUOdjJ4AaABAg","Boleh ga saya ikut privilege kang peng peng","3865","false","https://www.youtube.com/watch?v=eOwtRnJemrg","4 months ago","0",,"Baru Lulus Udah Pengen Buka Bisnis?","comment","eOwtRnJemrg","0"
"@solehsoleh-cd3st","false","Ugx1uu61GHfJDqoBNIZ4AaABAg","udah gw juga kerja duluy cari uang 2 tahun belajar itu juga sama kok","3865","false","https://www.youtube.com/watch?v=eOwtRnJemrg","4 months ago","0",,"Baru Lulus Udah Pengen Buka Bisnis?","comment","eOwtRnJemrg","0"
"@ihsanavicenna8171","false","UgyPFpkp3jA-Xq44EZJ4AaABAg","petokk kata peng2","3865","false","https://www.youtube.com/watch?v=eOwtRnJemrg","4 months ago","0",,"Baru Lulus Udah Pengen Buka Bisnis?","comment","eOwtRnJemrg","0"
"@fahrifirman7035","false","UgwCfr_A6isfd8EG3XR4AaABAg","Sukses Itu bro adalah .. dimana Hidup Lu tenang Ga Punya Utang .. Dan Jauhin Judi , Mabok Dan Maen LC .. Dan Badan Lu Msh Sehat Wal afiat .. Itu Sebener Hidup Lu Udh Sukses bro .. cuma yg sulit itu Mempertahankan nyaaa .. Benerrrr Gaaaa .. Karna Sukses itu untuk laki2 .. Nah Sedangkan Laki2 Kalo punya duit banyak .. Lu tau kan kelakuannya ke manaaa ... Nah ituuu awal Dri kehancurannya","3865","false","https://www.youtube.com/watch?v=eOwtRnJemrg","4 months ago","0",,"Baru Lulus Udah Pengen Buka Bisnis?","comment","eOwtRnJemrg","0"
"@pw8635","false","UgwHkj37VH_VCcvqE8R4AaABAg","Motivator itu cuma cari duit dr seminar. Blm tentu dia udah melakukan kata2 motivasi buat dirinya sendiri 😂😂😂","3865","false","https://www.youtube.com/watch?v=eOwtRnJemrg","4 months ago","0",,"Baru Lulus Udah Pengen Buka Bisnis?","comment","eOwtRnJemrg","1"
"@aiignister1207","false","UgzN-oDTfJCUExhoHZF4AaABAg","Aku dok point 1 & 2 no semua
Tapi kerjo opo ae selama cocok tak jupuk asal oleh duit timbange nganggur","3865","false","https://www.youtube.com/watch?v=eOwtRnJemrg","4 months ago","0",,"Baru Lulus Udah Pengen Buka Bisnis?","comment","eOwtRnJemrg","0"
"@Ohohoyy","false","UgyKg1P_7zX_0y_yEcF4AaABAg","Sayang manusia. Masih hidup.","3865","false","https://www.youtube.com/watch?v=eOwtRnJemrg","4 months ago","0",,"Baru Lulus Udah Pengen Buka Bisnis?","comment","eOwtRnJemrg","0"
"@MisteriLegendaNusantara2","false","UgxUfuJMpSy6ZQiDAXd4AaABAg","Kelazzz Bosss","3865","false","https://www.youtube.com/watch?v=eOwtRnJemrg","4 months ago","0",,"Baru Lulus Udah Pengen Buka Bisnis?","comment","eOwtRnJemrg","0"
"@m.kaspulanwar1942","false","UgyMpNvwIwNZsjfl6Ih4AaABAg","Saya
S1 teknik komputer
Umur : 29 tahun
Pengalaman kerja : 10 tahun
Finansial : 120jt","3865","false","https://www.youtube.com/watch?v=eOwtRnJemrg","4 months ago","0",,"Baru Lulus Udah Pengen Buka Bisnis?","comment","eOwtRnJemrg","0"
"@mochammadzaehidaufar","false","Ugy4hui81GZvYZ_DwmF4AaABAg","sound nya apa?","3865","false","https://www.youtube.com/watch?v=eOwtRnJemrg","4 months ago","0",,"Baru Lulus Udah Pengen Buka Bisnis?","comment","eOwtRnJemrg","0"
"@ebgdae1329","false","Ugx6CCy1dBj339cwj_N4AaABAg","good opinion","3865","false","https://www.youtube.com/watch?v=eOwtRnJemrg","4 months ago","0",,"Baru Lulus Udah Pengen Buka Bisnis?","comment","eOwtRnJemrg","0"
"@Md88Aus1","false","UgzNtyIKIWIK7I0_tC14AaABAg","bapak saya punya utang :hand-pink-waving:","3865","false","https://www.youtube.com/watch?v=eOwtRnJemrg","4 months ago","0",,"Baru Lulus Udah Pengen Buka Bisnis?","comment","eOwtRnJemrg","0"
"@hrrakbr","false","UgzS0PVmasP_0EwsuvJ4AaABAg","Dok klo ga kuliah gmn?","3865","false","https://www.youtube.com/watch?v=eOwtRnJemrg","4 months ago","0",,"Baru Lulus Udah Pengen Buka Bisnis?","comment","eOwtRnJemrg","0"
"@DutaTaruna-l6p","false","UgzT4SDNpB72zOwyIsp4AaABAg","Tidak","3865","false","https://www.youtube.com/watch?v=eOwtRnJemrg","4 months ago","0",,"Baru Lulus Udah Pengen Buka Bisnis?","comment","eOwtRnJemrg","0"
"@DutaTaruna-l6p","false","UgwFwEoH_iy-uIuPBNF4AaABAg","Jadi kaya","3865","false","https://www.youtube.com/watch?v=eOwtRnJemrg","4 months ago","0",,"Baru Lulus Udah Pengen Buka Bisnis?","comment","eOwtRnJemrg","0"
"@AhmedBaul","false","UgwTjTAzpapOc5TLezF4AaABAg","vvjhgxvcfhfss","3865","false","https://www.youtube.com/watch?v=eOwtRnJemrg","4 months ago","0",,"Baru Lulus Udah Pengen Buka Bisnis?","comment","eOwtRnJemrg","0"
"@Ipurbancana86","false","UgzCcy5nkEgmQ4oQKlF4AaABAg","Itulah kenapa orang kaya cepat kaya, karena waktu yg mereka beli buat dapat duit lagi","3865","false","https://www.youtube.com/watch?v=eOwtRnJemrg","4 months ago","0",,"Baru Lulus Udah Pengen Buka Bisnis?","comment","eOwtRnJemrg","0"
"@mbundumbundu3057","false","UgxaOr39PUZus9pHUKV4AaABAg","Bermanfaat 😂","3865","false","https://www.youtube.com/watch?v=eOwtRnJemrg","4 months ago","0",,"Baru Lulus Udah Pengen Buka Bisnis?","comment","eOwtRnJemrg","0"
"@Ramamana-c9f","false","Ugzo5KWzTwtvSYBLen14AaABAg","Pengen pemasukan stabil","3865","false","https://www.youtube.com/watch?v=eOwtRnJemrg","4 months ago","1",,"Baru Lulus Udah Pengen Buka Bisnis?","comment","eOwtRnJemrg","0"
"@dewiadhr","false","Ugyp4etR4K4ZR24j3kN4AaABAg","20:09 gue jadi inget mengenai waktu ini ke drakor Itaewon Class","3865","false","https://www.youtube.com/watch?v=eOwtRnJemrg","4 months ago","0",,"Baru Lulus Udah Pengen Buka Bisnis?","comment","eOwtRnJemrg","0"
"@AbdullahRijal-e8s","false","UgyiuSTIENZhZ8n_S554AaABAg","pengen banget ketemu dokter tirta, mau di caci maki habis² an biar saya sadar, dan kelamaan bodoh seperti ini, putus sekolah di kls 2 sma adalah pilihan terbodoh yang aku buat, sekarang sedikit sadar semua itu emang bener2 kepake","3865","false","https://www.youtube.com/watch?v=eOwtRnJemrg","4 months ago","0",,"Baru Lulus Udah Pengen Buka Bisnis?","comment","eOwtRnJemrg","1"
"@bobyherdiana9582","false","UgwIc1zyNOroutUF9I94AaABAg","20:32 Kalau ada peluang jadilah pionir seperti kapal api. Kalo udh gak ada celah untuk jadi yg pertama gimana?mikir..bedah otak buat cari ide baru, misalnya buat kapal uap, kapal listrik atau apalah. Basic sama gak soal tp bedain pakai sentuhan inovasi, bentuk karakter lain tp kuat, jaga konsistensi rasa dan harga, hasilnya?contoh real) jadilah ABC susu, indocafe coffeemix 3 in 1, mereka adalah kopi+gula+susu/krimer pertama dgn harga yg masuk akal. Selain dasar modal/finasial (poin ke-1), bisnis itu lahir dari inovasi untuk bangun privileged access (poin ke-2). Gimana caranya?(poin ke-3) pake otak ber-IPK 3 koma (IPK tinggi disini bukan scr harfiah tp sbg metafora lho ya), memiliki literasi yg baik, pola pikir matang supaya mampu berpikir kreatif, cermat & cerdas, lihat & cari peluang, kalo otak IPK rendah hampir dipastikan cuma fomo. Terima kasih dok, materi yg bagus & anda berhasil menarasikan dgn gaya yg berbeda namun tetap khas 👍👍👍","3865","false","https://www.youtube.com/watch?v=eOwtRnJemrg","4 months ago (edited)","0",,"Baru Lulus Udah Pengen Buka Bisnis?","comment","eOwtRnJemrg","0"
"@beiyongzui","false","UgxQizJVjP1PQgTF94B4AaABAg","25:25 Ga ada privilege ada donk yang disalahkan, bokap mokondo","3865","false","https://www.youtube.com/watch?v=eOwtRnJemrg","4 months ago","0",,"Baru Lulus Udah Pengen Buka Bisnis?","comment","eOwtRnJemrg","0"
"@ithodebrenebond312","false","Ugz2zHYY2FU29Ufy5s14AaABAg","klo baru memulai di usia 30-an??","3865","false","https://www.youtube.com/watch?v=eOwtRnJemrg","4 months ago","0",,"Baru Lulus Udah Pengen Buka Bisnis?","comment","eOwtRnJemrg","0"
"@yeahyeah88","false","UgwE32BkOHeeF295q0B4AaABAg.AUFIvia4p3YAUdhUawaHIP","Kt gwe teh ambil bagusnya buang buruknya. Life is hard mgkn itu cara beliau membuatnya lebih managable😂","3865","false","https://www.youtube.com/watch?v=eOwtRnJemrg","3 months ago","0","UgwE32BkOHeeF295q0B4AaABAg","Baru Lulus Udah Pengen Buka Bisnis?","reply","eOwtRnJemrg","0"
"@Ramamana-c9f","false","Ugzo5KWzTwtvSYBLen14AaABAg.ATkCK6XAow_ATkCrFS3pd4","Kondisi gk stabil","3865","false","https://www.youtube.com/watch?v=eOwtRnJemrg","4 months ago","0","Ugzo5KWzTwtvSYBLen14AaABAg","Baru Lulus Udah Pengen Buka Bisnis?","reply","eOwtRnJemrg","0"
"@MrDday2010","false","UgzIdpbY3WgWRoIFv1F4AaABAg","Semua motivasiku usaha terucapkan disini wkwkwk, dengan 2 privilage, saya baru bisa menikmati hasil usaha setelah 10 tahun, dan banyak orang ga tahu, walau dengan privilage perjuangan saya boleh dikatakan 100x lebih berat dibanding kerja ikut orang, sampai kadang mikir, enakan dulu gua kerja ikut orang mungkin gaji saat ini dah lebih tinggi dari penghasilan usaha saat ini 😂","3865","false","https://www.youtube.com/watch?v=eOwtRnJemrg","4 months ago","0",,"Baru Lulus Udah Pengen Buka Bisnis?","comment","eOwtRnJemrg","1"
"@metallogam-b6y","false","UgzWVkzXlXjWyhbjiEt4AaABAg","Ngecap aja lue dok! Ketahuan tdk pernah turba","3865","false","https://www.youtube.com/watch?v=eOwtRnJemrg","4 months ago","0",,"Baru Lulus Udah Pengen Buka Bisnis?","comment","eOwtRnJemrg","0"
"@tommyarie7134","false","UgyoOdQEGOee4XcRsIZ4AaABAg","Dan jangan jumawa, lebih dari 20 MU jadi bahan bully an setelah sukses 😂","3865","false","https://www.youtube.com/watch?v=eOwtRnJemrg","4 months ago","0",,"Baru Lulus Udah Pengen Buka Bisnis?","comment","eOwtRnJemrg","0"
"@weskeselcuk","false","UgyEYkNw7EgH8Ghzzwd4AaABAg","apapun bisnis dan usaha mu, besar atau kecil itu, kau tetaplah boss nya.","3865","false","https://www.youtube.com/watch?v=eOwtRnJemrg","4 months ago","0",,"Baru Lulus Udah Pengen Buka Bisnis?","comment","eOwtRnJemrg","2"
"@totobochil","false","Ugz0ug0cIv8gCLQP_sV4AaABAg","tbtb liverpool dok🤣","3865","false","https://www.youtube.com/watch?v=eOwtRnJemrg","4 months ago","0",,"Baru Lulus Udah Pengen Buka Bisnis?","comment","eOwtRnJemrg","0"
"@rekappilemm","false","Ugz9cNdwfgBK6ZH7IgF4AaABAg","Dokter Tirta ini omongannya ceplas ceplos tapi ga bikin pendengar sakit hati😂","3865","false","https://www.youtube.com/watch?v=eOwtRnJemrg","4 months ago (edited)","0",,"Baru Lulus Udah Pengen Buka Bisnis?","comment","eOwtRnJemrg","0"
"@reinardusdwi4626","false","UgzqqGcQj-iBMFHn8It4AaABAg","Always trust the process, itu mah fans nya Arteta, dok. Bukan Slot 😁","3865","false","https://www.youtube.com/watch?v=eOwtRnJemrg","4 months ago","0",,"Baru Lulus Udah Pengen Buka Bisnis?","comment","eOwtRnJemrg","0"
"@dikiramdan5505","false","UgwQ07E0XzdwK8i8g5N4AaABAg","Njir bener banget lagi dok gua G sandwich 😊 IPK pun bener 2,8 😂 saya kerja,2 tmpt lagi","3865","false","https://www.youtube.com/watch?v=eOwtRnJemrg","4 months ago","0",,"Baru Lulus Udah Pengen Buka Bisnis?","comment","eOwtRnJemrg","0"
"@HarisInspirasimu","false","UgwdcJATMJ8tp-z89tB4AaABAg","cuma bisa bilang terimkasih Bang Dr,","3865","false","https://www.youtube.com/watch?v=eOwtRnJemrg","4 months ago","0",,"Baru Lulus Udah Pengen Buka Bisnis?","comment","eOwtRnJemrg","0"
"@ardianss1463","false","Ugw_At0glRwlqUQa6ul4AaABAg","Kalau saya dok lagi di kondisi Gak ada previlege,IPK tanggung,Financial ajur tapi punya pengalaman 5 tahun kerja sama orang tapi sekarang udah ada ilmu dan skill nya akhirnya ngerintis usaha sendiri","3865","false","https://www.youtube.com/watch?v=eOwtRnJemrg","4 months ago","0",,"Baru Lulus Udah Pengen Buka Bisnis?","comment","eOwtRnJemrg","0"
"@Gpasones","false","UgweywjWF5S35JNuRLZ4AaABAg","Gw tontonin sampai selesai ini monologue lebih bernilai ketimbang ada yang nanya. Hail Dr. Tirta.","3865","false","https://www.youtube.com/watch?v=eOwtRnJemrg","4 months ago","0",,"Baru Lulus Udah Pengen Buka Bisnis?","comment","eOwtRnJemrg","0"
"@theeclipseofyou","false","UgwcJV3-lKX7O_JVKMl4AaABAg","Kalo bapaknya ud meninggal privilege of apa?😂","3865","false","https://www.youtube.com/watch?v=eOwtRnJemrg","4 months ago","0",,"Baru Lulus Udah Pengen Buka Bisnis?","comment","eOwtRnJemrg","0"
"@awan2298","false","Ugx-a2u2OvUNEFX_VnN4AaABAg","Liverpool kalah sama king mu dok🙏","3865","false","https://www.youtube.com/watch?v=eOwtRnJemrg","4 months ago","0",,"Baru Lulus Udah Pengen Buka Bisnis?","comment","eOwtRnJemrg","0"
"@faisalfanfani4894","false","Ugx5V2JPOtZkIR8tnTx4AaABAg","Mungkin saya jadi coachi😂","3865","false","https://www.youtube.com/watch?v=eOwtRnJemrg","4 months ago","0",,"Baru Lulus Udah Pengen Buka Bisnis?","comment","eOwtRnJemrg","0"
"@Havelogic","false","Ugx9Hnh1299HVBRfO1B4AaABAg","18:12 siapa sangka wak😂","3865","false","https://www.youtube.com/watch?v=eOwtRnJemrg","4 months ago","0",,"Baru Lulus Udah Pengen Buka Bisnis?","comment","eOwtRnJemrg","0"
"@GustavoLeonardo-l3b","false","UgxC10d8qaWNhgo_rLB4AaABAg","Aku pengen berbisnis untuk bisa merubah jalan kehidupan keluarga dan pengen meningkatkan value","3865","false","https://www.youtube.com/watch?v=eOwtRnJemrg","4 months ago","0",,"Baru Lulus Udah Pengen Buka Bisnis?","comment","eOwtRnJemrg","0"
"@431_Adryan","false","UgxcfVlt-ZVSDUo6qs14AaABAg","90% jadi pengusaha itu terpaksa ad yg susah cari kerja ada yg korban PHK, baru lulus cocok tuh bro buka usaha, tp harus nekat","3865","false","https://www.youtube.com/watch?v=eOwtRnJemrg","4 months ago","0",,"Baru Lulus Udah Pengen Buka Bisnis?","comment","eOwtRnJemrg","0"
"@aallann0307","false","UgywaFvKhv5n_agNvzd4AaABAg","18:30 😂w","3865","false","https://www.youtube.com/watch?v=eOwtRnJemrg","4 months ago","0",,"Baru Lulus Udah Pengen Buka Bisnis?","comment","eOwtRnJemrg","0"
"@ariefsuprapta9260","false","UgzAbrd2CwqegMeRoAt4AaABAg","Tidak saya 3 bos dokter ga punya semua ..
Bener banget aku bekerja untuk  cari semuanya
Setelah punya financially stable, experience, jaringan baru nyicil buka usaha sendiri sesuai pengalaman kerja selama 15 th dok .... setuju dobel job dan masih kerja 18:25","3865","false","https://www.youtube.com/watch?v=eOwtRnJemrg","4 months ago (edited)","0",,"Baru Lulus Udah Pengen Buka Bisnis?","comment","eOwtRnJemrg","1"
"@AldiTrisna-b8y","false","UgzSYtbzfKXXgJaW3hp4AaABAg","setiap orang punya peluang ,akses dan jalan hidup berbeda . 
jangan jadikan motifator sebagai pedoman untuk jadi lebih kaya . tapi jadikan motifator itu untuk kita jauh lebih baik . kaya itu benar kata dokter Tirta , harus beruntung . 

yang saya tau adalah , momen keberuntungan itu hanya datang maksimal 1 Sampai 3 x dalam hidup kita . jika kita tidak dapat momennya bersiaplah untuk kesialan dan kegagalan yang lebih banyak","3865","false","https://www.youtube.com/watch?v=eOwtRnJemrg","4 months ago","0",,"Baru Lulus Udah Pengen Buka Bisnis?","comment","eOwtRnJemrg","0"
"@ardigt9402","false","UgxHYrNWjNCcYtj1UL54AaABAg","Kalau mau jadi pengusaha karena tidak mau bekerja dibawah perintah orang lain gimana dok? Saya memiliki modal karena bisa dibilang bekerja sekaligus berbisnis sejak masih sekolah, walaupun saat itu hanya berkecimpung di dunia online, tapi experience saya dalam berbisnis terutama jual & beli (reselling) sudah lumayan. Saat lulus sekolah dan sedang menjalani kuliah, saya mencoba bisnis di sektor rill yang masih berhubungan dengan experience saya yaitu jual & beli handphone second, jadi intinya saya sudah punya experience bekerja dibawah perintah orang lain walaupun hanya online.","3865","false","https://www.youtube.com/watch?v=eOwtRnJemrg","4 months ago (edited)","0",,"Baru Lulus Udah Pengen Buka Bisnis?","comment","eOwtRnJemrg","1"
"@reswaraaji2769","false","UgwOtj5w2dvXxJOpC1p4AaABAg","13:36 😂😂😂","3865","false","https://www.youtube.com/watch?v=eOwtRnJemrg","4 months ago (edited)","0",,"Baru Lulus Udah Pengen Buka Bisnis?","comment","eOwtRnJemrg","0"
"@nsgaming7444","false","UgxiVzeGPYZlaTK8V8d4AaABAg","Ingin Menjadi Berguna dan Bermanfaat bagi banyak orang... 😊","3865","false","https://www.youtube.com/watch?v=eOwtRnJemrg","4 months ago","0",,"Baru Lulus Udah Pengen Buka Bisnis?","comment","eOwtRnJemrg","1"
"@fauzanstudent","false","Ugw1bZGvhQ6HMV9s_nB4AaABAg","4:00 Financial freedom and berdampak buat generasi cicit2 ku nanti dan namaku tetap hidup di keluarga ❤","3865","false","https://www.youtube.com/watch?v=eOwtRnJemrg","4 months ago","0",,"Baru Lulus Udah Pengen Buka Bisnis?","comment","eOwtRnJemrg","11"
"@axelmaurino","false","UgxLttmV99-FuCiU9JB4AaABAg","The art Sense","3865","false","https://www.youtube.com/watch?v=eOwtRnJemrg","4 months ago","0",,"Baru Lulus Udah Pengen Buka Bisnis?","comment","eOwtRnJemrg","0"
"@mochamadimron511","false","Ugx0vcA7jWmdu1aYGBJ4AaABAg","Out of topic... Ya koh.. saya pernah anter anda saya ojol. Seinget saya itb ke Buah batu. Anda sangat sulit jinak saat di bonceng. Ngeselin. Bikin motor oleng sampe nyerempet angkot. Mungkin dh lupa karena ga penting juga 😂😂😂","3865","false","https://www.youtube.com/watch?v=eOwtRnJemrg","4 months ago","1",,"Baru Lulus Udah Pengen Buka Bisnis?","comment","eOwtRnJemrg","46"
"@Dikywicky","false","UgwamQ1skQy2QrWphwV4AaABAg","Kalau bapa nya mandor pabrik gimana bang 😅","3865","false","https://www.youtube.com/watch?v=eOwtRnJemrg","4 months ago","0",,"Baru Lulus Udah Pengen Buka Bisnis?","comment","eOwtRnJemrg","0"
"@LagaKandang","false","UgxWr4ZqVFoJYPqNSe54AaABAg","Omongane relate pol","3865","false","https://www.youtube.com/watch?v=eOwtRnJemrg","4 months ago","0",,"Baru Lulus Udah Pengen Buka Bisnis?","comment","eOwtRnJemrg","0"
"@begeksanz","false","UgyRXLxUgYrwBYBn4_14AaABAg","Aku ingin kaya❤❤❤","3865","false","https://www.youtube.com/watch?v=eOwtRnJemrg","4 months ago","0",,"Baru Lulus Udah Pengen Buka Bisnis?","comment","eOwtRnJemrg","0"
"@alfasharing","false","UgxhY2pLcWybE4vpi5Z4AaABAg","Alhamdulillah, mentality ini yg aku perjuangkan.","3865","false","https://www.youtube.com/watch?v=eOwtRnJemrg","4 months ago","0",,"Baru Lulus Udah Pengen Buka Bisnis?","comment","eOwtRnJemrg","1"
"@rifkydevino8413","false","UgzHywBcfbV9j3z2fRJ4AaABAg","Bapak ajudan pns
Tabungan 100k
Sd-smp pekerjaan bisnis owner/jualan sendiri","3865","false","https://www.youtube.com/watch?v=eOwtRnJemrg","4 months ago","1",,"Baru Lulus Udah Pengen Buka Bisnis?","comment","eOwtRnJemrg","1"
"@martinpr0ject","false","Ugxml7sLXBCiKjtCk0R4AaABAg","lagi mikir pen risgn trus berbisnis untung liat ni video “jangn risgn dan tetap bekerja”","3865","false","https://www.youtube.com/watch?v=eOwtRnJemrg","4 months ago","0",,"Baru Lulus Udah Pengen Buka Bisnis?","comment","eOwtRnJemrg","5"
"@band.ono21","false","UgyN73_i2aTuacMKlDh4AaABAg","Walaupun saya engga termasuk golongan yang dimarahin dokter tirta, tapi saya serasa ikut dimarah marahin😂","3865","false","https://www.youtube.com/watch?v=eOwtRnJemrg","4 months ago","0",,"Baru Lulus Udah Pengen Buka Bisnis?","comment","eOwtRnJemrg","0"
"@Niko13332","false","UgzgumHqCrqt3QhddBl4AaABAg","ga punya bapak ga punya apa apa","3865","false","https://www.youtube.com/watch?v=eOwtRnJemrg","4 months ago","0",,"Baru Lulus Udah Pengen Buka Bisnis?","comment","eOwtRnJemrg","0"
"@ULAMAPENGUSAHASUKSES","false","Ugz0i5LbPfbM6BEUNXB4AaABAg","Iki lhoo seng jenenge jujur secara ilmu,, gambate","3865","false","https://www.youtube.com/watch?v=eOwtRnJemrg","4 months ago","0",,"Baru Lulus Udah Pengen Buka Bisnis?","comment","eOwtRnJemrg","0"
"@r3sstuprocessorr","false","UgzFtgDpCp3pjVP5NMh4AaABAg","gua masih smk dan mau lulus bentar lagi, yang gua punya cuma privilage(networking), kan brati ipk nya gatau jadi mending gimana kedepannya?","3865","false","https://www.youtube.com/watch?v=eOwtRnJemrg","4 months ago (edited)","0",,"Baru Lulus Udah Pengen Buka Bisnis?","comment","eOwtRnJemrg","0"
"@Fitri-d2z","false","Ugz6fDtZ7YkNaL0U_Bd4AaABAg","Dari sini jadi tahu pentingnya agama","3865","false","https://www.youtube.com/watch?v=eOwtRnJemrg","5 months ago","0",,"Baru Lulus Udah Pengen Buka Bisnis?","comment","eOwtRnJemrg","0"
"@Fitri-d2z","false","Ugz_1uyWR5Ah1cenhQV4AaABAg","Mau bebas finansial bang
Kebutuhan gak ngutang ngutang
Kluarga minta bisa ngasih
Agar keturunan gak susah hidupnya","3865","false","https://www.youtube.com/watch?v=eOwtRnJemrg","5 months ago","0",,"Baru Lulus Udah Pengen Buka Bisnis?","comment","eOwtRnJemrg","0"
"@anon2962","false","UgyBdx-mUmO8hTlfjnF4AaABAg","23:37 sumpah ngakak bgt","3865","false","https://www.youtube.com/watch?v=eOwtRnJemrg","5 months ago","0",,"Baru Lulus Udah Pengen Buka Bisnis?","comment","eOwtRnJemrg","0"
"@noviangator5866","false","Ugzu6gWBEwvkAmDYVB54AaABAg","liperpool apa kabar peng wkwk","3865","false","https://www.youtube.com/watch?v=eOwtRnJemrg","5 months ago","0",,"Baru Lulus Udah Pengen Buka Bisnis?","comment","eOwtRnJemrg","0"
"@rifkydevino8413","false","UgzHywBcfbV9j3z2fRJ4AaABAg.ATFT2s9NZVaATFT7WZzVXy","Sekarang beli saham masih di 2 digit gk naik naik","3865","false","https://www.youtube.com/watch?v=eOwtRnJemrg","4 months ago","0","UgzHywBcfbV9j3z2fRJ4AaABAg","Baru Lulus Udah Pengen Buka Bisnis?","reply","eOwtRnJemrg","0"
"@furuki60","false","UgyFL8ckUPeaZNML7kB4AaABAg","Lulus sma, kerja 1thn di pabrik, maksa kuliah (dpt beasiswa), kerja dr om ku tolak buat kerja di umkm 5thn (yg bangkrut pas covid), puji Tuhan ada simpanan tp buat ilmu bisnis blm ada. Yatim dr sma kelas 10 & ga ada relasi dr ortu.. Umur 33thn ini, baru buka bisnis craft lg kyk yg dulu pas sma saya buat.. Semoga bisa maju. Skrg kerja jd art tutor (under studio) krn belum punya relasi ke orang2 kaya..","3865","false","https://www.youtube.com/watch?v=eOwtRnJemrg","5 months ago","0",,"Baru Lulus Udah Pengen Buka Bisnis?","comment","eOwtRnJemrg","0"
"@gilangpurmadani","false","UgxtvmIh9cFrx-Kjlhh4AaABAg","Bapak ku ketua RT ki😂","3865","false","https://www.youtube.com/watch?v=eOwtRnJemrg","5 months ago","0",,"Baru Lulus Udah Pengen Buka Bisnis?","comment","eOwtRnJemrg","0"
"@DemoSophia","false","Ugy0sorr0bO95ekyLNF4AaABAg","Realistis banget 🥹🥹🥰","3865","false","https://www.youtube.com/watch?v=eOwtRnJemrg","5 months ago","0",,"Baru Lulus Udah Pengen Buka Bisnis?","comment","eOwtRnJemrg","0"
"@alGhozy500","false","UgzEy0XWOMo-s1TgX4V4AaABAg","omongan yg masuk dan sangat mencerahkan pikiran kritik dengan memberi saran yg bagus","3865","false","https://www.youtube.com/watch?v=eOwtRnJemrg","5 months ago","0",,"Baru Lulus Udah Pengen Buka Bisnis?","comment","eOwtRnJemrg","0"
"@barester","false","UgyGt_3iWAFyhdRF6y54AaABAg","kuliah buat kerja cuma berlaku buat yang ga punya previelege & miskin. gapapa, ga usah malu dibilang susah","3865","false","https://www.youtube.com/watch?v=eOwtRnJemrg","5 months ago","0",,"Baru Lulus Udah Pengen Buka Bisnis?","comment","eOwtRnJemrg","0"
"@latifahhanum2569","false","Ugw01IDqwVd5r3LbR6p4AaABAg","ya 200jt","3865","false","https://www.youtube.com/watch?v=eOwtRnJemrg","5 months ago","0",,"Baru Lulus Udah Pengen Buka Bisnis?","comment","eOwtRnJemrg","0"
"@אחמד-ס5ל","false","UgzlG44UN5NIob-x84V4AaABAg","23:00","3865","false","https://www.youtube.com/watch?v=eOwtRnJemrg","5 months ago","0",,"Baru Lulus Udah Pengen Buka Bisnis?","comment","eOwtRnJemrg","0"
"@ImronRosidi-t7r7r","false","UgxYo3WKaxAure2etbB4AaABAg","Kalok tidakknya lebih dari 3  kuncinya ya nekat, merantau ke luar negri pulang buka usaha,kalok bisa sambil kerja","3865","false","https://www.youtube.com/watch?v=eOwtRnJemrg","5 months ago","0",,"Baru Lulus Udah Pengen Buka Bisnis?","comment","eOwtRnJemrg","0"
"@kittymblock","false","UgzRzi_6IeZ0U9F_E314AaABAg","Omongan dr Tirta realistis, memang yang dibahas adalah urusan finansial, karena dari finansial lah itu bukti tanggung jawab kita.","3865","false","https://www.youtube.com/watch?v=eOwtRnJemrg","5 months ago","0",,"Baru Lulus Udah Pengen Buka Bisnis?","comment","eOwtRnJemrg","0"
"@gaffirata","false","UgxfPbSnDfJHUsKVF7l4AaABAg","bapa gua ekspor kepiting dari 2010","3865","false","https://www.youtube.com/watch?v=eOwtRnJemrg","5 months ago","0",,"Baru Lulus Udah Pengen Buka Bisnis?","comment","eOwtRnJemrg","0"
"@Damaiindonesiaku604","false","UgxQik-AlzUQX5YlK-d4AaABAg","Pengusaha bukan hanya tentang profit, tapi seseorang yg mampu menekan kemungkinan gagal mendekati 0÷ itulah yg akan jadi pemenang.. survival","3865","false","https://www.youtube.com/watch?v=eOwtRnJemrg","5 months ago","0",,"Baru Lulus Udah Pengen Buka Bisnis?","comment","eOwtRnJemrg","3"
"@Lois_id","false","UgzyAjzHEj3hN3m6i0N4AaABAg","Idealis tanpa realitas hanyalah mimpi basah semata🗿","3865","false","https://www.youtube.com/watch?v=eOwtRnJemrg","5 months ago","0",,"Baru Lulus Udah Pengen Buka Bisnis?","comment","eOwtRnJemrg","0"
"@suryargatulmalang","false","UgyyyR-1SyOEpN26t-Z4AaABAg","Bisnis itu yg susah prosesnya dan bertahannya.Gue aja rintis bisnis 5 tahun baru bnr2 bs jalan sampek 10 tahn lebih.. Jaman skrg yt/ tiktok enak bngt bahas bisnis mudah lah apa lah 😂","3865","false","https://www.youtube.com/watch?v=eOwtRnJemrg","5 months ago","0",,"Baru Lulus Udah Pengen Buka Bisnis?","comment","eOwtRnJemrg","0"
"@minwalabidin4260","false","UgzZib9VRqQMWJOKa_t4AaABAg","Saya mau berbisnis untuk hidup sehat","3865","false","https://www.youtube.com/watch?v=eOwtRnJemrg","5 months ago","0",,"Baru Lulus Udah Pengen Buka Bisnis?","comment","eOwtRnJemrg","0"
"@AmesDeBrice","false","UgyHGGWOF__BAUwuKTl4AaABAg","mau daftar dpr bang","3865","false","https://www.youtube.com/watch?v=eOwtRnJemrg","5 months ago","0",,"Baru Lulus Udah Pengen Buka Bisnis?","comment","eOwtRnJemrg","0"
"@nightpanzerchanel","false","Ugw3BC8J36MFXaprusp4AaABAg","Kereen 🤩","3865","false","https://www.youtube.com/watch?v=eOwtRnJemrg","5 months ago","0",,"Baru Lulus Udah Pengen Buka Bisnis?","comment","eOwtRnJemrg","1"
"@ibnuwardama","false","UgxdYP-Je_UEVmOQQtx4AaABAg",""" Saya bangun pagi terus gapernah jadi gita wirjawan"" 😂","3865","false","https://www.youtube.com/watch?v=eOwtRnJemrg","5 months ago","0",,"Baru Lulus Udah Pengen Buka Bisnis?","comment","eOwtRnJemrg","0"
"@azardoni9027","false","UgxM5OjC18P8WpQNTxV4AaABAg","Sukses secara financial butuh efort dan perjuangan yg luar biasa apalagi modang cangkang dan abab,.. Satu"" Nya yg lu punya hanya kepercayaan jadi jangan sekali"" Kali membuat namamu buruk kalo kami masih ingin berbisnis. Dan bayar hutang lebih baik tingkatnya daripada bersedekah..","3865","false","https://www.youtube.com/watch?v=eOwtRnJemrg","5 months ago","0",,"Baru Lulus Udah Pengen Buka Bisnis?","comment","eOwtRnJemrg","0"
"@muhammadarishilmi5140","false","UgygcjdZjpEJZsrR8bV4AaABAg","Pengusaha karena takdir, pernah kerja ikut orang  & kuliah
Tapi takdirnya jadi pengusaha  juga endingnya 

Benar itu pengalaman sampai usia 25tahun

Sekarang 28 tahun punya usaha dan sudah jalan","3865","false","https://www.youtube.com/watch?v=eOwtRnJemrg","5 months ago","0",,"Baru Lulus Udah Pengen Buka Bisnis?","comment","eOwtRnJemrg","0"
"@tokyotengu","false","UgzAfQJ1rA1QOVp_d1Z4AaABAg","FULL DAGINGGGG!!!!!!!!!","3865","false","https://www.youtube.com/watch?v=eOwtRnJemrg","5 months ago","0",,"Baru Lulus Udah Pengen Buka Bisnis?","comment","eOwtRnJemrg","0"
"@didoaldo","false","Ugx0vcA7jWmdu1aYGBJ4AaABAg.ATHOK-z_5PWAXAkkXhdebs","wekwkkwkw jaman dia kuliah dia emang ngeselin semenjak ego dia kena baru tobat","3865","false","https://www.youtube.com/watch?v=eOwtRnJemrg","1 month ago","0","Ugx0vcA7jWmdu1aYGBJ4AaABAg","Baru Lulus Udah Pengen Buka Bisnis?","reply","eOwtRnJemrg","0"
"@nekopoy8357","false","Ugyi9903vgzc307Lk3d4AaABAg","olive ora frences kone","3865","false","https://www.youtube.com/watch?v=eOwtRnJemrg","5 months ago","0",,"Baru Lulus Udah Pengen Buka Bisnis?","comment","eOwtRnJemrg","0"
"@Ridho4K","false","UgzqVnyNnRos4yD0VFV4AaABAg","23:50 ""apa bedanya fitnah sama fitnes? kalo fitnah kejam kalo fitnes kegym""😂
- dr. tirta","3865","false","https://www.youtube.com/watch?v=eOwtRnJemrg","5 months ago","0",,"Baru Lulus Udah Pengen Buka Bisnis?","comment","eOwtRnJemrg","0"
"@bagaspris7921","false","UgzpXaE6LVWet26gEwh4AaABAg","22:10 izinn dokkk😭😭😭🙏","3865","false","https://www.youtube.com/watch?v=eOwtRnJemrg","5 months ago","0",,"Baru Lulus Udah Pengen Buka Bisnis?","comment","eOwtRnJemrg","1"
"@bagaspris7921","false","UgwkUdowsEqmDimS_5B4AaABAg","20:38 dok cipeng cukiii tutukkee😭😭😭🙏","3865","false","https://www.youtube.com/watch?v=eOwtRnJemrg","5 months ago","0",,"Baru Lulus Udah Pengen Buka Bisnis?","comment","eOwtRnJemrg","0"
"@KrisYanto-kl1gb","false","Ugzc70rhSaEWQelALiR4AaABAg","marga bapaknya sama kayak kakekku dok, wongsodimejo 😁apa saya salah denger 🤭","3865","false","https://www.youtube.com/watch?v=eOwtRnJemrg","5 months ago","0",,"Baru Lulus Udah Pengen Buka Bisnis?","comment","eOwtRnJemrg","0"
"@hanifadyanurhapsari9223","false","UgzdQLabZyZUPnvNkk54AaABAg","Dulu pernah merintis jadi wiraswasta Dok, sedikit berkembang yapi memang sulit naik level ketika tidak ada back up modal yang cukup. Ngap ngap....harus punya skill dan lain sebagainya. Meski sekarang kerja ikut orang, masih ada keinginan utk punya usaha sendiri meskipun kelas super kecil😅😊😊😊","3865","false","https://www.youtube.com/watch?v=eOwtRnJemrg","5 months ago","0",,"Baru Lulus Udah Pengen Buka Bisnis?","comment","eOwtRnJemrg","0"
"@kucingmiau90","false","Ugw-dWRxr3XfWX-fngB4AaABAg","Subtitle mana????","3865","false","https://www.youtube.com/watch?v=eOwtRnJemrg","5 months ago","0",,"Baru Lulus Udah Pengen Buka Bisnis?","comment","eOwtRnJemrg","0"
"@anonemas7657","false","UgzxXQSnFzPns3iISXN4AaABAg","Awal : dahlah dokter mau ngebahas apasi ini
Akhir : Terimakasih suhu atas ilmunya 🙏","3865","false","https://www.youtube.com/watch?v=eOwtRnJemrg","5 months ago","0",,"Baru Lulus Udah Pengen Buka Bisnis?","comment","eOwtRnJemrg","0"
"@ZainDin-s1u","false","UgxA4Ke_dQE9D2miyb14AaABAg","tpi ini bner bgt lho real kata2nya ...","3865","false","https://www.youtube.com/watch?v=eOwtRnJemrg","5 months ago","0",,"Baru Lulus Udah Pengen Buka Bisnis?","comment","eOwtRnJemrg","0"
"@WildanAlzuhdi","false","Ugw7kNEsibq3nUSsulV4AaABAg","nonton dgn kecepatan 1.5x wkwkwk","3865","false","https://www.youtube.com/watch?v=eOwtRnJemrg","5 months ago","0",,"Baru Lulus Udah Pengen Buka Bisnis?","comment","eOwtRnJemrg","0"
"@YayasanSeriLangkat","false","Ugx-BGzsvAC4CNJ2cwJ4AaABAg","Konten Malaka pertama degan marah-marah  😂","3865","false","https://www.youtube.com/watch?v=eOwtRnJemrg","5 months ago (edited)","0",,"Baru Lulus Udah Pengen Buka Bisnis?","comment","eOwtRnJemrg","0"
"@Cliperr09","false","Ugy4UD82J9K3ZZJ0n7Z4AaABAg","Maaf dok tolong bahas dong tentang orang miskin ga kuliah lulusan SD pekerja keras lagi fokus trading forex. Seandainya orang itu bisa sukses di trading forex gimana dok, dan berapa % itu bisa terjadi atau mustahil untuk menjadi sukses finansial?🙏🙏🙏","3865","false","https://www.youtube.com/watch?v=eOwtRnJemrg","5 months ago","0",,"Baru Lulus Udah Pengen Buka Bisnis?","comment","eOwtRnJemrg","0"
"@TechPlayer321","false","UgyOMp1h0eReHBOCsHt4AaABAg",""" Tujuan anda jadi pengusaha apa? ""

*Rothschild Family 

Oh begitu lu mainnya ya? Sini kasih paham dulu","3865","false","https://www.youtube.com/watch?v=eOwtRnJemrg","5 months ago","0",,"Baru Lulus Udah Pengen Buka Bisnis?","comment","eOwtRnJemrg","0"
"@epicalbafica9119","false","UgzJTgBmDQluIrdw3up4AaABAg","Dia ngomongin om ded?","3865","false","https://www.youtube.com/watch?v=eOwtRnJemrg","5 months ago","0",,"Baru Lulus Udah Pengen Buka Bisnis?","comment","eOwtRnJemrg","0"
"@tayoorahayu4464","false","UgwnCbQIvcxMY60DbNZ4AaABAg","yang paling saya tekuni adalah 
terus bergerak ..walaupun saya susah mendapatkan pekerjaan dimulai saya pertama nikah saya udh didorong dorong keluar kerja sama atasan sendiri...selebihnya saya ngojol..ngojol itu ya gak pasti penghasilannya saya survive lah dengan berani ngambil orderran yg jauh walaupun malam..walaupun jalannya angker dll .akhirnya itu jadi kebiasaan

disisi lain saya ngontrak


pernah gak punya uang sama sekali
saya sampai2 nyari kanggung dipinggiran kolam..alias kangkung darat untuk dimakan


5 tahun hingga mempunyai 2 anak
hari ini

setahun sebelumnya saya berfikir kalau terus2an ngojol emg susah masa depannya..ngojol yg saya fikir cuman untuk bertahan hidup sementara dan sampingan ..akhirnya saya mutusin sewa ruko yg dipinggir jalan dan mulai usaha warung..7 bulan pertama emg sesek bener ..tapi akhirnya lambat laun berkembang barang menambah omset mulai dikit2 naik..gak bergantung sama ojol walaupun skarang msh sambillan ngojol..



btw saya kalau lagi nunggu orderran dulu sampai skarang itu gak pernah benar2 diam..walaupun dirumah..bantuin istri masak..cuci baju .urus rumah....gantian jagain anak dll


saya pernah ingat ust abdul somad pernah berkata ""setiap gerakan menghasilkan keberkahan ""

maka teruslah bergerak","3865","false","https://www.youtube.com/watch?v=eOwtRnJemrg","5 months ago","0",,"Baru Lulus Udah Pengen Buka Bisnis?","comment","eOwtRnJemrg","0"
"@danu1077","false","UgzRaXYp3eiPU8Pzgyp4AaABAg","Tidaknya telu telu ne dok. blas kabeh","3865","false","https://www.youtube.com/watch?v=eOwtRnJemrg","5 months ago","0",,"Baru Lulus Udah Pengen Buka Bisnis?","comment","eOwtRnJemrg","0"
"@fannybrawijaya","false","UgxJqgxB3mZ_4MvIqdV4AaABAg","ini fakta
1 saya stabil finansial = (tidak) 
2 privilage orang tua = (tidak ada) (sudah meninggal ketika masih kuliah)
3 pendidikan = (ada ) S1 ipk 3.8 dan S2 ipk 3.6 pengalaman kerja 10 tahun
kerja apa saja yang penting bisa survive dan bisa lanjut studi dan membangun privilage","3865","false","https://www.youtube.com/watch?v=eOwtRnJemrg","5 months ago","0",,"Baru Lulus Udah Pengen Buka Bisnis?","comment","eOwtRnJemrg","0"
"@GggghGgghhyt","false","UgxQWejOtekL-Nb9L9Z4AaABAg","Hanya ingin membahagiakan istri dan anak cucu saya dan orang tua","3865","false","https://www.youtube.com/watch?v=eOwtRnJemrg","5 months ago","0",,"Baru Lulus Udah Pengen Buka Bisnis?","comment","eOwtRnJemrg","0"
"@Arifunnatiq","false","UgyHsDA16RtIE-UiOih4AaABAg","Saya pedagang sieh😂😂","3865","false","https://www.youtube.com/watch?v=eOwtRnJemrg","5 months ago","0",,"Baru Lulus Udah Pengen Buka Bisnis?","comment","eOwtRnJemrg","0"
"@okkyfirmansyah9489","false","UgzUtkAcypgpBnwzqlF4AaABAg","Menjadi kaya itu sejatinya bisa bertanggung jawab kepada orang lain, sebanyak-banyaknya yg lu bisa tanggung jawabkan hidupnya maka bakal akan sekaya itu lu. Sementara ada yg sama diri sendiri aja belum bisa bertanggung jawab, males2an, nganggur, jadi beban ortu, beeharap bisa sekaya bill gates. Ancur itu Microsoft dipegang lu sehari","3865","false","https://www.youtube.com/watch?v=eOwtRnJemrg","5 months ago","0",,"Baru Lulus Udah Pengen Buka Bisnis?","comment","eOwtRnJemrg","0"
"@BsdPesantren","false","UgxUAaOncPpAxNjSmdF4AaABAg","jadi pengusaha biar punya waktu luang bnyak buat keluarga, jadi sehari"" bareng anak istri barmain bercanda blajar bersama sambil nungguin waktu sholat tiba, ini pengenku bgtu 😂😂😂😂","3865","false","https://www.youtube.com/watch?v=eOwtRnJemrg","5 months ago","0",,"Baru Lulus Udah Pengen Buka Bisnis?","comment","eOwtRnJemrg","0"
"@andrianto24andrianto24","false","UgydQ5fMGbi2sqh8iTp4AaABAg","Alhamdulillah
Terima kasih dok, nasehat nasehat mu, menampar kami bagi keuangan yang pas pasan..","3865","false","https://www.youtube.com/watch?v=eOwtRnJemrg","5 months ago","0",,"Baru Lulus Udah Pengen Buka Bisnis?","comment","eOwtRnJemrg","0"
"@siebe1554","false","Ugwpr6-NgryDj59I_1F4AaABAg","Bisnis atas nama pendidikan dan kesehatan pasti mulus....","3865","false","https://www.youtube.com/watch?v=eOwtRnJemrg","5 months ago","0",,"Baru Lulus Udah Pengen Buka Bisnis?","comment","eOwtRnJemrg","0"
"@seputar_karnival","false","UgxHOTTB7vAUWUepqNZ4AaABAg","Saya bisnis karena susuai dgn pashion/hobi saya dr tirta.. saya usaha dibidang jasa/penyewaan audio/tenda (dikampung). Alhamdulilah meski tidak kaya, yg penting cukup.
Dulu awal"" ikut orang/temen sendiri pernah jg kerja dipabrik/kuli bangunan. Ya wkt itu kumpul beli sedikit demi sedikit.","3865","false","https://www.youtube.com/watch?v=eOwtRnJemrg","5 months ago (edited)","0",,"Baru Lulus Udah Pengen Buka Bisnis?","comment","eOwtRnJemrg","0"
"@ahmadbahrushobri1350","false","Ugw9RGyzDagzf9Rxyhd4AaABAg","Sangat amat merasa bersalah dengan diri sendiri kalau udah terpaku sama reels, short yt atau yg sejenis yang kurang bermanfaat dan dalam waktu lama.","3865","false","https://www.youtube.com/watch?v=eOwtRnJemrg","5 months ago","0",,"Baru Lulus Udah Pengen Buka Bisnis?","comment","eOwtRnJemrg","0"
"@MrWarih","false","UgyQ6TdkRS7Nlkijz_d4AaABAg","double profesi is the best","3865","false","https://www.youtube.com/watch?v=eOwtRnJemrg","5 months ago","0",,"Baru Lulus Udah Pengen Buka Bisnis?","comment","eOwtRnJemrg","0"
"@terrymars5529","false","UgwLbvuFowPclzmhkGd4AaABAg","Omong an anda itu gak ada yang berguna di kehidupan yang sebenarnya","3865","false","https://www.youtube.com/watch?v=eOwtRnJemrg","5 months ago","0",,"Baru Lulus Udah Pengen Buka Bisnis?","comment","eOwtRnJemrg","0"
"@balibestadventures","false","UgxLY2ov4tmlj-ILWCd4AaABAg","harus banyak content seperti ini, 
Semoga content creator yang lain bisa menampiLkan content-content yang manfaat seperti ini ( tidak menjual indahnya hidup dan mudahnya menjalankan bisnis) generasi muda kalau di buat minset nya seperti ini mungkin generasi masa depan indonesia akan lebih kuat menatap masa depan. 

thanks for sharing","3865","false","https://www.youtube.com/watch?v=eOwtRnJemrg","5 months ago","0",,"Baru Lulus Udah Pengen Buka Bisnis?","comment","eOwtRnJemrg","0"
"@ciptadamai","false","UgxvfoJn6mJWiqyp7H14AaABAg","Kita tidak pernah mulai dari garis start yang sama, dan melalui trek yang tidak sama, dan kemungkinan akan berakhir di garis finis yang tidak sama juga, lalu kenapa kita harus mendengarkan motivator yang berbeda dari kita ???","3865","false","https://www.youtube.com/watch?v=eOwtRnJemrg","5 months ago (edited)","0",,"Baru Lulus Udah Pengen Buka Bisnis?","comment","eOwtRnJemrg","0"
"@feriw2367","false","Ugw1zMPkFQDGvaVnwSd4AaABAg","Jadi pedagang, pengusaha supaya bisa kaya, miskin ha😮rta sperti di neraka tholols, lagian tak butuh validasi pamer kekayaan, malah bahaya, bisa diincar pajak, disamperin orang sekitar untuk hutang duit / diincar orang lain yg tak kira kenal. Lebih nyaman di blakang layar. Butuh privasi supaya tenang.
Hidup dasar, bertahan ? Ya betul. Sukses, Subyektif ? Betul. Luck ? Betul banget. Beli bekas ? Saya juga lebih suka beli cash, bekas mulus, disamping lebih irit juga tak mahal.","3865","false","https://www.youtube.com/watch?v=eOwtRnJemrg","5 months ago (edited)","0",,"Baru Lulus Udah Pengen Buka Bisnis?","comment","eOwtRnJemrg","0"
"@Cahyono-hu5eo","false","Ugzns7lkWP-NqR2R1MJ4AaABAg","Terimakasih Pak Tirta. Ini cocok sekali buat saya dan istri yang sedang membangun usaha kecil. Banyak betulnya dan kita merasakan bahwa segala previlage yg kita miliki akan sangat membantu dalam proses hidup kita. Harus kita akui dan gunakan itu sebaik2 nya. Terimakasih","3865","false","https://www.youtube.com/watch?v=eOwtRnJemrg","5 months ago","0",,"Baru Lulus Udah Pengen Buka Bisnis?","comment","eOwtRnJemrg","0"
"@atiyahsalim6406","false","UgxEWoK1u-HJkT9w8oh4AaABAg","💪👍👍👍","3865","false","https://www.youtube.com/watch?v=eOwtRnJemrg","5 months ago","0",,"Baru Lulus Udah Pengen Buka Bisnis?","comment","eOwtRnJemrg","0"
"@equalizer21967","false","UgwqeH7CleddlWl3l5F4AaABAg","Motivator kebanyakan ngga punya bisnis kalaupun ada ngga begitu sukses. Bisnisnya jual class😂","3865","false","https://www.youtube.com/watch?v=eOwtRnJemrg","5 months ago","0",,"Baru Lulus Udah Pengen Buka Bisnis?","comment","eOwtRnJemrg","1"
"@suhailahalhuda","false","UgyvZg7eVQBiSyACKCF4AaABAg","20:25 : Luck = ""Takdir dari Allah SWT""
Hak Preogatif dari Sang Pencipta","3865","false","https://www.youtube.com/watch?v=eOwtRnJemrg","5 months ago","0",,"Baru Lulus Udah Pengen Buka Bisnis?","comment","eOwtRnJemrg","1"
"@bagusprasExplorasi","false","UgxuBQr2agP24WFq4Qh4AaABAg","Tidak punya privellege apapun, orang tua miskin + broken home juga.
Tapi aku belajar pelan² dari bawah dari pekerjaan tongkrongan dll. Belajar bahasa inggris juga belajar sendiri. Krna klo privat tidak ada dana. Tapi dari titik ini aku akan terus belajar.","3865","false","https://www.youtube.com/watch?v=eOwtRnJemrg","5 months ago","0",,"Baru Lulus Udah Pengen Buka Bisnis?","comment","eOwtRnJemrg","0"
"@irpanmurdani8426","false","UgxHKL6jGH-sHXWfMnp4AaABAg","Materinya agak sarkas, tp ciri khas dokter tirta sprti itu, ga sarkas kita jadi kelemar-kelemer, hidup harus dkerasi biar mental ga lembek ya dok, mksh pencerahannya","3865","false","https://www.youtube.com/watch?v=eOwtRnJemrg","5 months ago","0",,"Baru Lulus Udah Pengen Buka Bisnis?","comment","eOwtRnJemrg","1"
"@windywahyusaputro26","false","UgzDbFJsZNhWLLoTPkR4AaABAg","Gua mau fokus usaha...niatan usana..trus nemu ini.diberanda.gag mungkin dong kalau gag ada apa"" ini.muncul lewat beranda..semoga awal.kesuksesanku","3865","false","https://www.youtube.com/watch?v=eOwtRnJemrg","5 months ago","0",,"Baru Lulus Udah Pengen Buka Bisnis?","comment","eOwtRnJemrg","0"
"@EvaEva-ug9lc","false","Ugz8r0EBgtvHa1nRySJ4AaABAg","Klo sy memang berjiwa bisnis, jd biar susah ruwet sering untung dikit n mlh rugi, ber x jatuh tp bangun lg. Motivasi sy adlh penduduk sekitar yg mayoritas petani turun temurun, mereka menjalani hidup yg hmpir tdk berubah, membajak sawah, menanam padi, menunggu 3 bln setengah, tp kdang padi baru 2 bln ada hama tikus, menjelang paneng banjir, n kdang panen bagus tp hrga murah, pokoknya harapan sering tdk terwujud. Tp live must go on, jd mereka tetep menanam padi. Itulah aku,  walau jatuh kedasar neraka pun, aku tetep ga kapok. And here iam now, punya income tinggi, skrg aku traveling keliling dunia menikmati jerih payahku. Kbtulan punya suami yg memang kerjanya keliling dunia. Jgn takut dgn bayangan, wujudkan mimpimu, raihlah masa dpnmu mulai kini. Salam sukses","3865","false","https://www.youtube.com/watch?v=eOwtRnJemrg","5 months ago","0",,"Baru Lulus Udah Pengen Buka Bisnis?","comment","eOwtRnJemrg","0"
"@sugardaddy9721","false","UgyEoLFtvsCVxWtmuNN4AaABAg","Yang hancur semua Dok, kecil kemungkinan akan nonton ini. Sibuk Push Rank","3865","false","https://www.youtube.com/watch?v=eOwtRnJemrg","5 months ago","0",,"Baru Lulus Udah Pengen Buka Bisnis?","comment","eOwtRnJemrg","0"
"@bahangabut27","false","UgxFedNZyuYtUC13Gdd4AaABAg","Kalo saya tidak punya ke 3 nya😭","3865","false","https://www.youtube.com/watch?v=eOwtRnJemrg","5 months ago","0",,"Baru Lulus Udah Pengen Buka Bisnis?","comment","eOwtRnJemrg","0"
"@Roniii-s5h","false","Ugznxx5Y6lTPJKqk4L54AaABAg","Menyamakan persepsi yg sudah dimiliki pasti lebih mudah","3865","false","https://www.youtube.com/watch?v=eOwtRnJemrg","5 months ago","0",,"Baru Lulus Udah Pengen Buka Bisnis?","comment","eOwtRnJemrg","0"
"@NINAWA_animal","false","Ugx1KzMVYwkkI7dSLZZ4AaABAg","Terimakasih dok...","3865","false","https://www.youtube.com/watch?v=eOwtRnJemrg","5 months ago","0",,"Baru Lulus Udah Pengen Buka Bisnis?","comment","eOwtRnJemrg","0"
"@nadanurhanifah9691","false","Ugw2PZueJdbVo1MyVMB4AaABAg","27 tahun. TIDAK!!
bapak almarhum 9:23","3865","false","https://www.youtube.com/watch?v=eOwtRnJemrg","5 months ago","0",,"Baru Lulus Udah Pengen Buka Bisnis?","comment","eOwtRnJemrg","0"
"@dewihadmini","false","UgweBaWk4XiFNVXg2sB4AaABAg","😅 bener banget lagi😂😂😂😂","3865","false","https://www.youtube.com/watch?v=eOwtRnJemrg","5 months ago","0",,"Baru Lulus Udah Pengen Buka Bisnis?","comment","eOwtRnJemrg","0"
"@adjiephotografi9560","false","Ugy6EWG9NvkXu1FDU2V4AaABAg","Motivator kalau ngomong sampai ludahnya berbusa"" . Emang itu kerjaannya jual omon""","3865","false","https://www.youtube.com/watch?v=eOwtRnJemrg","5 months ago","0",,"Baru Lulus Udah Pengen Buka Bisnis?","comment","eOwtRnJemrg","0"
"@HruDamana-fo3kz","false","Ugwm5LL-sKlAUuTGJYJ4AaABAg","Betul, hutang itu midah, mengembalikanya ug berat bos ?","3865","false","https://www.youtube.com/watch?v=eOwtRnJemrg","5 months ago","0",,"Baru Lulus Udah Pengen Buka Bisnis?","comment","eOwtRnJemrg","0"
"@ferryrosandi879","false","UgykH3dGknKC_6B7EuV4AaABAg","Usia 37 
Lulusan SMK 
NO HAVE PRIVILEGE
yatim dr usia 12 thn 
Pernah punya bisnis kecil modal 8jt selama 5 thn cuan bersih 200jt
Skrng bekerja dengan orang punya tabungan 300jt dan dana pensiun 300jt 
Next pengen berbisnis singkong goreng saja","3865","false","https://www.youtube.com/watch?v=eOwtRnJemrg","5 months ago","0",,"Baru Lulus Udah Pengen Buka Bisnis?","comment","eOwtRnJemrg","0"
"@fadlanfuadm6763","false","UgwDKVK-5UCPKmxGp7x4AaABAg","23:00","3865","false","https://www.youtube.com/watch?v=eOwtRnJemrg","5 months ago (edited)","0",,"Baru Lulus Udah Pengen Buka Bisnis?","comment","eOwtRnJemrg","0"
"@playerbox99999","false","UgzTHJ8DAvPWZ4M_vZl4AaABAg","Saya pernah dapet nasehat dari orang yg berdagang di sebuah tempat ruko, dia berkata kepada saya, orang yg cerdas dalam berdagang adalah orang yg berpikir semua ekonominya tercukupi, bukan target kaya, gue renungin kata kata itu Sampek sekarang","3865","false","https://www.youtube.com/watch?v=eOwtRnJemrg","5 months ago","0",,"Baru Lulus Udah Pengen Buka Bisnis?","comment","eOwtRnJemrg","0"
"@NyonyaBesar-q8b","false","UgxWrHFkrmwb8-vshmt4AaABAg","8:39 selamatkan diri sendiri dulu 🤣🤣🤣","3865","false","https://www.youtube.com/watch?v=eOwtRnJemrg","5 months ago","0",,"Baru Lulus Udah Pengen Buka Bisnis?","comment","eOwtRnJemrg","0"
"@NyonyaBesar-q8b","false","UgysamIYauxeMaSAsgl4AaABAg","6:32 bener banget","3865","false","https://www.youtube.com/watch?v=eOwtRnJemrg","5 months ago","0",,"Baru Lulus Udah Pengen Buka Bisnis?","comment","eOwtRnJemrg","0"
"@abahafandi8675","false","Ugzr0MRRtgiBOTAy9s54AaABAg","Somehow, cocok ama pemikiran ane, ane muda ga ada privilage modal ijazah itb aje, skrng anak ane ane didik jd pebisnis krn punya privilage yg dl ane ga punya","3865","false","https://www.youtube.com/watch?v=eOwtRnJemrg","5 months ago","0",,"Baru Lulus Udah Pengen Buka Bisnis?","comment","eOwtRnJemrg","0"
"@diniwurnaningbudi4116","false","UgxGPunxXlxP013Inx14AaABAg","Ku percaya kata2nya, realistis, dan itu benar, hidup ini kejam, dan warisan paling baik ilmu, investasi paling baik improve diri sendiri , dan hidup itu harus realistis","3865","false","https://www.youtube.com/watch?v=eOwtRnJemrg","5 months ago","0",,"Baru Lulus Udah Pengen Buka Bisnis?","comment","eOwtRnJemrg","0"
"@huntingmakna","false","UgwZO78SemOhaNh81Ld4AaABAg","Bantu jawab dok

Lebih dari 1, dan anxiety gmn dok","3865","false","https://www.youtube.com/watch?v=eOwtRnJemrg","5 months ago","0",,"Baru Lulus Udah Pengen Buka Bisnis?","comment","eOwtRnJemrg","0"
"@nandarisky2453","false","UgzwVl199k4c4Z50D3Z4AaABAg","Terjebak menjadi generasi sandwich itu juga bukan keinginan 😅
Pernah rasanya jadi mesin ATM 😅","3865","false","https://www.youtube.com/watch?v=eOwtRnJemrg","5 months ago","0",,"Baru Lulus Udah Pengen Buka Bisnis?","comment","eOwtRnJemrg","1"
"@azzahrarahmadiani265","false","UgyfLxbmoOzOF6WaoI54AaABAg","29:13 jangan buru buru menikah kalau tidak punya uang,kalian yang menciptakan beban orang lain","3865","false","https://www.youtube.com/watch?v=eOwtRnJemrg","5 months ago","0",,"Baru Lulus Udah Pengen Buka Bisnis?","comment","eOwtRnJemrg","0"
"@azzahrarahmadiani265","false","UgxPWWf7vFF5h8sG-814AaABAg","That ""beban negara bos""","3865","false","https://www.youtube.com/watch?v=eOwtRnJemrg","5 months ago","0",,"Baru Lulus Udah Pengen Buka Bisnis?","comment","eOwtRnJemrg","0"
"@toniadam8928","false","UgwMepJle-Y5k64la514AaABAg","Gw pgen jd pengusaha..karena gw pnen solat tenang dan tepat waktu meskipun buka usaha warung..","3865","false","https://www.youtube.com/watch?v=eOwtRnJemrg","5 months ago","0",,"Baru Lulus Udah Pengen Buka Bisnis?","comment","eOwtRnJemrg","0"
"@jonihdyt3981","false","UgwEvqTlkRUkZBrrmIh4AaABAg","Anjir lu doc, headshot gua!!","3865","false","https://www.youtube.com/watch?v=eOwtRnJemrg","5 months ago","0",,"Baru Lulus Udah Pengen Buka Bisnis?","comment","eOwtRnJemrg","0"
"@dendywahyudisp.4413","false","Ugz67YX0Iu9Obs8-eKJ4AaABAg","Marah-marah tapi Lucu...","3865","false","https://www.youtube.com/watch?v=eOwtRnJemrg","5 months ago","0",,"Baru Lulus Udah Pengen Buka Bisnis?","comment","eOwtRnJemrg","0"
"@aniknurwati8693","false","UgwDf4Zff2VU8rKzfQR4AaABAg","Mas tirma maaf....bagi sy jaminan hdp itu tak ada lg dan tak lain hanya Alloh ...sandarkan smua harapan hanya pada Nya .

Tp yaa bkn nya kt cm diem aja....ttp gerak ttp usaha tp jgn lupakan kt wajib dan hrs dekat dan berserah pada Alloh only....krn Dia sang maha pengendali....so...enaugh have alloh...
Sisa nya cm bonus

Sy allhamdulillah...tdk pny satu pun yg mas tirta sebut...dan sy skrg 49 thn my life very fine ....","3865","false","https://www.youtube.com/watch?v=eOwtRnJemrg","5 months ago","0",,"Baru Lulus Udah Pengen Buka Bisnis?","comment","eOwtRnJemrg","0"
"@Captstrong","false","UgyCV8iD8el3BoDC10B4AaABAg","Saya tidak semua ,Kayaknya saya Lucky. Karena corona saya jadi kaya raya 😅😅😅","3865","false","https://www.youtube.com/watch?v=eOwtRnJemrg","5 months ago (edited)","0",,"Baru Lulus Udah Pengen Buka Bisnis?","comment","eOwtRnJemrg","0"
"@Fanbuster9238","false","Ugx_Dja0PsAqYlwHyhR4AaABAg","00:04:15 The most important thing di usia 20-25 adalah experience. Anda boleh cari pengalaman itu dari manapun. Kerja ma orang, part timer, freelancer, kuliah lagi. Tapi tahu yang menghancurkan itu semua adalah RUSH (terburu-buru). 

00:05:00 Kalian tu termakan standar society, Pak. Kalian tuh termakan standar society yang dibuat oleh warga secara fiktif bahwa usia 25 harus punya uang cepek. Enggak ada usia 20 - 25 harus punya Rp100 juta. Enggak ada yang namanya usia 30 itu harus punya rumah. Itu hanya standar yang diciptakan masa lalu untuk standar subjek sukses. Padahal kembali, saya sudah bilang sukses itu subjektif. Tidak ada yang pernah puas dengan yang namanya nominal saldo. 

00:06:00 Finansial itu berhubungan erat dengan variasi, pilihan, alternative of choice. Semakin tinggi finansialmu, kamu memiliki alternatif pilihan yang banyak. 

00:06:30 Pada fresh graduate, pertanyaan nomor 3. Sebelum Anda memulai bisnis, Anda harus cek tabungan Anda. Anda harus cek seberapa besar privilage Anda. Karena yang tidak diceritakan banyak orang, 50% kesuksesan berasal dari luck.

00:07:00 Kalian enggak tahu kan privilagenya dr. Tirta apa? Privilagenya dr Tirta tuh bapaknya adalah direktur utama Bank dan sekarang menjadi komisaris utamanya. Bapak saya itu dosen ekonomi, jenius setengah mati. Saya belajar literasi keuangan dari bokap. Saya belajar literasi perpajakan dari orang tua. Ibu saya dosen pertanian yang nyebrang ke bank. Udah gitu, ibu saya Cina, wit gandul asli, Bapak saya Boyolali, marga wong singodimejo ndue tanah okeh. Anake tunggal. Raine Cino, katolik 25 tahun, tiba-tiba mualaf di 2013. Wis tungal, Cino, hitungan pelit medit. Pelit kikir.

00:08:00 Sudah jelas saya, hemat pangkal kaya bos. Ajaran bro frugal even to the max. Kalau bisa bekas kenapa baru. Kalau bisa cash kenapa kredit. Nah, itu privilage saya.","3865","false","https://www.youtube.com/watch?v=eOwtRnJemrg","5 months ago","0",,"Baru Lulus Udah Pengen Buka Bisnis?","comment","eOwtRnJemrg","0"
"@sunannst5561","false","UgzbK6IpSgUPlgvt2X94AaABAg","motivator hanya mempersulit pekerja,,makin Tamba ribet","3865","false","https://www.youtube.com/watch?v=eOwtRnJemrg","5 months ago","0",,"Baru Lulus Udah Pengen Buka Bisnis?","comment","eOwtRnJemrg","0"
"@rythmsilver7979","false","Ugwa6krG7UZrbSaB-st4AaABAg","dokter masa bener sih sekelas ITB membayar pembicara segitu? terlepas seneng atau ngga ya. bukannya harus lebih menghargai pendidik. anda itu pendidik lho bukan entertainer.","3865","false","https://www.youtube.com/watch?v=eOwtRnJemrg","5 months ago","0",,"Baru Lulus Udah Pengen Buka Bisnis?","comment","eOwtRnJemrg","0"
"@fransiskadevita8680","false","UgyElY764uGGNfmVZyx4AaABAg","Catet!! Arogan kalo pinter gapapa Dr Tirta","3865","false","https://www.youtube.com/watch?v=eOwtRnJemrg","5 months ago","0",,"Baru Lulus Udah Pengen Buka Bisnis?","comment","eOwtRnJemrg","0"
"@SUPERMAGUS-channel","false","UgxOOL2_zZR4ZhoalaN4AaABAg","Yatim ngumpul, jadi 0,01 persen yg kerjas keras klo gak punya modal iyaa jgn modal dengkul. Tapi terus belajar dari pengalaman orang lain, dan terapkan dg bekerja. ( ngikut orang/ ngikut bos cina) 😅","3865","false","https://www.youtube.com/watch?v=eOwtRnJemrg","5 months ago","0",,"Baru Lulus Udah Pengen Buka Bisnis?","comment","eOwtRnJemrg","0"
"@Semesta6erbicara","false","UgxO5rIZ8HkChvMyeRV4AaABAg","Ilmu paling banyak didapat dari mana bang","3865","false","https://www.youtube.com/watch?v=eOwtRnJemrg","5 months ago","0",,"Baru Lulus Udah Pengen Buka Bisnis?","comment","eOwtRnJemrg","0"
"@siliconhills","false","UgyjuMtZ4c330PHy--R4AaABAg","Gapapa dok. Abis lulus bikin bisnis itu malah harusnya dipuji. Itu artinya mereka mau belajar dan gak tergantung pada ketersediaan lapangan kerja formal. Cuman ya, jangan kebelet nikah dulu. Asli jangan.","3865","false","https://www.youtube.com/watch?v=eOwtRnJemrg","5 months ago","0",,"Baru Lulus Udah Pengen Buka Bisnis?","comment","eOwtRnJemrg","0"
"@ranggietobias7591","false","UgweRXs5GaQJ9qBhiFV4AaABAg","Tabungan Nominal : Minus dok 😭
Privilege : No 😭
Pengalaman : lumayan banyak","3865","false","https://www.youtube.com/watch?v=eOwtRnJemrg","5 months ago","0",,"Baru Lulus Udah Pengen Buka Bisnis?","comment","eOwtRnJemrg","3"
"@lenasutanti7348","false","UgxXpeYR7QHGeUzqWZN4AaABAg","Bjirrr wqwqw. “Tourguide” 🤣","3865","false","https://www.youtube.com/watch?v=eOwtRnJemrg","5 months ago","0",,"Baru Lulus Udah Pengen Buka Bisnis?","comment","eOwtRnJemrg","0"
"@SudungBond","false","UgwdQl5qetj0YVEsPPp4AaABAg","Benar abangku Tirta intinya hidup ini kita jalani dengan pola pandang bersyukur karena setiap kehidupan sudah punya kesusahannya sendiri.😀","3865","false","https://www.youtube.com/watch?v=eOwtRnJemrg","5 months ago","0",,"Baru Lulus Udah Pengen Buka Bisnis?","comment","eOwtRnJemrg","0"
"@AyanaAzzahra234","false","UgyAXgyfxIHEP2k7YBV4AaABAg","Gak punya ke 3 nya 
Kawin sama yg punya ke 3 nya","3865","false","https://www.youtube.com/watch?v=eOwtRnJemrg","5 months ago","0",,"Baru Lulus Udah Pengen Buka Bisnis?","comment","eOwtRnJemrg","0"
"@ZaenaZaena-i4e2z","false","UgytfzoPSBif6YhAx5B4AaABAg","Mntan bos ak istrinya jungkir balik byr karyawan, jual ini jual itu gadai ini gadai itu, tp suaminya g bisa prihatin bru jd pengusaha keridit ini   kridit itu ganti mobil trus, ahirny pas itu istrinya g snaggup lg, 😮😢","3865","false","https://www.youtube.com/watch?v=eOwtRnJemrg","5 months ago","0",,"Baru Lulus Udah Pengen Buka Bisnis?","comment","eOwtRnJemrg","1"
"@AndaSaya-i4r","false","UgzOz9CXhDIz-POL4ZN4AaABAg","MUDAH KOK BANG, usaha truss serahin ke ALLAH hasilnya","3865","false","https://www.youtube.com/watch?v=eOwtRnJemrg","5 months ago (edited)","0",,"Baru Lulus Udah Pengen Buka Bisnis?","comment","eOwtRnJemrg","0"
"@jakaaditia.p1076","false","Ugyes2j9NQCL3x29hUh4AaABAg","7:05","3865","false","https://www.youtube.com/watch?v=eOwtRnJemrg","5 months ago","0",,"Baru Lulus Udah Pengen Buka Bisnis?","comment","eOwtRnJemrg","0"
"@farikhaalfirafida2447","false","UgzsyAatSsvakBZPe054AaABAg","Bertahan/Parking buss  bos..","3865","false","https://www.youtube.com/watch?v=eOwtRnJemrg","5 months ago","0",,"Baru Lulus Udah Pengen Buka Bisnis?","comment","eOwtRnJemrg","0"
"@Ailuk-17o","false","UgysDtEGE75VGGrRuv14AaABAg","Kalau ngontrak tu, harus bayar per bulan/tahun, Janggan bergantung pada orang lain, termasuk suami , pikir saja dulu diri sendiri, kalau trus ngontrak nih kira"" kalau udah jompo gak ada yang gaji apa yang di kontrakin ini mau nampung jompo?","3865","false","https://www.youtube.com/watch?v=eOwtRnJemrg","6 months ago (edited)","0",,"Baru Lulus Udah Pengen Buka Bisnis?","comment","eOwtRnJemrg","1"
"@ExselMarselno-tf5se","false","UgwzWcGSR2yDsCyJXGJ4AaABAg","Saya ingin menjadi pengusaha, untuk investasi jangka panjang. Maksudnya saya ikut kerja dulu di orang sudah ada tabungan membuka pengusaha food, dan ada tabungan saya masukan ke investasi jangka panjang. Dan Jika saya membuka usaha food rame saya membuka cabang. Jadi jika cabang akan hancur saya akan menjual investasi dalam contoh misalnya emas antam. Dan saya akan berfikir lagi bagaimana cara agar saya tidak tikar gulung dalam berwirausaha food. Kata guru saya ""kamu harus punya usaha dua mas, satu usaha bakso satu usaha mie ayam, jadi jika usaha bakso ambruk kamu masih ada usaha mie ayam mas, dan kamu bisa membuka peluang usaha sate, karena kita hidup berdampingan ada siang malam ada wanita ada pira dan lain². Jika kamu usaha coba tirukan itu""","3865","false","https://www.youtube.com/watch?v=eOwtRnJemrg","6 months ago","1",,"Baru Lulus Udah Pengen Buka Bisnis?","comment","eOwtRnJemrg","0"
"@PisangAnjay","false","UgxkQHyLjz1ouGionsx4AaABAg","“ Hidup itu soal bertahan bukan menyerang “","3865","false","https://www.youtube.com/watch?v=eOwtRnJemrg","6 months ago","0",,"Baru Lulus Udah Pengen Buka Bisnis?","comment","eOwtRnJemrg","1"
"@ExselMarselno-tf5se","false","UgwzWcGSR2yDsCyJXGJ4AaABAg.ARqmJLLjDcXARqmSYSeIrA","Tapi pak. Semua itu bergantung dari keberuntungan. Jadi seperti dr tirta bilang. Kita harus bisa membedakan ego ambisi mimpi.","3865","false","https://www.youtube.com/watch?v=eOwtRnJemrg","6 months ago","0","UgwzWcGSR2yDsCyJXGJ4AaABAg","Baru Lulus Udah Pengen Buka Bisnis?","reply","eOwtRnJemrg","0"
"@urgame9910","false","UgyzFne-fW964Tc_bbh4AaABAg","Uhuukk uhukk.....","3865","false","https://www.youtube.com/watch?v=eOwtRnJemrg","6 months ago","0",,"Baru Lulus Udah Pengen Buka Bisnis?","comment","eOwtRnJemrg","0"
"@nanasuhardiana3860","false","UgxLR9zq1AXpIS7YNiR4AaABAg","Klu bekas knp mesti baru,,,klu nggak bisa cash knp mesti nyicil,,,peng_peng","3865","false","https://www.youtube.com/watch?v=eOwtRnJemrg","6 months ago","0",,"Baru Lulus Udah Pengen Buka Bisnis?","comment","eOwtRnJemrg","0"
"@aliffrs","false","UgzV0A2W0eljMFZoEP54AaABAg","Menyerang akan membuatmu memenangkan pertandingan, tp bertahan akan membuatmu JUARA. (alex ferguson)","3865","false","https://www.youtube.com/watch?v=eOwtRnJemrg","6 months ago","0",,"Baru Lulus Udah Pengen Buka Bisnis?","comment","eOwtRnJemrg","0"
"@achmadahef6956","false","Ugz4rk2h0Ka3rkz3zQ54AaABAg","THANKS DOK SUDAH MEMBEDAH HAL INI, KARENA BANYAK YANG TERACUNI NARASI YANG TIDAK LENGKAP DILUAR SANA TERKAIT DENGAN PENGUSAHA SUKSES","3865","false","https://www.youtube.com/watch?v=eOwtRnJemrg","6 months ago","0",,"Baru Lulus Udah Pengen Buka Bisnis?","comment","eOwtRnJemrg","0"
"@kleberson777","false","UgzOzNK7_Hfksqoc2e14AaABAg","makanya gw paling ga sreg dgn motivator tapi dia adalah anak dari keluarga yg kaya raya.
Dia bilang ""kalo usaha yang penting mulai dulu aja. Just do it""
Lah kalo bangkrut, besok mau makan apa? Kalo u kan masih ada keluarga yg bisa bantu scr financial, kalo gw?","3865","false","https://www.youtube.com/watch?v=eOwtRnJemrg","6 months ago","0",,"Baru Lulus Udah Pengen Buka Bisnis?","comment","eOwtRnJemrg","0"
"@rusliadiahmad5644","false","Ugy9uLr-vBdnbHzzGJB4AaABAg","""Sukses itu Subjektif""

Dr. Tirta","3865","false","https://www.youtube.com/watch?v=eOwtRnJemrg","6 months ago","0",,"Baru Lulus Udah Pengen Buka Bisnis?","comment","eOwtRnJemrg","11"
"@PiYeppi","false","UgxatqOQaP5q0lHbd6t4AaABAg","Bisnis gak semudah kata"" timothy ronald 😂","3865","false","https://www.youtube.com/watch?v=eOwtRnJemrg","6 months ago","0",,"Baru Lulus Udah Pengen Buka Bisnis?","comment","eOwtRnJemrg","0"
"@salmanalfarisi6118","false","UgythKBZEqQMYfeg-vF4AaABAg","Makasih dr tirta nasehatnya, penjelasannya bisa dicerna dengan baik","3865","false","https://www.youtube.com/watch?v=eOwtRnJemrg","6 months ago","0",,"Baru Lulus Udah Pengen Buka Bisnis?","comment","eOwtRnJemrg","0"
"@riojenewo3661","false","UgwArQ542LyjUhUNRKl4AaABAg","“saya berhenti sekolah, dan fokus crypt0” - someone 😂","3865","false","https://www.youtube.com/watch?v=eOwtRnJemrg","6 months ago","0",,"Baru Lulus Udah Pengen Buka Bisnis?","comment","eOwtRnJemrg","0"
"@teman_bicara","false","Ugzrw60SKexzJM2A73t4AaABAg","Kereen dok 👍","3865","false","https://www.youtube.com/watch?v=eOwtRnJemrg","6 months ago","0",,"Baru Lulus Udah Pengen Buka Bisnis?","comment","eOwtRnJemrg","0"
"@apriaja-w1h","false","UgzpHKyV2CR6N0Nj8314AaABAg","jngn dengerin kata motivator bulshite semua","3865","false","https://www.youtube.com/watch?v=eOwtRnJemrg","6 months ago","0",,"Baru Lulus Udah Pengen Buka Bisnis?","comment","eOwtRnJemrg","0"
"@popol69-q6f","false","UgzoNsvPxSFZXAz6d1N4AaABAg","Ini lebih masuk akal daripada All in BTC😂😂","3865","false","https://www.youtube.com/watch?v=eOwtRnJemrg","6 months ago (edited)","0",,"Baru Lulus Udah Pengen Buka Bisnis?","comment","eOwtRnJemrg","0"
"@almustaqim9097","false","Ugwuf26kL5G2g8vwixV4AaABAg","Mas previlage ku mung KUR BRI,...  Usaha 10 thn stuck gak bisa maju,,, tp alhamdulillah cukup go mangan,,, awal 2025 hampir rungkat,, gak bisa bayar angsuran,,, beruntung istriku nabung bisa buat angsuran","3865","false","https://www.youtube.com/watch?v=eOwtRnJemrg","6 months ago","0",,"Baru Lulus Udah Pengen Buka Bisnis?","comment","eOwtRnJemrg","0"
"@lelakilanang8284","false","UgwHUOx9hlH9XVBIiAV4AaABAg","Liverpool 30 Thn aja baru juara sekali, kalian pasti 30 Thn lagi jadi orang sukses 😂","3865","false","https://www.youtube.com/watch?v=eOwtRnJemrg","6 months ago","0",,"Baru Lulus Udah Pengen Buka Bisnis?","comment","eOwtRnJemrg","0"
"@marwanwid","false","UgziLriIb2_8D66rhih4AaABAg","mati cuma sekali, hidup itu tiap hari

damn","3865","false","https://www.youtube.com/watch?v=eOwtRnJemrg","6 months ago","0",,"Baru Lulus Udah Pengen Buka Bisnis?","comment","eOwtRnJemrg","2"
"@muhammadsaifullah2009","false","UgzW-sSmevuivE_b-dV4AaABAg","W kira donnie yen 😂😂😂","3865","false","https://www.youtube.com/watch?v=eOwtRnJemrg","6 months ago","0",,"Baru Lulus Udah Pengen Buka Bisnis?","comment","eOwtRnJemrg","0"
"@WarriorGTX","false","UgxDljjoUbhZ47HsW2F4AaABAg","Saya mau jadi pengusaha untuk memiliki kehidupan lebih baik😊,
Alhamdulillah sudah saya jalani","3865","false","https://www.youtube.com/watch?v=eOwtRnJemrg","6 months ago","2",,"Baru Lulus Udah Pengen Buka Bisnis?","comment","eOwtRnJemrg","1"
"@aryanld3068","false","Ugx2iz_5p37Y9_pVwlp4AaABAg","Mas tirta, seumuran disini. Algorithm yg nyaranin saya kesini. Tapi karena ada ketertarikan dengan contents& contexts nya disini saya stuck dengerin sampeyan.","3865","false","https://www.youtube.com/watch?v=eOwtRnJemrg","6 months ago","0",,"Baru Lulus Udah Pengen Buka Bisnis?","comment","eOwtRnJemrg","0"
"@GarobakberkahGarobakberkah-m9r","false","UgymEnM6c6U2jPGFzs94AaABAg","belajar dari REPUBLIK FUFUFAFA bahwa bisnis yang paling cepat mendatangkan cuan, adalah bisnis kekuasaan 

Bisnis jadi Presiden, Bisnis Jadi Gubernur, Bisnis jadi Walikota ya #minimal bisnis jadi Kepala Desa. 

dijamin akan dapat mengelola uang banyak.","3865","false","https://www.youtube.com/watch?v=eOwtRnJemrg","6 months ago","0",,"Baru Lulus Udah Pengen Buka Bisnis?","comment","eOwtRnJemrg","0"
"@muhammadwasil1472","false","Ugzdmw2FlH2o-eTNN7J4AaABAg","Respect 🔥
Isinya daging semua g nyangka udah 2 bulan yg lalu tapi baru muncul di ytku, ini pertanda buat diri sendiri kedepannya buat investasi otak & kesehatan","3865","false","https://www.youtube.com/watch?v=eOwtRnJemrg","6 months ago","0",,"Baru Lulus Udah Pengen Buka Bisnis?","comment","eOwtRnJemrg","0"
"@WarriorGTX","false","UgxDljjoUbhZ47HsW2F4AaABAg.ARh8f_9wnJ4ARh8qIt-KND","Saya tidak puya pengalaman 0%, saya belajar auto didak tanpa aturan dari orang lain dan hanya berpegang pada diri saya sendiri, intinya konsisten aja dengan kehidupan kalian ini","3865","false","https://www.youtube.com/watch?v=eOwtRnJemrg","6 months ago","0","UgxDljjoUbhZ47HsW2F4AaABAg","Baru Lulus Udah Pengen Buka Bisnis?","reply","eOwtRnJemrg","1"
"@WarriorGTX","false","UgxDljjoUbhZ47HsW2F4AaABAg.ARh8f_9wnJ4ARh9eRc0n_Q","Aku gak puya orang tua yang vrivilag","3865","false","https://www.youtube.com/watch?v=eOwtRnJemrg","6 months ago","0","UgxDljjoUbhZ47HsW2F4AaABAg","Baru Lulus Udah Pengen Buka Bisnis?","reply","eOwtRnJemrg","0"
"@xxxx-lj8hk","false","UgwFwtZFpGBQ25UXehJ4AaABAg","Kalo semua zonk gmna","3865","false","https://www.youtube.com/watch?v=eOwtRnJemrg","6 months ago","0",,"Baru Lulus Udah Pengen Buka Bisnis?","comment","eOwtRnJemrg","0"
"@haryjoz6115","false","UgwIippKhbjDgkLpsv14AaABAg","Dr. Tirta versi covid
Mantap sih","3865","false","https://www.youtube.com/watch?v=eOwtRnJemrg","6 months ago","0",,"Baru Lulus Udah Pengen Buka Bisnis?","comment","eOwtRnJemrg","0"
"@AsamManis-li9gr","false","UgziBn1GZNYFqf5-mQ14AaABAg","saya mahasiswa dan ini saya berbisnis dibidang jasa untuk pembuatan website dan alhamdulillah baru saja mendapatkan 2 client","3865","false","https://www.youtube.com/watch?v=eOwtRnJemrg","6 months ago","4",,"Baru Lulus Udah Pengen Buka Bisnis?","comment","eOwtRnJemrg","47"
"@aalighani","false","UgxWLW1BV5slJMeA5WV4AaABAg","2 yang bisa kita wariskan : ilmu dan anak","3865","false","https://www.youtube.com/watch?v=eOwtRnJemrg","6 months ago","0",,"Baru Lulus Udah Pengen Buka Bisnis?","comment","eOwtRnJemrg","0"
"@bobaraseeker591","false","UgwonJPb-kOAycsy-D54AaABAg","Family friendly sekali konten ini 🥰","3865","false","https://www.youtube.com/watch?v=eOwtRnJemrg","6 months ago","0",,"Baru Lulus Udah Pengen Buka Bisnis?","comment","eOwtRnJemrg","0"
"@mtwones","false","UgwNQmNU0avJzg6udVN4AaABAg","Jalan usaha karena
1. Standart umur sudah tidak mempuni di indo umur 25 sudah exp
2. Tetap usaha kecil kecilan hanya studio tattoo
3. Tattoo masih dipandang kriminal
4. Pengalaman saat ini di umur 27 builder mobil classic,marketing,tourleader,driver

Disaat ini pariwisata indo melemah dan penjajahan orang luar yang tinggal di indo membuka wisata 

Ya saya tidak mempunyai previl dari yatim piatu, modal pas pasan karena di hajar corona

Sampai sekarang saya belum menyerah melamar kerja dan berharap ada panggilan","3865","false","https://www.youtube.com/watch?v=eOwtRnJemrg","6 months ago","0",,"Baru Lulus Udah Pengen Buka Bisnis?","comment","eOwtRnJemrg","0"
"@robahmuhammad2281","false","UgwSeo8a46wR2LaNBBR4AaABAg","Liverpool 30 tahun, wkwkwkwkwkwkw","3865","false","https://www.youtube.com/watch?v=eOwtRnJemrg","6 months ago","0",,"Baru Lulus Udah Pengen Buka Bisnis?","comment","eOwtRnJemrg","0"
"@ForyouForme-u6o","false","UgxenYA6W_lfwjzltCJ4AaABAg","Hanya ingin mencari sebanyak yg saya bisa dn memberi sebanyak yg saya bisa","3865","false","https://www.youtube.com/watch?v=eOwtRnJemrg","6 months ago","0",,"Baru Lulus Udah Pengen Buka Bisnis?","comment","eOwtRnJemrg","0"
"@gametechuzumaki1169","false","Ugza2wba6amPHC9-jvR4AaABAg","Udah mau 2 tahun kerja dengan gaji yang sedikit di atas UMR (kalo lemburan bisa dua digit) pernah mikir mau usaha aja supaya bisa manjat kelas  dari menengah nanggung ke ya minimal menengah hampir kaya 🤣 . Tapi emang gak punya jaring emas (privelege) buat nahan kalo nanti misal usahanya gagal. Jadi akhirnya mutusin uang gaji di invest aja itupun di instrumen investasi yg minim resiko seperti emas atau RDPT. Selalu mikir dan nganggap diri ini pengecut, gak mau keluar dari zona nyaman, miskin seumur hidup karena gak berani buka bisnis sendiri. Tapi setelah nonton vidio ini jd makin sadar kalo pilihan gw kemaren gak salah. Thanks dawg eh dok.","3865","false","https://www.youtube.com/watch?v=eOwtRnJemrg","6 months ago","0",,"Baru Lulus Udah Pengen Buka Bisnis?","comment","eOwtRnJemrg","1"
"@rendrahelm3704","false","UgxrqY9FZWKd9907HhV4AaABAg","Saya cuma lulusan SMA. Mau nerusin kuliah males. Karena ngak ada biaya.  Terus kerja Di Tukang anter Gas Galon Selama 2th lebih. Gaji cuman 750 ribu per bulan. Sempat mikir usaha apa yg tanpa modal awal. Akirnya ketemu Jualan Helm Dari awal modal Cuman 100 ribu tak Jual laku 200 ribu eh kok untung banyak.  Terus lah beli Helm seken. Saya jual lagi untung muter terus. Modal awal Cuman 100 ribu.  Itu di tahun 2019. Dan Alhamdulillah sampai sekarang udah punya stok banyak Nominal mencapai 1M.  Di umur saya Baru 25 th. Alhamdulillah bisa membahagian orang tua. Tidak membebani keluarga.  Modal Tidak ngutang. Cuma dari Untung Helm seken Muter terus sampai 5th ini Alhamdulillah. Perjuangan walaupun belum punya tabungan banyak. Hp cuman android. Bukan ip.    Modal 100 ribu.  Pengalaman Baru Jga. Tapi alhamdulillah belajar pelan pelan semua Bisa.   Tetep semangat Bolo. Sambat rapopo 😁","3865","false","https://www.youtube.com/watch?v=eOwtRnJemrg","6 months ago (edited)","0",,"Baru Lulus Udah Pengen Buka Bisnis?","comment","eOwtRnJemrg","0"
"@kusumoadmojo4440","false","Ugz_5_52dxgwo1eTH8d4AaABAg","emang kenapa kalo jadi beban negara, bilang aja iri dan pingin dapet bansos juga 😅😅","3865","false","https://www.youtube.com/watch?v=eOwtRnJemrg","6 months ago","0",,"Baru Lulus Udah Pengen Buka Bisnis?","comment","eOwtRnJemrg","0"
"@inyongplant","false","Ugw2shwNy7dfVyIynBx4AaABAg","Bro....Bro...Asik banget dengernya. Serasa dengar motivasi dari CEO Laguna Grup...","3865","false","https://www.youtube.com/watch?v=eOwtRnJemrg","6 months ago","0",,"Baru Lulus Udah Pengen Buka Bisnis?","comment","eOwtRnJemrg","0"
"@ivanrmdn","false","Ugwjd-s4toDs1VLNToZ4AaABAg","Gak punya privilege
Lulusan SMK kerjaan mekanik a2b
Punya usaha di kampung halaman","3865","false","https://www.youtube.com/watch?v=eOwtRnJemrg","6 months ago","0",,"Baru Lulus Udah Pengen Buka Bisnis?","comment","eOwtRnJemrg","0"
"@triadi4032","false","Ugy_gB3EJU2KRgSAO6N4AaABAg","Waduh.. Privilege gk ada, ipk gk kuliah, financial ajur. Kerja 10 th gk ono hasil, impian tinggi. Wah.. Parah.pantes yak kalo gua miskin bgt.","3865","false","https://www.youtube.com/watch?v=eOwtRnJemrg","6 months ago","0",,"Baru Lulus Udah Pengen Buka Bisnis?","comment","eOwtRnJemrg","0"
"@shofikhula9507","false","Ugy_glYzt7-ObCJp-Gt4AaABAg","bang izin motong videonya ya","3865","false","https://www.youtube.com/watch?v=eOwtRnJemrg","6 months ago","0",,"Baru Lulus Udah Pengen Buka Bisnis?","comment","eOwtRnJemrg","0"
"@Boy90s","false","Ugz9nhGCPTV8KJ9_7Gd4AaABAg","18:06 kamboja i'm coming","3865","false","https://www.youtube.com/watch?v=eOwtRnJemrg","6 months ago","0",,"Baru Lulus Udah Pengen Buka Bisnis?","comment","eOwtRnJemrg","0"
"@aku2224","false","Ugy9sjDVk7XsmU4y8Vh4AaABAg","bisa ngga saya kariawan tapi jadi bos,, saya dirikan usaha saya dengan tabungan saya tapi saya gaji kariawan saya dengan gaji saya sebagai kariawan di tempat kerja saya?","3865","false","https://www.youtube.com/watch?v=eOwtRnJemrg","6 months ago","0",,"Baru Lulus Udah Pengen Buka Bisnis?","comment","eOwtRnJemrg","0"
"@RobertusJordySusilo","false","UgzWL0F3owKJeOVVL1F4AaABAg","Buat laporan sambil dengar Dokter Tirta serasa di ceramahin 2 sks 👍","3865","false","https://www.youtube.com/watch?v=eOwtRnJemrg","6 months ago","0",,"Baru Lulus Udah Pengen Buka Bisnis?","comment","eOwtRnJemrg","0"
"@Rexxycc","false","Ugw1JW6L-YdgVirV7ZZ4AaABAg","agak kena mental gw nonton ini akwoaowkao","3865","false","https://www.youtube.com/watch?v=eOwtRnJemrg","6 months ago","0",,"Baru Lulus Udah Pengen Buka Bisnis?","comment","eOwtRnJemrg","0"
"@dayatkisaragi4725","false","UgywUvyp5a0GH5m9WLR4AaABAg","Sangat setujuu","3865","false","https://www.youtube.com/watch?v=eOwtRnJemrg","6 months ago","0",,"Baru Lulus Udah Pengen Buka Bisnis?","comment","eOwtRnJemrg","0"
"@superjunior1999","false","UgziBn1GZNYFqf5-mQ14AaABAg.ARf2UAhQ7xZAT0GQSTm4cV"," @AsamManis-li9gr  lu kalo promosi jasanya dimana bg","3865","false","https://www.youtube.com/watch?v=eOwtRnJemrg","5 months ago","0","UgziBn1GZNYFqf5-mQ14AaABAg","Baru Lulus Udah Pengen Buka Bisnis?","reply","eOwtRnJemrg","1"
"@18-001ImamFadhkurRokhim-mc1hj","false","UgziBn1GZNYFqf5-mQ14AaABAg.ARf2UAhQ7xZAUiaI_aB9w9"," @superjunior1999  gw juga gitu bang, dapet puluhan project/client awal² dari temen mahasiswa, setelah lulus dapet client dari networking temen kerja. Intinya sih privilege yg dibangun, relasi/network","3865","false","https://www.youtube.com/watch?v=eOwtRnJemrg","3 months ago","0","UgziBn1GZNYFqf5-mQ14AaABAg","Baru Lulus Udah Pengen Buka Bisnis?","reply","eOwtRnJemrg","0"
"@riyanredmi3617","false","UgziBn1GZNYFqf5-mQ14AaABAg.ARf2UAhQ7xZAUylOwot4NH","buat website gimana bang","3865","false","https://www.youtube.com/watch?v=eOwtRnJemrg","3 months ago","0","UgziBn1GZNYFqf5-mQ14AaABAg","Baru Lulus Udah Pengen Buka Bisnis?","reply","eOwtRnJemrg","0"
"@naflorist6367","false","UgziBn1GZNYFqf5-mQ14AaABAg.ARf2UAhQ7xZAVIAGkzUTEn"," @AsamManis-li9gr  promosi dimana bang","3865","false","https://www.youtube.com/watch?v=eOwtRnJemrg","3 months ago","0","UgziBn1GZNYFqf5-mQ14AaABAg","Baru Lulus Udah Pengen Buka Bisnis?","reply","eOwtRnJemrg","0"
"@annisaaszahra9075","false","UgwaYBhW24Ow1Efyjeh4AaABAg","Tertampar wkwkk","3865","false","https://www.youtube.com/watch?v=eOwtRnJemrg","6 months ago","0",,"Baru Lulus Udah Pengen Buka Bisnis?","comment","eOwtRnJemrg","0"
"@widyasulistia9576","false","UgyCn5j2IGyKSKqOuHF4AaABAg","""realistis itu penting""","3865","false","https://www.youtube.com/watch?v=eOwtRnJemrg","6 months ago","0",,"Baru Lulus Udah Pengen Buka Bisnis?","comment","eOwtRnJemrg","0"
"@acerexpo","false","Ugzpyka9UQfqWUJCUol4AaABAg","mirip guru ip (ip man)","3865","false","https://www.youtube.com/watch?v=eOwtRnJemrg","6 months ago","0",,"Baru Lulus Udah Pengen Buka Bisnis?","comment","eOwtRnJemrg","0"
"@GalluZ","false","UgzyCKsfUibZTLvrThF4AaABAg","Aku seorang hampir umur 23 fresh graduate bidang pendidikan, tinggal nunggu wisuda. IPK ku bagus (di atas 3,5) dan finansialku aman karena ibuku, cuma lagi kurang pengalaman kerja (ada sih event sana sini, tapi pengalaman yg dapet uang beneran itu dikit). Sebenernya tergoda untuk lanjut kerja karena aku sedikit iri karena: 1. Beberapa temenku ada yg udah kerja; 2. Aku benci karena mau beli hal² sekunder aja harus minta uang ke ibu. Setelah belakangan ini liat kelas pakarnya Dr. Tirta, saran dari kakak dan suami, dan inspirasi dari cewekku, aku di situasi yang cocok untuk upgrade otak, belajar, iqro. Dari kelas pakar Dr. Tirta yang lain itu aku nyadar juga, tujuan S2 itu menggabungkan cara kerja dunia yang dipelajari pas SMA dan cara mencari uang yang dipelajari pas S1. Aku punya mental mempimpin, tapi aku masih kurang pengalaman karena lebih banyak yapping macem ""kenapa dilakukan A, bukan B"", ditambah lagi sifat jelekku yang masih suka nunda pekerjaan (procrastinating).

Aku mungkin bakalan lanjut S2 ku, cuman kalo bisa sambil kerja (kalopun dapet), aku bakalan mau juga buat bonus. Semoga berhasil 🐔🙏","3865","false","https://www.youtube.com/watch?v=eOwtRnJemrg","6 months ago","0",,"Baru Lulus Udah Pengen Buka Bisnis?","comment","eOwtRnJemrg","0"
"@lambridi","false","UgwGTYefOIlXfEoydjp4AaABAg","ini bicara tentang bisnis elit dan formal kemyataan di lapangan tdk serta merta harus menuhin syyarat itu terlepas dari ini untuk anak kuliah tapi fakta di lapangan pengalaman lah yg benar2 buat kita bisa belajar berbisnis dan kuci keberhasilan bukan banyak teori tapi planing dan eksekusi. tapi lumayan juga krn di beberkan banyak fakta lapangan bukan bicara bulsit ini yg gw suka dari dr tirta,","3865","false","https://www.youtube.com/watch?v=eOwtRnJemrg","6 months ago","0",,"Baru Lulus Udah Pengen Buka Bisnis?","comment","eOwtRnJemrg","0"
"@raflychnl9793","false","Ugy9862vPFJE29C604Z4AaABAg","""takdir mas""😂","3865","false","https://www.youtube.com/watch?v=eOwtRnJemrg","6 months ago","0",,"Baru Lulus Udah Pengen Buka Bisnis?","comment","eOwtRnJemrg","0"
"@bagusderajat5380","false","Ugwe-RRBIqrGOXWuBmV4AaABAg","Makasis dok ilmu nya, saya baru umur 15 tahun jadi terinspirasi buat belajar coding supaya bisa kerja jual jasa atau pun yang lain, rencana kalau sudah ada tabungan saya ingin membuat lahan hydroponik. Tapi saya bingung mau ambil kuliah atau tidak?","3865","false","https://www.youtube.com/watch?v=eOwtRnJemrg","6 months ago","1",,"Baru Lulus Udah Pengen Buka Bisnis?","comment","eOwtRnJemrg","0"
"@ichwan.m.haikal","false","Ugw8GpDHjHkR3uhFhp14AaABAg","Nuhun pisan.","3865","false","https://www.youtube.com/watch?v=eOwtRnJemrg","6 months ago","0",,"Baru Lulus Udah Pengen Buka Bisnis?","comment","eOwtRnJemrg","0"
"@Paket-Komplit","false","Ugxx2-1-J-nnYFQZsHR4AaABAg","Endingnya gacor dok 😂😂😂","3865","false","https://www.youtube.com/watch?v=eOwtRnJemrg","6 months ago","0",,"Baru Lulus Udah Pengen Buka Bisnis?","comment","eOwtRnJemrg","0"
"@satriakelanapanjaitan8175","false","UgwOKtGrls3n7i-Bo754AaABAg","Sehat selalu bos","3865","false","https://www.youtube.com/watch?v=eOwtRnJemrg","6 months ago","0",,"Baru Lulus Udah Pengen Buka Bisnis?","comment","eOwtRnJemrg","0"
"@aisaisah2096","false","UgwqNd1iqIGozaH3S814AaABAg","Jangankan bisnis, saya buka sekolah yg berbasis sosial aja sulit bgt.. Penuh rintangan. Skrg dah nyerah thn ini terakhir sdh sy akan tutup itu sekolah nya.. Cukup","3865","false","https://www.youtube.com/watch?v=eOwtRnJemrg","6 months ago","0",,"Baru Lulus Udah Pengen Buka Bisnis?","comment","eOwtRnJemrg","0"
"@regaatvgo2559","false","Ugzyg1s3yNC7Ir-1aot4AaABAg","saya menikah di usia 25 tahun,setelah lulus kuliah. di tahun 2023.dan saya berusaha bangun warung sembako buat roko ,beli tanah, 1 tahun kemudian warung sembako tutup saya baralih ke pemeliharaan sapi. modal hutang bank 120 JT dan, di 2026 ini semua habis tinggal tersisa bayar bank dan macetacetan .sumpah hidup tak semudah cocote motifator cokk","3865","false","https://www.youtube.com/watch?v=eOwtRnJemrg","6 months ago","2",,"Baru Lulus Udah Pengen Buka Bisnis?","comment","eOwtRnJemrg","0"
"@TKMHS_13","false","UgxnTAfrczpJqbL2IDF4AaABAg","Dokter tirta😂😂😂😂😅😅😅","3865","false","https://www.youtube.com/watch?v=eOwtRnJemrg","6 months ago","0",,"Baru Lulus Udah Pengen Buka Bisnis?","comment","eOwtRnJemrg","0"
"@rendinursamiaji9782","false","Ugx63BjPkfweW3rliJl4AaABAg","1. tanyakan ke diri sendiri alasan jadi pengusaha
2. tanyakan ke diri sendiri tentang pilihan
3. cek tabungan/privilage anda/perkuliahan(pengalaman kerja). membedakan ke tiga ini adalah waktu
4. self analysis(menghitung kemungkinan gagal dan bersaing). double profesi is the best: 9-5 kerja tapi punya bisnis dan dr tirta punya 7 profesi
5. luck(keberuntungan). dan investasi terbaik dua hal yaitu otak dan kesehatan","3865","false","https://www.youtube.com/watch?v=eOwtRnJemrg","6 months ago","0",,"Baru Lulus Udah Pengen Buka Bisnis?","comment","eOwtRnJemrg","8"
"@risqoprintingofficial","false","UgxgaPeDNaHOa2Mvc1N4AaABAg","Jangan buru buru nikah. Menghidupi diri sendiri aja susah mau coba-coba ngajak orang lain🎉","3865","false","https://www.youtube.com/watch?v=eOwtRnJemrg","6 months ago","0",,"Baru Lulus Udah Pengen Buka Bisnis?","comment","eOwtRnJemrg","0"
"@ErwinAdityawan","false","UgzPYgwi5MVdHhRqUrp4AaABAg","Sy lulusan SMK
Anak orang susah tdk punya apa""
Umur 19 tahun sy honorer
Umur 20 tahun jadi sales
Umur 21 tahun coba buka usaha laundry sepatu. Jujur sy dpt inspirasi dari dr.tirta
Merambat ke laundry pakaian di tahun 2016 alhamdulillah...sekarang laundry sudah besar.
 Jangan menyerah untuk kita PERINTIS. KEEP FIGHT !!! PENG PENG PENG","3865","false","https://www.youtube.com/watch?v=eOwtRnJemrg","6 months ago (edited)","4",,"Baru Lulus Udah Pengen Buka Bisnis?","comment","eOwtRnJemrg","164"
"@canggihwahyudi5333","false","UgzYlQI1zefGYjfPoch4AaABAg","Perkenalkan saya Wahyu Umur 23th 
Lulusan SMK th 2021 (Tidak mau kuliah karena takut akan menambah beban orang tua )
Orang tua PNS dg gaji under 3jt
Punya kakak 3 TNI semua

Saya Punya usaha produksi bahan bahan bangunan 
Yang awalnya milik bapak yg sulit berkembang, jadi saya teruskan setelah lulus sekolah.. Alhamdulillah untuk sekarang usaha sedikit demi sedikit mempunyai koneksi ( Tukang, Pemborong, Toko"" Bangunan dll )
Alasan saya untuk fokus di usaha adalah Saya hanya mewujudkan impian saya dulu, ingin bekerja tanpa di suruh. Ingin bekerja tanpa tekanan, ingin bekerja sesuai kemampuan saya. 

Dan Insyaallah akan nambah usaha Bengkel las 

Pertanyaan saya, apakah saya termasuk 3 yang di sebutkan atau belum ? 
IPK tidak punya karena saya ga kuliah 
Privilage emang dari keluarga yg menengah lah 
Koneksi tidak ada ( koneksi saya mengalir dari usaha )","3865","false","https://www.youtube.com/watch?v=eOwtRnJemrg","6 months ago","0",,"Baru Lulus Udah Pengen Buka Bisnis?","comment","eOwtRnJemrg","0"
"@bukanboboiboy","false","Ugx1OAwzdDs9bWkmzz54AaABAg","Aku umur 25 belum financial stable, ortu dua""nya udah meninggal, pengalaman juga ga banyak karena kemarin beberapa tahun rawat orang tua yang sakit, sekarang semester 10 dan lagi skripsian.... Aku bisa apa dok??
Kalo sekarang sih buat bisa berdiri dikit, sambil ngojol","3865","false","https://www.youtube.com/watch?v=eOwtRnJemrg","6 months ago (edited)","0",,"Baru Lulus Udah Pengen Buka Bisnis?","comment","eOwtRnJemrg","1"
"@prasetyosaputro1689","false","UgyYm_U8pOyDKdPaZ5t4AaABAg","Ngene iki  ya di ceramahi WONG TUO 30 menit soal URIP REALISTIS. Biasane grisenen kuping tapi iki seneng","3865","false","https://www.youtube.com/watch?v=eOwtRnJemrg","6 months ago","0",,"Baru Lulus Udah Pengen Buka Bisnis?","comment","eOwtRnJemrg","0"
"@AbdulRois-c4u","false","Ugy3i01YBHde8awsnsJ4AaABAg","IPK (ya)
[ENGALAMAN KERJA (ya)
FINANSIAL (no)
PRIVILLAGE (no)","3865","false","https://www.youtube.com/watch?v=eOwtRnJemrg","6 months ago","0",,"Baru Lulus Udah Pengen Buka Bisnis?","comment","eOwtRnJemrg","0"
"@anglerdiary","false","Ugwe-RRBIqrGOXWuBmV4AaABAg.ARZIFvVoalwARa2jHX22_s"," @bagusderajat5380  saran dikit, kuliah/tidak kuliah tergantung dimana posisi kamu. Tp ini ada sedikit shortcut yang non formal. 
1. Belajar mental, ambil kelas speaking di pare. Jangan tinggal di kost, tapi tinggal di camp
2. Belajar hardskill pake youtube dan chat gpt udah ok. 
3. Banyakin relasi yg membangun, bisa offline atau grup di Facebook. 
4. Oh ya, di pare juga bagus bangun relasi. Banyak anak kuliahan yg bisa ngebawa mindset km lebih baik. Tp cari pas musim liburan anak kuliah.","3865","false","https://www.youtube.com/watch?v=eOwtRnJemrg","6 months ago","0","Ugwe-RRBIqrGOXWuBmV4AaABAg","Baru Lulus Udah Pengen Buka Bisnis?","reply","eOwtRnJemrg","0"
"@joganez553","false","UgzPYgwi5MVdHhRqUrp4AaABAg.ARWkQW6DTcJATj6XzbGRFR"," @ErwinAdityawan  masih jadi honorer gak kak ?","3865","false","https://www.youtube.com/watch?v=eOwtRnJemrg","4 months ago","0","UgzPYgwi5MVdHhRqUrp4AaABAg","Baru Lulus Udah Pengen Buka Bisnis?","reply","eOwtRnJemrg","2"
"@ErwinAdityawan","false","UgzPYgwi5MVdHhRqUrp4AaABAg.ARWkQW6DTcJAUq6eXocg3N","​ @joganez553 
Tidak kak
Alhamdulillah sdh jd owner laundry di papua kak","3865","false","https://www.youtube.com/watch?v=eOwtRnJemrg","3 months ago","0","UgzPYgwi5MVdHhRqUrp4AaABAg","Baru Lulus Udah Pengen Buka Bisnis?","reply","eOwtRnJemrg","0"
"@GoogleAkun-u3i","false","UgzPYgwi5MVdHhRqUrp4AaABAg.ARWkQW6DTcJAW3FQBaxoxU","​ @joganez553 udah engga kan dia buka usaha","3865","false","https://www.youtube.com/watch?v=eOwtRnJemrg","2 months ago","0","UgzPYgwi5MVdHhRqUrp4AaABAg","Baru Lulus Udah Pengen Buka Bisnis?","reply","eOwtRnJemrg","0"
"@ownerbums","false","UgzPYgwi5MVdHhRqUrp4AaABAg.ARWkQW6DTcJAVNTeJfRphz"," @ErwinAdityawan  keren bang","3865","false","https://www.youtube.com/watch?v=eOwtRnJemrg","3 months ago","0","UgzPYgwi5MVdHhRqUrp4AaABAg","Baru Lulus Udah Pengen Buka Bisnis?","reply","eOwtRnJemrg","1"
"@ariswidyarahman","false","Ugzyg1s3yNC7Ir-1aot4AaABAg.ARX1Dw_QWE7ARYedDcMm0J","Pemeliharaan sapinya kenapa tutup?","3865","false","https://www.youtube.com/watch?v=eOwtRnJemrg","6 months ago","0","Ugzyg1s3yNC7Ir-1aot4AaABAg","Baru Lulus Udah Pengen Buka Bisnis?","reply","eOwtRnJemrg","0"
"@ariswidyarahman","false","Ugzyg1s3yNC7Ir-1aot4AaABAg.ARX1Dw_QWE7ARYefmZWkBG","Pemeliharaan sapinya kenapa tutup?","3865","false","https://www.youtube.com/watch?v=eOwtRnJemrg","6 months ago","0","Ugzyg1s3yNC7Ir-1aot4AaABAg","Baru Lulus Udah Pengen Buka Bisnis?","reply","eOwtRnJemrg","0"
"@AbdulRois-c4u","false","UgwgG-Qwbqqhm9kIemp4AaABAg","i dont have privillage","3865","false","https://www.youtube.com/watch?v=eOwtRnJemrg","6 months ago","0",,"Baru Lulus Udah Pengen Buka Bisnis?","comment","eOwtRnJemrg","0"
"@cacan-u2e","false","Ugymr7U9LT199SyBzQ94AaABAg","Dngerin ini sambil push rank mlh ngrasa ksindir njir😂","3865","false","https://www.youtube.com/watch?v=eOwtRnJemrg","6 months ago","0",,"Baru Lulus Udah Pengen Buka Bisnis?","comment","eOwtRnJemrg","0"
"@Shortstory-121","false","UgxCn_idT3h0HH_qy9B4AaABAg","Dipikir pikir dr tirta mirip ip man😅","3865","false","https://www.youtube.com/watch?v=eOwtRnJemrg","6 months ago","0",,"Baru Lulus Udah Pengen Buka Bisnis?","comment","eOwtRnJemrg","0"
"@dosenseniorindonesia","false","UgwjvyGWIPvDizJUEE94AaABAg","Sukses dan financial stable itu berbeda jauh......mantap","3865","false","https://www.youtube.com/watch?v=eOwtRnJemrg","6 months ago","0",,"Baru Lulus Udah Pengen Buka Bisnis?","comment","eOwtRnJemrg","0"
"@Byzheelly_yz","false","UgyAncIqdoFLqcQRAWl4AaABAg","Mas Tirta nek ngomong jian..😅","3865","false","https://www.youtube.com/watch?v=eOwtRnJemrg","6 months ago","0",,"Baru Lulus Udah Pengen Buka Bisnis?","comment","eOwtRnJemrg","0"
"@RaiGunawan-m3s","false","Ugw-HGebsOQkDug9yoB4AaABAg","Saya punya semangat juang yang tinggi","3865","false","https://www.youtube.com/watch?v=eOwtRnJemrg","6 months ago","0",,"Baru Lulus Udah Pengen Buka Bisnis?","comment","eOwtRnJemrg","0"
"@projectweekend4820","false","UgwK8vxOkF_PeeCft3F4AaABAg","Keren banget emang dokter tirta ini
Beda dg dokter dokter pada umum nya 🎉","3865","false","https://www.youtube.com/watch?v=eOwtRnJemrg","6 months ago","0",,"Baru Lulus Udah Pengen Buka Bisnis?","comment","eOwtRnJemrg","0"
"@bedjowidjanarko","false","Ugxukq7nExmauowm1nl4AaABAg","28:37.  Sudah tak maafkan salah dokter, saya tidak merasa tersinggung. Dari menit pertama bener semua, saya cuma lulusan STM 12 RM lulus th 1998, kerja serabutan, tapi background saya sejak SMP saya sudah bekerja jadi buruh tukang potong ayam di pasar, sejak SMP saya pahami mekanisme kerja, cara berjualan, belajar memimpin kelompok (group), 10th bekerja cari modal, (Prinsip saya) tujuannya buka usaha, Alhamdulillah th 2008 saya buka satu Agen JNE, sekarang sudah punya 3 outlet, tapi sekarang jamannya Cashless, usaha keagenan ya Alhamdulillah saja deh. 
Terimakasih Dokter Tirta.","3865","false","https://www.youtube.com/watch?v=eOwtRnJemrg","6 months ago","0",,"Baru Lulus Udah Pengen Buka Bisnis?","comment","eOwtRnJemrg","1"
"@masbambang89","false","UgzBEkbgttoBHoRLwv54AaABAg","Jangan remehkan privillage RT 😅 semua saudara ketua RT dapat bqntuan bansos, BLT, bedah rumah, kis, bpjs gratis. 😮","3865","false","https://www.youtube.com/watch?v=eOwtRnJemrg","6 months ago","0",,"Baru Lulus Udah Pengen Buka Bisnis?","comment","eOwtRnJemrg","0"
"@dikifebrian2917","false","Ugyqctfn7XcXVHsKrCF4AaABAg","Kalo gak semuanya","3865","false","https://www.youtube.com/watch?v=eOwtRnJemrg","6 months ago","0",,"Baru Lulus Udah Pengen Buka Bisnis?","comment","eOwtRnJemrg","0"
"@afraazhar1099","false","UgwMWgFL0KvU3LLH5Ah4AaABAg","jadi kalo lulus sma doang ga tiga tiga nya ya?","3865","false","https://www.youtube.com/watch?v=eOwtRnJemrg","6 months ago","0",,"Baru Lulus Udah Pengen Buka Bisnis?","comment","eOwtRnJemrg","0"
"@SuryaUtama-o4g","false","UgydIMXm1_GqHrWsdwd4AaABAg","Daging semua wagyu a5 👌❤","3865","false","https://www.youtube.com/watch?v=eOwtRnJemrg","6 months ago","0",,"Baru Lulus Udah Pengen Buka Bisnis?","comment","eOwtRnJemrg","0"
"@notlaw999","false","UgygNDKPX_5J2tZw_PV4AaABAg","Pengen usaha pengen merubah keadaan dari pecundang jadi someone good 😢","3865","false","https://www.youtube.com/watch?v=eOwtRnJemrg","6 months ago","0",,"Baru Lulus Udah Pengen Buka Bisnis?","comment","eOwtRnJemrg","0"
"@danilrefi2479","false","UgzsQcT7v7Nm0lOpaCp4AaABAg","dok saya tidaknya 3 tapi alhamdulillah bisa bertahan lebih 6 tahun sampe sekarang, ga ada modal hasil utang, ortu tidak ada privilege ga kuliah","3865","false","https://www.youtube.com/watch?v=eOwtRnJemrg","6 months ago","0",,"Baru Lulus Udah Pengen Buka Bisnis?","comment","eOwtRnJemrg","2"
"@hambakasim","false","Ugx4f35xCZ8W9vHsPEV4AaABAg","""Normal gk di umur 22 belom menaklukkan constantinople?""","3865","false","https://www.youtube.com/watch?v=eOwtRnJemrg","6 months ago","0",,"Baru Lulus Udah Pengen Buka Bisnis?","comment","eOwtRnJemrg","0"
"@sobrecomendasi","false","Ugx6b_6-Kb9YZQ5Xafp4AaABAg","Pertemanan atau uang. Realistis itu penting. 😢😢😢","3865","false","https://www.youtube.com/watch?v=eOwtRnJemrg","6 months ago","0",,"Baru Lulus Udah Pengen Buka Bisnis?","comment","eOwtRnJemrg","0"
"@firmanpamungkaz","false","UgwsLLfa_6myIKToQDJ4AaABAg","The most raw and brutally honest about starting a business!! TOP 😂😭","3865","false","https://www.youtube.com/watch?v=eOwtRnJemrg","6 months ago","0",,"Baru Lulus Udah Pengen Buka Bisnis?","comment","eOwtRnJemrg","0"
"@purbafarm1080","false","UgwHA82La8KBurUvYXp4AaABAg","setuju dok","3865","false","https://www.youtube.com/watch?v=eOwtRnJemrg","6 months ago","0",,"Baru Lulus Udah Pengen Buka Bisnis?","comment","eOwtRnJemrg","0"
"@faishalalwi364","false","Ugz5FT4_WjBT-59lhGV4AaABAg","Usaha ketika gagal kamu gak bakal ada kesempatan lagi,, beda dengan mereka yg pewaris memiliki modal terus menerus.","3865","false","https://www.youtube.com/watch?v=eOwtRnJemrg","6 months ago","0",,"Baru Lulus Udah Pengen Buka Bisnis?","comment","eOwtRnJemrg","1"
"@suaibzakaria3138","false","UgwTO3eH9wLSvyrfreh4AaABAg","23:21","3865","false","https://www.youtube.com/watch?v=eOwtRnJemrg","6 months ago (edited)","0",,"Baru Lulus Udah Pengen Buka Bisnis?","comment","eOwtRnJemrg","0"
"@wforh4.0","false","UgyAkx8w5H4P0iihY5B4AaABAg","privilege nggak ada, ipk kecil/kuliah kacau karena emang kuliah keinginan orang tua, tapi punya penghasilan 11-15 juta per bulan dari youtube (diakun lain) pertanyaan saya apa keputusan saya ini bisa dibenarkan atau mungkin saya  salah ambil jalan?
saya masih bingung sampe sekarang harus gimana, mau fokus yt karena emang suka ngedit tapi ortu maksa kuliah yang udah kebaca alurnya cari gelar.","3865","false","https://www.youtube.com/watch?v=eOwtRnJemrg","6 months ago (edited)","0",,"Baru Lulus Udah Pengen Buka Bisnis?","comment","eOwtRnJemrg","1"
"@SayaAyu-ms7dz","false","Ugzf6AKVnm3JTAoUyqB4AaABAg","Beli chat gpt pro","3865","false","https://www.youtube.com/watch?v=eOwtRnJemrg","6 months ago","0",,"Baru Lulus Udah Pengen Buka Bisnis?","comment","eOwtRnJemrg","0"
"@kondangdjaya3102","false","UgygJ8Gd_EcGLC-XKpt4AaABAg","Dokter pethog😂 tapi aku seneng😂 luck luck luck dokter sehat terus yo sedang berproses dok sedang bertumbuh & sendang diusahakan❤😊","3865","false","https://www.youtube.com/watch?v=eOwtRnJemrg","6 months ago","0",,"Baru Lulus Udah Pengen Buka Bisnis?","comment","eOwtRnJemrg","0"
"@AdibMuharram","false","UgzOKPLFt7iGWUcBNGt4AaABAg","Terkait luck. Saya sampai diposisi sekarang bisa dibilang 80% karena luck. Saya pernah diskusi dengan mentor saya, persiapkan value diri kita, ketika luck muncul kita akan ready untuk memaksimalkan.","3865","false","https://www.youtube.com/watch?v=eOwtRnJemrg","6 months ago","0",,"Baru Lulus Udah Pengen Buka Bisnis?","comment","eOwtRnJemrg","0"
"@matchaa_milky","false","UgymhyddDrU8cIK0JU94AaABAg","Terimakasi.ilmunya","3865","false","https://www.youtube.com/watch?v=eOwtRnJemrg","6 months ago","0",,"Baru Lulus Udah Pengen Buka Bisnis?","comment","eOwtRnJemrg","0"
"@matchaa_milky","false","UgwM4XQa7l6to9vbj_R4AaABAg","Kanada.kuliah.geratis","3865","false","https://www.youtube.com/watch?v=eOwtRnJemrg","6 months ago","0",,"Baru Lulus Udah Pengen Buka Bisnis?","comment","eOwtRnJemrg","0"
"@matchaa_milky","false","UgwegpT5jZZbvi9Zr_B4AaABAg","Kalau.tiga²nya ga ada.gimana","3865","false","https://www.youtube.com/watch?v=eOwtRnJemrg","6 months ago","0",,"Baru Lulus Udah Pengen Buka Bisnis?","comment","eOwtRnJemrg","2"
"@ikisoposi","false","UgyILnTTD65BK05UAZh4AaABAg","Dari keluarga kaya blum tentu bikin kita sukses, tergantung mindset ttg uang dan hidup. dari keluarga sederhana pun meskipun Kerja keras sekeras apapun belum tentu sukses. Sukses itu gabungan antara previlege, Keilmuan dan pengetahuan, Skill yg diasah, mindset, tindakan, kebiasaan, Networking, Mentality, Kecerdasan otak, hubungan dengan tuhan, hubungan keluarga yg harmonis, keberuntungan dan yg paling penting Do'a Org tua. Ada yg bisa nambahin...","3865","false","https://www.youtube.com/watch?v=eOwtRnJemrg","6 months ago","0",,"Baru Lulus Udah Pengen Buka Bisnis?","comment","eOwtRnJemrg","0"
"@thelouv","false","UgwbQpMkt2DU2CfKbpJ4AaABAg","Wahh, aslina.. bagi saya pribadi mah, rasa na Lega pisan, akhir na ada narasumber yg paling berani dan jujur, masuk akal dan berdasar.. menjelaskan topik yg lagi trend di kalangan anak anak saya (gen-Z), terima kasih dokter sehat terussss, Tuhan memberkati","3865","false","https://www.youtube.com/watch?v=eOwtRnJemrg","6 months ago","0",,"Baru Lulus Udah Pengen Buka Bisnis?","comment","eOwtRnJemrg","0"
"@YudiTyo-y7e","false","Ugx3wHj-FqImDJYYkCN4AaABAg","Sukses itu subjektif susah itu subjektif👌 tidak ada yg pernah puas dengan nominal saldo.","3865","false","https://www.youtube.com/watch?v=eOwtRnJemrg","6 months ago","0",,"Baru Lulus Udah Pengen Buka Bisnis?","comment","eOwtRnJemrg","0"
"@fierdarahmawardani0898","false","Ugw7FGBiNvchbyRLRb94AaABAg","realistis","3865","false","https://www.youtube.com/watch?v=eOwtRnJemrg","6 months ago","0",,"Baru Lulus Udah Pengen Buka Bisnis?","comment","eOwtRnJemrg","0"
"@teuku.yuliansyah","false","UgwempA0OjVPJdYs90h4AaABAg","Hadeuh ,,, Keren Aah","3865","false","https://www.youtube.com/watch?v=eOwtRnJemrg","6 months ago","0",,"Baru Lulus Udah Pengen Buka Bisnis?","comment","eOwtRnJemrg","0"
"@akaruitsuki-ue4bu","false","UgxdZm4AbnxLAmR_dRl4AaABAg","DAR DER DOR TERTAMPAR WKKW","3865","false","https://www.youtube.com/watch?v=eOwtRnJemrg","6 months ago","0",,"Baru Lulus Udah Pengen Buka Bisnis?","comment","eOwtRnJemrg","0"
"@akaruitsuki-ue4bu","false","UgxpHu-02QBkyUy9HYt4AaABAg","klo di tanya knpa mau di jdi pengusaha biar punya finansial mandiri om","3865","false","https://www.youtube.com/watch?v=eOwtRnJemrg","6 months ago","0",,"Baru Lulus Udah Pengen Buka Bisnis?","comment","eOwtRnJemrg","0"
"@Daffach25","false","UgzqtUZ_-4Ozz4SWQjJ4AaABAg","Tidak, 3 juta
Privilage of Networking
Tidak kuliah
Bekerja iya","3865","false","https://www.youtube.com/watch?v=eOwtRnJemrg","6 months ago (edited)","0",,"Baru Lulus Udah Pengen Buka Bisnis?","comment","eOwtRnJemrg","0"
"@rafaelanggara4783","false","Ugz292NmWPXSwNde6id4AaABAg","bapak w gaaada cik","3865","false","https://www.youtube.com/watch?v=eOwtRnJemrg","6 months ago","0",,"Baru Lulus Udah Pengen Buka Bisnis?","comment","eOwtRnJemrg","0"
"@minah6892","false","Ugy8maU-Pj6-iPNLMkN4AaABAg","40jt bisa apa dok","3865","false","https://www.youtube.com/watch?v=eOwtRnJemrg","6 months ago","0",,"Baru Lulus Udah Pengen Buka Bisnis?","comment","eOwtRnJemrg","0"
"@andrediaz2477","false","UgzAhEkDDZ6i1BpIS-54AaABAg","Cuma Lulus sma
Nol privilage
Keuangan tragis
Doa Ibu❤
Alhamdulillah Alhamdulillah Alhamdulilla kebagian takdir yang bagus. Meski awalnya harus remuk redam.","3865","false","https://www.youtube.com/watch?v=eOwtRnJemrg","6 months ago (edited)","0",,"Baru Lulus Udah Pengen Buka Bisnis?","comment","eOwtRnJemrg","0"
"@rochiess7824","false","UgycJfAfhCGRztD7xGx4AaABAg","Aku gak kuliah nonton iki oleh ra sih..","3865","false","https://www.youtube.com/watch?v=eOwtRnJemrg","6 months ago","0",,"Baru Lulus Udah Pengen Buka Bisnis?","comment","eOwtRnJemrg","0"
"@bbmbyfauzi","false","UgzqorVgN5VXs0_EE9Z4AaABAg","saya tidak punya privilage dan tabungan stable, tapi saya memiliki IP bagus, tapi saya ada kemauan tinggi, saya bekerja diluar dari jurusan saya, disisi lain saya senang belajar hal baru dan berani mengambil resiko, dan alhamdulillah tidak luput dari doa orang tua, kemauan yang gigih dan juga terus belajar serta set goals tinggi, sekarang saya bisa dititik saat ini dengan posisi saat ini menurutku baguss dan selalu terus lapar, alhamdulillah, semangat buat temen temen tidak ada yang tidak mungkin dan terus berusaha 🙏","3865","false","https://www.youtube.com/watch?v=eOwtRnJemrg","6 months ago (edited)","0",,"Baru Lulus Udah Pengen Buka Bisnis?","comment","eOwtRnJemrg","0"
"@armanmaulana1810","false","UgwAPbCmYpb4VBFiuH54AaABAg","Masya Allah isi nya daging semua, ilmu mahal ini. Keren dokter Tirta, semoga jad pahala jariyah ketika dari yg mendengar ini banyak sukses dalam memulai dan menjalankan bisnis nya. Barakallahu fiik....","3865","false","https://www.youtube.com/watch?v=eOwtRnJemrg","6 months ago","0",,"Baru Lulus Udah Pengen Buka Bisnis?","comment","eOwtRnJemrg","0"
"@MuhammadZeanFazri","false","UgwdDHAyoh6xITxPXlV4AaABAg","saya mau jadi  pengusaha karna saya ingin memiliki banyak bidang usaha sehingga membuka banyak peluang kerja sehingga menekan angka kemiskinan dan membuat pemerataan  dan membahagiakan orang sekitar say","3865","false","https://www.youtube.com/watch?v=eOwtRnJemrg","6 months ago","0",,"Baru Lulus Udah Pengen Buka Bisnis?","comment","eOwtRnJemrg","0"
"@tutur_spd","false","UgxVzLa2PrNCtLMdOON4AaABAg","Saya sering berdiskusi dengan orang tua saya jika mau beli sesuatu. Yang memberatkan ialah antara membeli motor impian atau bangun rumah dahulu. Setelah berdiskusi, akhirnya orang tua menyarankan untuk membangun rumah dahulu. Karena bahan material masih murah dan kalau membeli motor sudah pasti makin lama harganya makin murah. Akhirnya saya putuskan untuk membangun rumah, Alhamdulillah dalam proses bangun rumah. Ada sedikit rezeki dan ada saudara mau jual tanah. Orang tua kita menyarankan pada kami (anak-anaknya) untuk patungan dan membeli tanah itu. Kita sepakat dan akhirnya tanah kita membeli bersama. Dari awal tanah kita beli dengan harga 50jt, selang 1 Tahun harganya naik jadi 100jt'an. Yang saya syukuri dalam hidup ini ialah Ajaran dari Orang Tua yang bukan sekedar Teori. Kadang banyak yang nyinyirin tapi gak tau proses dan bagaimana kebutuhan saya. Saya juga bersyukur bisa membantu orang tua untuk menyekolahkan Adek saya di Sekolah Swasta sampai lulus. Bersyukur sekali saat ini, Rumah Sudah punya, Investasi Tanah sudah ada, Tabungan ada, Hutang Tidak ada, Sudah menyekolahkan Adek saya, Pekerjaan ada. Dan selanjutnya akan join bisnis dengan Kakak saya, supaya usahanya semakin berkembang. ( Beli Second gak harus Baru, Beli Cash gak perlu Kredit ). Matur suwun Dr. Tirta, berkat sering nonton Video anda. Saya semakin sayang dengan kesehatan saya dan finansial saya sendiri 👏😊","3865","false","https://www.youtube.com/watch?v=eOwtRnJemrg","6 months ago","0",,"Baru Lulus Udah Pengen Buka Bisnis?","comment","eOwtRnJemrg","0"
"@bihulshort","false","UgxZ69iInjyYh_YUwFx4AaABAg","Saya inigin menjadi berarti untuk orang lain","3865","false","https://www.youtube.com/watch?v=eOwtRnJemrg","6 months ago","0",,"Baru Lulus Udah Pengen Buka Bisnis?","comment","eOwtRnJemrg","0"
"@wijayapasambuna640","false","Ugzs1IdTp6tjiD4xDXV4AaABAg","Related!!! 🙏","3865","false","https://www.youtube.com/watch?v=eOwtRnJemrg","6 months ago","0",,"Baru Lulus Udah Pengen Buka Bisnis?","comment","eOwtRnJemrg","0"
"@khanasmalik","false","Ugzj_lsEeBTCBe27DhN4AaABAg","Siap","3865","false","https://www.youtube.com/watch?v=eOwtRnJemrg","6 months ago","0",,"Baru Lulus Udah Pengen Buka Bisnis?","comment","eOwtRnJemrg","0"
"@lexeer16-zw8cd","false","Ugzd4guunTC2YYn33YJ4AaABAg","""arogan kalo pinter gapapa"" cam kan ituu!","3865","false","https://www.youtube.com/watch?v=eOwtRnJemrg","6 months ago","0",,"Baru Lulus Udah Pengen Buka Bisnis?","comment","eOwtRnJemrg","0"
"@hasanjazuli-vg1oz","false","UgxuttQvwyhpnru3FnV4AaABAg","Kaya subyektif dok","3865","false","https://www.youtube.com/watch?v=eOwtRnJemrg","6 months ago","0",,"Baru Lulus Udah Pengen Buka Bisnis?","comment","eOwtRnJemrg","0"
"@hasanjazuli-vg1oz","false","Ugz_Ef0KJ6tsiaI0cct4AaABAg","Pesen2 detik2 terakhir sesuai dawuh2 rosululloh","3865","false","https://www.youtube.com/watch?v=eOwtRnJemrg","6 months ago","0",,"Baru Lulus Udah Pengen Buka Bisnis?","comment","eOwtRnJemrg","1"
"@hasanjazuli-vg1oz","false","Ugwi3j-Vep5Ep-1oKt94AaABAg","400rb di dp😂😂😂😂.lucu poll smpyan sok","3865","false","https://www.youtube.com/watch?v=eOwtRnJemrg","6 months ago","0",,"Baru Lulus Udah Pengen Buka Bisnis?","comment","eOwtRnJemrg","0"
"@hasanjazuli-vg1oz","false","UgwV7aFTm323Iuyq2gl4AaABAg","Kalo membeli waktu.orang pengangguran lebih kaya dong dok.kan waktunya lebih banyak dok","3865","false","https://www.youtube.com/watch?v=eOwtRnJemrg","6 months ago","0",,"Baru Lulus Udah Pengen Buka Bisnis?","comment","eOwtRnJemrg","0"
"@hasanjazuli-vg1oz","false","Ugw7Bf_o5T4cRIZVh5N4AaABAg","Gus dur dulu jadi presiden gak punyak uang ,sampek2 mau beli bakso saja pinjem putranya.saksinya oleh temannya sendiri..karna beliau sudah selesai dengan dirinya sendiri...","3865","false","https://www.youtube.com/watch?v=eOwtRnJemrg","6 months ago","0",,"Baru Lulus Udah Pengen Buka Bisnis?","comment","eOwtRnJemrg","0"
"@apeamiru7708","false","UgxGdn6kM85HaJl02HB4AaABAg","ramah di telinga, langsung masuk ke otak","3865","false","https://www.youtube.com/watch?v=eOwtRnJemrg","6 months ago","0",,"Baru Lulus Udah Pengen Buka Bisnis?","comment","eOwtRnJemrg","0"
"@Jphanter","false","UgyfuvlhbQ0s9nfBgV14AaABAg","Kagak usah bacot lu dok karena lu punya modal dan lingkungan yang bagus untuk start dan paling penting lu beruntung pas covid nama lu naik","3865","false","https://www.youtube.com/watch?v=eOwtRnJemrg","6 months ago","0",,"Baru Lulus Udah Pengen Buka Bisnis?","comment","eOwtRnJemrg","0"
"@moizabee7981","false","Ugxg52WP9LAPzyBnjKB4AaABAg","“hidup itu soal bertahan , hidup itu bukan soal mimpi”👍👍👍👍","3865","false","https://www.youtube.com/watch?v=eOwtRnJemrg","6 months ago","0",,"Baru Lulus Udah Pengen Buka Bisnis?","comment","eOwtRnJemrg","3"
"@papamamakalian","false","UgwLQs2eZkpRiZK_3dt4AaABAg","Yg pernah melewati nya pasti mngatakan inilah intinya","3865","false","https://www.youtube.com/watch?v=eOwtRnJemrg","6 months ago","0",,"Baru Lulus Udah Pengen Buka Bisnis?","comment","eOwtRnJemrg","0"
"@okehow","false","UgwN0HuLAv5kvHjKQ994AaABAg","Kalau IPK 3.9 di kampus biasa jurusan biasa, kuliah ga sampe lulus, lagi skripsi ditinggal kerja gara2 covid. Termasuk ya atau tidak? 😅","3865","false","https://www.youtube.com/watch?v=eOwtRnJemrg","6 months ago","0",,"Baru Lulus Udah Pengen Buka Bisnis?","comment","eOwtRnJemrg","0"
"@mamangcoders","false","UgwB0n3ayjS6MW1wxy94AaABAg","Kalian tidak semua? ""Kamboja aja"" 😂","3865","false","https://www.youtube.com/watch?v=eOwtRnJemrg","6 months ago","0",,"Baru Lulus Udah Pengen Buka Bisnis?","comment","eOwtRnJemrg","0"
"@Serabut-Chanell","false","UgylrYOF-p2LLwXoAkF4AaABAg","Tidak","3865","false","https://www.youtube.com/watch?v=eOwtRnJemrg","6 months ago","0",,"Baru Lulus Udah Pengen Buka Bisnis?","comment","eOwtRnJemrg","0"
"@MenataHatiii","false","UgydsOXYdPIcJ1rJkUl4AaABAg","Nikmati saja prosesnya mau kerja maupun merintis bisnis, jatuh lalu bangun lagi adalah hal biasa yg penting ilmu bertambah dan mental jadi kuat. Menikmati hasil itu tinggal tunggu waktu jika sudah mau melalui proses jatuh dan bangun.","3865","false","https://www.youtube.com/watch?v=eOwtRnJemrg","6 months ago","0",,"Baru Lulus Udah Pengen Buka Bisnis?","comment","eOwtRnJemrg","0"
"@namzajourneycreativa","false","UgxwDiNl5Mk4PDaiY7l4AaABAg","ilmu yang bernanfaat dan anak yang sholih","3865","false","https://www.youtube.com/watch?v=eOwtRnJemrg","6 months ago","0",,"Baru Lulus Udah Pengen Buka Bisnis?","comment","eOwtRnJemrg","0"
"@mwidinaufalnabila4174","false","UgzScPctTkIHlUZ028p4AaABAg","Salfok sama kemeja dr tirta. Adakah yang tau merk nya yaa?? Baguss","3865","false","https://www.youtube.com/watch?v=eOwtRnJemrg","6 months ago","0",,"Baru Lulus Udah Pengen Buka Bisnis?","comment","eOwtRnJemrg","0"
"@ririda_0oo","false","UgwL4905lR5QKCgDZQl4AaABAg","❤","3865","false","https://www.youtube.com/watch?v=eOwtRnJemrg","6 months ago","0",,"Baru Lulus Udah Pengen Buka Bisnis?","comment","eOwtRnJemrg","0"
"@NadaafifahPAUD","false","Ugxx4DYPOu1WYrOe1394AaABAg","""Hobinya push rank"" 😭😭🙏","3865","false","https://www.youtube.com/watch?v=eOwtRnJemrg","6 months ago","0",,"Baru Lulus Udah Pengen Buka Bisnis?","comment","eOwtRnJemrg","0"
"@youyoumu","false","UgxRZWeJWI_-9yHsaGB4AaABAg","Asli ni video daging banget","3865","false","https://www.youtube.com/watch?v=eOwtRnJemrg","6 months ago","0",,"Baru Lulus Udah Pengen Buka Bisnis?","comment","eOwtRnJemrg","0"
"@wibisono175","false","Ugy7uwaZewU6q0PlD8J4AaABAg","Menikahlah dan bertanggung jawab terhadap peranmu serta bersabar maka engkau akan sukses","3865","false","https://www.youtube.com/watch?v=eOwtRnJemrg","6 months ago","0",,"Baru Lulus Udah Pengen Buka Bisnis?","comment","eOwtRnJemrg","1"
"@ArdhyWahid","false","Ugxo_5-vOuPRWAWchoR4AaABAg","kaya raya","3865","false","https://www.youtube.com/watch?v=eOwtRnJemrg","6 months ago","0",,"Baru Lulus Udah Pengen Buka Bisnis?","comment","eOwtRnJemrg","0"
"@oyycreator","false","Ugzo3LJVlJTZ0V9IP7l4AaABAg","ilmu baruu nii","3865","false","https://www.youtube.com/watch?v=eOwtRnJemrg","6 months ago","0",,"Baru Lulus Udah Pengen Buka Bisnis?","comment","eOwtRnJemrg","0"
"@oyycreator","false","Ugw-e0caj21KpGDk3yt4AaABAg","ilmu baruu nii","3865","false","https://www.youtube.com/watch?v=eOwtRnJemrg","6 months ago","0",,"Baru Lulus Udah Pengen Buka Bisnis?","comment","eOwtRnJemrg","0"
"@wanitacantik2786","false","Ugw3QoLWlofBA19iybt4AaABAg","Tidak","3865","false","https://www.youtube.com/watch?v=eOwtRnJemrg","6 months ago","0",,"Baru Lulus Udah Pengen Buka Bisnis?","comment","eOwtRnJemrg","0"
"@agungharyadi8888","false","UgzeEOIgPvGlhkCzZ7F4AaABAg","ini harusnya masuk tv nasional, biar kaum muda tdk trjebak mimpi2x medsos yg sgt menyesatkan generasi sekarang.","3865","false","https://www.youtube.com/watch?v=eOwtRnJemrg","7 months ago","0",,"Baru Lulus Udah Pengen Buka Bisnis?","comment","eOwtRnJemrg","1"
"@MuhammadAbimanyu-p8w","false","Ugws6DuQ1PeWVpzIq8t4AaABAg","saya mau jadi pengusaha mau buka lapangan kerja bagi rakyat rakyat yg membutuhkan","3865","false","https://www.youtube.com/watch?v=eOwtRnJemrg","7 months ago","0",,"Baru Lulus Udah Pengen Buka Bisnis?","comment","eOwtRnJemrg","1"
"@theoplost6665","false","UgzSqnwjajXKVZ1u8Up4AaABAg","23:50 huahaaaaa, kerenlah pak tirta 👍","3865","false","https://www.youtube.com/watch?v=eOwtRnJemrg","7 months ago","0",,"Baru Lulus Udah Pengen Buka Bisnis?","comment","eOwtRnJemrg","0"
"@IlhamJuliana-t7j9p","false","UgyLzhasfiDHoKn_TCJ4AaABAg","ipman njir","3865","false","https://www.youtube.com/watch?v=eOwtRnJemrg","7 months ago","0",,"Baru Lulus Udah Pengen Buka Bisnis?","comment","eOwtRnJemrg","0"
"@rizqimaulana-R","false","UgyHOIFXmTkKCA0I99F4AaABAg","Boleh begadang asal timnya jago 😎","3865","false","https://www.youtube.com/watch?v=eOwtRnJemrg","7 months ago","0",,"Baru Lulus Udah Pengen Buka Bisnis?","comment","eOwtRnJemrg","0"
"@AchmadseptianYusuf","false","Ugwi0m8du-3019kAvpJ4AaABAg","Hidup tiap hari ,mati itu sekali dan pasti ........","3865","false","https://www.youtube.com/watch?v=eOwtRnJemrg","7 months ago","0",,"Baru Lulus Udah Pengen Buka Bisnis?","comment","eOwtRnJemrg","0"
"@donaainioktaandika2657","false","UgwAyr0MTUFVEtoj8u54AaABAg","Mantaps banget, baru kali ini dengar Dr. Tirta","3865","false","https://www.youtube.com/watch?v=eOwtRnJemrg","7 months ago","0",,"Baru Lulus Udah Pengen Buka Bisnis?","comment","eOwtRnJemrg","0"
"@reborn2gd","false","UgwSdQmEk1GoVvfAhQt4AaABAg","Terima kasih atas ilmunya dok.","3865","false","https://www.youtube.com/watch?v=eOwtRnJemrg","7 months ago","0",,"Baru Lulus Udah Pengen Buka Bisnis?","comment","eOwtRnJemrg","0"
"@deedeeka","false","UgzM9icOA4wfmptF3sB4AaABAg","Yang baca komenku kalau punya 1 T pasti Bangun. Karna hanya mimpi 😅","3865","false","https://www.youtube.com/watch?v=eOwtRnJemrg","7 months ago","0",,"Baru Lulus Udah Pengen Buka Bisnis?","comment","eOwtRnJemrg","0"
"@pandusaputra3832","false","UgysKc0tWfGvPEQzWhl4AaABAg","ijin bertanya dok, saya memiliki ipk 3,00 dan saya berkuliah selama 6 tahun dan saya sambil berkarja dibidang saya teknik mesin. dan setelah saya lulus kuliah saya sempat bekerja tetap di perusahan selama 1 tahun, dan saya berfikir dengan keahlian saya pengelasan saya bisa membuat usaha jasa pengelasan, dan penghasilan yang saya dapat dari usaha pengelasan saat ini 2 kali lipat dari penghasilan gaji saya. ijin bertanya dok, menurut dokter apakah saya sudah bisa untuk berhenti berkerja dan fokus pada usaha saya dikarenakan sangat melelahkan bila setelah berkerja jam 4 sore dan lanjut lagi mengerjakan job dari usaha saya?. terimakasih dok","3865","false","https://www.youtube.com/watch?v=eOwtRnJemrg","7 months ago","0",,"Baru Lulus Udah Pengen Buka Bisnis?","comment","eOwtRnJemrg","0"
"@chusnaadjie4650","false","UgzF34R-h7KzZn_jCZN4AaABAg","Baru kali ini nonton podcast dr Tirta, langsung subscribe","3865","false","https://www.youtube.com/watch?v=eOwtRnJemrg","7 months ago","0",,"Baru Lulus Udah Pengen Buka Bisnis?","comment","eOwtRnJemrg","0"
"@VSTHID","false","Ugx93fMF3iYBLJlOEcF4AaABAg","gw gen z dari keluarga sederhana bapak emak gw pisah karna keadaan ekonomi dan gw mau jadi pengusaha biar kelak jadi orang kaya raya bisa bantu banyak orang dan memiliki keluarga cemara","3865","false","https://www.youtube.com/watch?v=eOwtRnJemrg","7 months ago","3",,"Baru Lulus Udah Pengen Buka Bisnis?","comment","eOwtRnJemrg","0"
"@petanimalangselatan","false","UgxX958Hpz0_iPnaiVp4AaABAg","Dokter paling soft spoken, spesial, motivator ku😀","3865","false","https://www.youtube.com/watch?v=eOwtRnJemrg","7 months ago","0",,"Baru Lulus Udah Pengen Buka Bisnis?","comment","eOwtRnJemrg","1"
"@Opopo.p","false","Ugy5T55DyzJI0lfhEzN4AaABAg","tirta wongsodimedjo❤","3865","false","https://www.youtube.com/watch?v=eOwtRnJemrg","7 months ago","0",,"Baru Lulus Udah Pengen Buka Bisnis?","comment","eOwtRnJemrg","1"
"@fydarh","false","UgzuMs4iFE9OErXnq8R4AaABAg","✔ I have no privilege at all. sedihh bgtt😢","3865","false","https://www.youtube.com/watch?v=eOwtRnJemrg","7 months ago","0",,"Baru Lulus Udah Pengen Buka Bisnis?","comment","eOwtRnJemrg","1"
"@drw6247","false","UgwUcWv4NjJnBVCQs454AaABAg","WKWK SAYA YANG DISEBUTIN TIDAK 3 3 NYA, YA STM😂 JADI MEKNIK DAPET DUIT.
TAPI DIHATI ADA KEINGINAN PENGEN KULIAH (PAKE DUIT SENDIRI)","3865","false","https://www.youtube.com/watch?v=eOwtRnJemrg","7 months ago","0",,"Baru Lulus Udah Pengen Buka Bisnis?","comment","eOwtRnJemrg","0"
"@AbcdeWid1","false","Ugx8NiebLV4WM48UfdJ4AaABAg","Kerja motivator paling enak omong doang dapat uang","3865","false","https://www.youtube.com/watch?v=eOwtRnJemrg","7 months ago","0",,"Baru Lulus Udah Pengen Buka Bisnis?","comment","eOwtRnJemrg","1"
"@duvlesaimarchannel","false","Ugy9Kfo2Bpc5PDSubz54AaABAg","Saya belum punya IPK, kuliah saya di persulit, tapi usaha uda punya 2, gw bener” mulai dari 0 tanpa suport ortu co, dari modal 30rb modal nekad jadi 30jt dalam kurun kurang dari 2 tahun, umur saya skrg 23 tahun,semua balik lagi ke cara petualangan hidup lo pada seperti apa, gw baru mulai kerja sama org umur 23 tahun itupun karena kedisiplinan gw dari magang.","3865","false","https://www.youtube.com/watch?v=eOwtRnJemrg","7 months ago (edited)","0",,"Baru Lulus Udah Pengen Buka Bisnis?","comment","eOwtRnJemrg","0"
"@Silvia-lg7lu","false","UgzY8DTy_Uv0Jx6_yPd4AaABAg","400 rb di itb kwkw","3865","false","https://www.youtube.com/watch?v=eOwtRnJemrg","7 months ago","0",,"Baru Lulus Udah Pengen Buka Bisnis?","comment","eOwtRnJemrg","0"
"@Silvia-lg7lu","false","UgwMiqDejJDbBoSZc4N4AaABAg","Gw demen beginii","3865","false","https://www.youtube.com/watch?v=eOwtRnJemrg","7 months ago","0",,"Baru Lulus Udah Pengen Buka Bisnis?","comment","eOwtRnJemrg","0"
"@AnandaPangestu-ve7hj","false","Ugxd-XQrvZXxsxcxYAR4AaABAg","Gw setuju ama dr. Tirta, Luck itu dateng ke semua orang, tapi hanya orang yang SIAP yang bisa convert luck jadi sukses, ibarat lu jadi sales tiba"" dateng konsumen yang confirm mau beli, eh taunya nggk jadi beli karena penjelasanlu tentang produk nggk meyakinkan, di lain sisi dia bisa aja deal dengan sales yang lebih SIAP dari segi penjelasan dan lain-lain, IMO ya no Hate 😅","3865","false","https://www.youtube.com/watch?v=eOwtRnJemrg","7 months ago (edited)","0",,"Baru Lulus Udah Pengen Buka Bisnis?","comment","eOwtRnJemrg","0"
"@click.kzr125","false","UgzvYxuZyIBwhJZWXqt4AaABAg","temen2 mahasiswa, kalo kelas kuliah kosong, isilah kuliah online ini   ya","3865","false","https://www.youtube.com/watch?v=eOwtRnJemrg","7 months ago","0",,"Baru Lulus Udah Pengen Buka Bisnis?","comment","eOwtRnJemrg","0"
"@jayzitis9953","false","Ugz1JYD4cbnyH6wQSNF4AaABAg","Saya tidak punya modal.
Saya bukan keturunan orang kaya.
Saya juga ga pinten. Bahkan sy gagal SMK.

Di usia 36 anak sy 4. Sy cuma bekerja harian seadanya. Saat itu saya memutuskan usaha kecil2an tanpa modal sedikitpun ini kenyataan. Berproses selama 2 tahun. Sempat ga kebeli susu anak.
Sy tidak menyerah. Berdoa dengan tulus. Niat untuk menghidupkan keluarga.
Alhamdulillah ada orang yg menawarkan tempat usaha berikut beberapa perlengkapannya dengan setoran 2juta. Sy setujui karna sy sudah ada beberapa pelanggan setia. 1 THN masih pas2an. 2 tahun baju ada perubahan. Alhamdulillah sekarang sudah ada 6 karyawan. Semangat kawan. Kunci usaha adalah berdoa dan tekun berusaha. Insya Allah kita bisa lalui masa2 sulit","3865","false","https://www.youtube.com/watch?v=eOwtRnJemrg","7 months ago","0",,"Baru Lulus Udah Pengen Buka Bisnis?","comment","eOwtRnJemrg","7"
"@beritaviral-m2j","false","UgwlNSrP5t0J3o21hG94AaABAg","Ini hanya teori saja 😂","3865","false","https://www.youtube.com/watch?v=eOwtRnJemrg","7 months ago","0",,"Baru Lulus Udah Pengen Buka Bisnis?","comment","eOwtRnJemrg","1"
"@MichaelSibarani-z1o","false","UgxbkSiJTF0ZbH5ZKrN4AaABAg","Saya sambil kuliah sudah berbisnis, saya tekuni dari semester 5 sampai semester 9 (wisuda). Saya membuka angkringan di trotoar dengan motor, dan itu sangat membantu keseharian saya, namun juga mengajari saya banyak hal. Jatuh bangun saya rasakan, dan itu banyak mengajarkan saya makna uang. Masuk semester 8 angkringan saya lumayan berkembang dan saya menyewa sebuah ruko, dan itu resiko besar yang saya ambil dan kesalahan yang membuat saya belajar dan mengajari saya kerasnya dunia bisnis. Dan sekarang saya bekerja di sebuah perusahaan korporat dan saya belajar bagaimana management dari sebuah perusahaan agar bisa angle, dan semoga nanti bisnis yang saya cita citakan bisa terwujud ketika saya sudah siap.","3865","false","https://www.youtube.com/watch?v=eOwtRnJemrg","7 months ago","0",,"Baru Lulus Udah Pengen Buka Bisnis?","comment","eOwtRnJemrg","4"
"@RogesTebuRMX","false","UgwiKiU3xLav2bLhj6l4AaABAg","Aku terpaksa Jadi Pengusaha Kerna Gak ada lapangan kerja 😢😢","3865","false","https://www.youtube.com/watch?v=eOwtRnJemrg","7 months ago","0",,"Baru Lulus Udah Pengen Buka Bisnis?","comment","eOwtRnJemrg","1"
"@rahmantv4139","false","UgyxGBCzeD7HkmqTs9J4AaABAg","buat sesederhana dan sehemat mungkin modalmu jika kamu ingin usahamu berkembang","3865","false","https://www.youtube.com/watch?v=eOwtRnJemrg","7 months ago","0",,"Baru Lulus Udah Pengen Buka Bisnis?","comment","eOwtRnJemrg","0"
"@randasofyanbukeranda3194","false","UgymPRukAYc6XMMgCzh4AaABAg","Bangun pagi itu tidak wajib,,tp sangat penting bagi mereka yang punya usaha dagang,,sales,,,,,karena jualan dari pagi sampai sore itu memungkinkan untuk mendapat omset yg lebih besar dari pada bangun siang lalu jualan dari siang sampai sore...begitulah kira2...","3865","false","https://www.youtube.com/watch?v=eOwtRnJemrg","7 months ago","0",,"Baru Lulus Udah Pengen Buka Bisnis?","comment","eOwtRnJemrg","0"
"@supatmo1329","false","UgxDZmfDKuwGeFWECDJ4AaABAg","Salam shubuh.","3865","false","https://www.youtube.com/watch?v=eOwtRnJemrg","7 months ago","0",,"Baru Lulus Udah Pengen Buka Bisnis?","comment","eOwtRnJemrg","0"
"@adityprdna","false","UgyW7jmwbhnkPHx3t8d4AaABAg","Yes sir thank u 🫡","3865","false","https://www.youtube.com/watch?v=eOwtRnJemrg","7 months ago","0",,"Baru Lulus Udah Pengen Buka Bisnis?","comment","eOwtRnJemrg","0"
"@RealSteveMoses","false","Ugx93fMF3iYBLJlOEcF4AaABAg.AQVOerhqt1UAQeatmMiQ9R","@VSTHID percaya kata gw bro, smua orang di kelas menengah kebawah punya cita2 kononnya mau kaya terus membantu orang lain. Tapilu lupa, tanggungjawab lu apabila udah megang uang gede bakalan semakin besar juga. Bayar gaji karyawan setahun termasuk pajakan dan lain2, tolak itu ini. Lu mau bantu orang? Lah bisnes setahun aja terus tutup. Itu sebab kenapa TIDAK semua orang kaya akan “membantu” seenaknya orang lain, bahkan saudara sendiri juga.","3865","false","https://www.youtube.com/watch?v=eOwtRnJemrg","6 months ago","0","Ugx93fMF3iYBLJlOEcF4AaABAg","Baru Lulus Udah Pengen Buka Bisnis?","reply","eOwtRnJemrg","0"
"@andigamingchannel-j2l","false","Ugx93fMF3iYBLJlOEcF4AaABAg.AQVOerhqt1UARYn0ng4id7"," @RealSteveMoses  menyisihkan sedikit uang kita untuk yg lebih membutuhkan apa salahnya ? bersedekah ,bentuk rasa syukur kita juga . sempit bgt pemikiran sma hatinya","3865","false","https://www.youtube.com/watch?v=eOwtRnJemrg","6 months ago","0","Ugx93fMF3iYBLJlOEcF4AaABAg","Baru Lulus Udah Pengen Buka Bisnis?","reply","eOwtRnJemrg","0"
"@andikcahayani2352","false","UgxpteDIfyPaYj997o94AaABAg","Seneng sama dokter tirta ini.","3865","false","https://www.youtube.com/watch?v=eOwtRnJemrg","7 months ago","0",,"Baru Lulus Udah Pengen Buka Bisnis?","comment","eOwtRnJemrg","0"
"@febriantorofiin5809","false","Ugz7CPK9d8o_LxieVMp4AaABAg","A gak punya tabungan
B orang tua miskin
C gk kuliah
D anak pertama dengan 5 orang adik
( Generasi sandwich) Kerja gaji kecil buat mbantu ekonomi keluarga
Kurang apes apa saya jadi orang yg ingin jadi pebisnis?😂😂😂😂","3865","false","https://www.youtube.com/watch?v=eOwtRnJemrg","7 months ago","0",,"Baru Lulus Udah Pengen Buka Bisnis?","comment","eOwtRnJemrg","1"
"@ardiykuntenk583","false","UgxUV22ivvoPN5R7VVJ4AaABAg","Dunia bisnis adalah tempatnya para petarung bro..siapin mental dulu kalo mau berbisnis 😊","3865","false","https://www.youtube.com/watch?v=eOwtRnJemrg","7 months ago","0",,"Baru Lulus Udah Pengen Buka Bisnis?","comment","eOwtRnJemrg","0"
"@Julhand","false","Ugxuiexp0yUTtx_a6IV4AaABAg","30 tahun lagi ""Dokter Tirta"" pasti akan menyesal mengatakan karena ""faktor Lucky"".","3865","false","https://www.youtube.com/watch?v=eOwtRnJemrg","7 months ago","0",,"Baru Lulus Udah Pengen Buka Bisnis?","comment","eOwtRnJemrg","0"
"@DikaAndika29-jf5bm","false","Ugwh5SYr1nmdPw9idNp4AaABAg","Nyelamatin diri sendiri aja belum bisa mau nyelamatin orang lain deymmm","3865","false","https://www.youtube.com/watch?v=eOwtRnJemrg","7 months ago","0",,"Baru Lulus Udah Pengen Buka Bisnis?","comment","eOwtRnJemrg","0"
"@caniaazzahra7065","false","UgxsQlAqiXP6vTPrN5p4AaABAg","Kenapa harus bisnis jadi youtober ajah murah ,asal punya ide bagus dan kebranian!!! youtober juga pengusaha jika sudah sukses","3865","false","https://www.youtube.com/watch?v=eOwtRnJemrg","7 months ago","0",,"Baru Lulus Udah Pengen Buka Bisnis?","comment","eOwtRnJemrg","0"
"@caniaazzahra7065","false","UgxySZ67KS2WLvC1Fpl4AaABAg","Apakah luck seseorang bisa diperhitungkan dengan akal manusia???","3865","false","https://www.youtube.com/watch?v=eOwtRnJemrg","7 months ago","0",,"Baru Lulus Udah Pengen Buka Bisnis?","comment","eOwtRnJemrg","0"
"@Reynaa01","false","UgzlxwNd4vWHftDUsVV4AaABAg","dr Tirta katanya benci motivator tapi anda sadar tidak? omongan anda sepenuhnya mengandung motivasi juga.

dan maaf seperti kebanyakan motivator lainnya disini masih ada bias otak.
yang menurut saya berbahaya dan tidak bisa diterima

Tapi masih worth it untuk ditonton karena ada daging yang dibahas cuma saya sarankan jangan 100% terima mentah-mentah tanpa berpikir kritis.
so, keputusan ada ditangan kalian yang baru mau nonton silahkan.

Saya hanya menyampaikan pendapat.","3865","false","https://www.youtube.com/watch?v=eOwtRnJemrg","7 months ago","0",,"Baru Lulus Udah Pengen Buka Bisnis?","comment","eOwtRnJemrg","3"
"@shevia7","false","Ugzdx4Qab5KY6AKASpR4AaABAg","""jangan di bodohi society""","3865","false","https://www.youtube.com/watch?v=eOwtRnJemrg","7 months ago","0",,"Baru Lulus Udah Pengen Buka Bisnis?","comment","eOwtRnJemrg","0"
"@rahmadramadhannst1887","false","UgwYt_oV4llnU05s1e54AaABAg","Thanks Dr Tirta dan Malaka Project, sangat tertampar, tentu saya merenung dan Lumayan Ilmu gratisnya 😂","3865","false","https://www.youtube.com/watch?v=eOwtRnJemrg","7 months ago","0",,"Baru Lulus Udah Pengen Buka Bisnis?","comment","eOwtRnJemrg","0"
"@bimahendrawan2623","false","UgxZGE6yWWIv7lD8C3p4AaABAg","IPK tidak ada karena SMA.
Generasi sandwich.
Tabungan 0
Semua itu terjadi pada 2016, baru lulus SMA.

Akhirnya bekerja di Warteg -> Ritel -> Staff -> Leader
Tabungan ada 2 digit lah
Kendaran ada
Rumah yang belum ada
Plan kuliah ada, karena infonya akan dipindah/promote.","3865","false","https://www.youtube.com/watch?v=eOwtRnJemrg","7 months ago (edited)","0",,"Baru Lulus Udah Pengen Buka Bisnis?","comment","eOwtRnJemrg","0"
"@civic-mo4n4","false","UgzIGK_QDPTcRIEwANF4AaABAg","""Bro 3,9 dulu IPK baru BACOT "" 🤌","3865","false","https://www.youtube.com/watch?v=eOwtRnJemrg","7 months ago","0",,"Baru Lulus Udah Pengen Buka Bisnis?","comment","eOwtRnJemrg","1"
"@Raflinofriansyah","false","Ugz21Neawku0Jtf8RcV4AaABAg","KEREN BANG","3865","false","https://www.youtube.com/watch?v=eOwtRnJemrg","7 months ago","0",,"Baru Lulus Udah Pengen Buka Bisnis?","comment","eOwtRnJemrg","0"
"@RizaGunturPrakoso","false","Ugx4I_fZziYCSb8qfeV4AaABAg","Bukalah bisnis yang kamu tahu seluk beluknya.","3865","false","https://www.youtube.com/watch?v=eOwtRnJemrg","7 months ago","0",,"Baru Lulus Udah Pengen Buka Bisnis?","comment","eOwtRnJemrg","1"
"@gzgamxng","false","UgyN1XDW5tcfHnZrJWB4AaABAg","15:40 😂","3865","false","https://www.youtube.com/watch?v=eOwtRnJemrg","7 months ago","0",,"Baru Lulus Udah Pengen Buka Bisnis?","comment","eOwtRnJemrg","0"
"@ferryagung3214","false","UgyoJS44Yi0MmzNV-b94AaABAg","keren.. very good dok.. thanks","3865","false","https://www.youtube.com/watch?v=eOwtRnJemrg","7 months ago","0",,"Baru Lulus Udah Pengen Buka Bisnis?","comment","eOwtRnJemrg","0"
"@zerosix7074","false","UgzsYLRxzesXLcxFyWV4AaABAg","20:51 🙏😭 Kapal USS Zumwalt pake tenaga listrik, Pak.","3865","false","https://www.youtube.com/watch?v=eOwtRnJemrg","7 months ago","0",,"Baru Lulus Udah Pengen Buka Bisnis?","comment","eOwtRnJemrg","0"
"@OZmotivasi","false","UgwUWL70kWu6DBeM7Zp4AaABAg","Betul banget, saya tabungan gak ada + privillege sebatas seperti ketua RW, tapi ipk masih oke. Dan yaaahh,saya lulus kuliah langsung bisnis. Dari 2020 - 2025, but yaa setiap taun ada aja hal yang bikin bangkrut. Sekarang saldo di rekening 207ribu di tanggal 1 desember 2025. Setelah dipikir pikir saya belum kebentuk mental pengusaha + kurang privillege.","3865","false","https://www.youtube.com/watch?v=eOwtRnJemrg","7 months ago","0",,"Baru Lulus Udah Pengen Buka Bisnis?","comment","eOwtRnJemrg","1"
"@sudut-d6g","false","UgwQLU-gDdSACNdUPnJ4AaABAg","Teman gua ,belum lulus udah buka","3865","false","https://www.youtube.com/watch?v=eOwtRnJemrg","7 months ago","0",,"Baru Lulus Udah Pengen Buka Bisnis?","comment","eOwtRnJemrg","0"
"@AHP29","false","Ugyx89jQyvx-RJFfaE54AaABAg","Kapal uap  gak tuh..","3865","false","https://www.youtube.com/watch?v=eOwtRnJemrg","7 months ago","0",,"Baru Lulus Udah Pengen Buka Bisnis?","comment","eOwtRnJemrg","0"
"@muhamadrosyid9878","false","UgxjB3O-TTxYVlKL8ZR4AaABAg","Sumpah bang dari semua tontonan saya di YouTube,tontonan kaya gini yang saya cari,❤❤❤","3865","false","https://www.youtube.com/watch?v=eOwtRnJemrg","7 months ago","0",,"Baru Lulus Udah Pengen Buka Bisnis?","comment","eOwtRnJemrg","0"
"@faispurba9083","false","UgwF_ggBogmidkHetpx4AaABAg","Ya karena uang, saya gak mau jadi miskin pak, apapun yg terjadi ya harus kuat pak.","3865","false","https://www.youtube.com/watch?v=eOwtRnJemrg","7 months ago","0",,"Baru Lulus Udah Pengen Buka Bisnis?","comment","eOwtRnJemrg","0"
"@GojouSatoruuu-fo4yx","false","UgzbmtCERZ7TlsJWVlt4AaABAg","Dobble profesi is the best, orang kaya, kalau sdh kaya beli waktu, waktunya diluangkan untuk keluarganya","3865","false","https://www.youtube.com/watch?v=eOwtRnJemrg","7 months ago (edited)","0",,"Baru Lulus Udah Pengen Buka Bisnis?","comment","eOwtRnJemrg","0"
"@amrizalofficial4777","false","Ugy1X6CKytsoUG6rCs14AaABAg","Tour guide 😂😂😂","3865","false","https://www.youtube.com/watch?v=eOwtRnJemrg","7 months ago","0",,"Baru Lulus Udah Pengen Buka Bisnis?","comment","eOwtRnJemrg","0"
"@Lucuan-p7e","false","UgyBNQ3rEd-RIX6EHjN4AaABAg","Gw pilih jadi pengusaha karna gw pemalas, tidak disiplin, dan tidak mau di atur org","3865","false","https://www.youtube.com/watch?v=eOwtRnJemrg","7 months ago","0",,"Baru Lulus Udah Pengen Buka Bisnis?","comment","eOwtRnJemrg","0"
"@asrimugilestari9207","false","UgzZ8-sNRWK6CsyX-CN4AaABAg","Dr .Tirta. .lebih realistis ....
Umur 25 saya belum.punya apa 2 lulus kuliah kerja ..mbatu orang tua.......
Jln keluar yg saya ambil nikah dengan org mapan..
Alhamdulillah ..sekarang tidak.kaya saya merasa lebih dari cukup.
Anak.2 bisa sekolah.di TMP
Yg baik......","3865","false","https://www.youtube.com/watch?v=eOwtRnJemrg","7 months ago","0",,"Baru Lulus Udah Pengen Buka Bisnis?","comment","eOwtRnJemrg","0"
"@kalv3r150","false","Ugz6e3vMDaqEuenEKTJ4AaABAg","Terima kasih untuk materi berisi secara gratis ini Dr. Tirta dan teman-teman Malaka Project
Saya sebagai seorang yang awam dan dari latar belakang keilmuan saintek sangat tidak familiar dengan bagaimana dan apa itu bisnis, saya juga sudah beberapa kali diskusi dengan beberapa teman yg pernah berusaha dan berbisnis dan lumayan mendapatkan banyak ilmu 
Sebagai seorang dari latar belakang saintek saya dan dari keluarga menegah ke bawah saya sangat sulit dalam mendapatkan jaringan maupun pengetahuan berbisnis secara mendalam 
Saya banyak terlibat dalam kajian isu lingkungan baik project maupun kajian serta saat ini Indonesia yg lumayan mendorong umkm dan bisnis yang memiliki fokus Zero waste, akan tetapi pada realitanya tertampar di lapangan.","3865","false","https://www.youtube.com/watch?v=eOwtRnJemrg","7 months ago","0",,"Baru Lulus Udah Pengen Buka Bisnis?","comment","eOwtRnJemrg","0"
"@netpropertidotcom","false","Ugx0L357izAk1BvDnWB4AaABAg","dokter paling Kocakk iki😅😅 super pinter tenanan.. mana wajahnya mirip aktor kungfu Donnie Yen,, hahahah","3865","false","https://www.youtube.com/watch?v=eOwtRnJemrg","7 months ago (edited)","0",,"Baru Lulus Udah Pengen Buka Bisnis?","comment","eOwtRnJemrg","0"
"@mhasyim13","false","UgxmhY2YKTKaTGnLjix4AaABAg","Kuliah 4 tahun adalah Pengangguran yang bergaya😂","3865","false","https://www.youtube.com/watch?v=eOwtRnJemrg","7 months ago","0",,"Baru Lulus Udah Pengen Buka Bisnis?","comment","eOwtRnJemrg","0"
"@UbaiBaiquni","false","UgyAQd4MhuhShBTkmI54AaABAg","Dari sy singkat saja, kasian bgt liverpool.","3865","false","https://www.youtube.com/watch?v=eOwtRnJemrg","7 months ago","0",,"Baru Lulus Udah Pengen Buka Bisnis?","comment","eOwtRnJemrg","0"
"@Aidilaja0909","false","UgzEd5h6ci43Bkt3Wkd4AaABAg","PASTI BANYAK YANG TERTAMPAR 😂😂","3865","false","https://www.youtube.com/watch?v=eOwtRnJemrg","7 months ago","0",,"Baru Lulus Udah Pengen Buka Bisnis?","comment","eOwtRnJemrg","0"
"@yowaimo9300","false","Ugxo-mJ7Ragl1mECIZ94AaABAg","Makasih dok sudah membuka pikiran anak yg nyentuh kepala 2 in dok❤🔥","3865","false","https://www.youtube.com/watch?v=eOwtRnJemrg","7 months ago","0",,"Baru Lulus Udah Pengen Buka Bisnis?","comment","eOwtRnJemrg","0"
"@clipbyzaa","false","UgwMC-9obNm3W7k0ElR4AaABAg","bisa cocok gitu ya gua ipk bagus, pengalaman kerja ada, tp gada privilege sama finansial","3865","false","https://www.youtube.com/watch?v=eOwtRnJemrg","7 months ago","0",,"Baru Lulus Udah Pengen Buka Bisnis?","comment","eOwtRnJemrg","0"
"@halamancuan","false","UgxvK6492BpJGdM458J4AaABAg","saya ingin jadi pengusaha dan bisa menghasilkan banyak uang senantiasa bersedekah lalau mati dengan keadaan khusnul khotimah","3865","false","https://www.youtube.com/watch?v=eOwtRnJemrg","7 months ago","0",,"Baru Lulus Udah Pengen Buka Bisnis?","comment","eOwtRnJemrg","0"
"@JERESSTUDIO","false","UgyGjCVLQa-9xW-iGXZ4AaABAg","Solusinya, bergeraklah","3865","false","https://www.youtube.com/watch?v=eOwtRnJemrg","7 months ago","0",,"Baru Lulus Udah Pengen Buka Bisnis?","comment","eOwtRnJemrg","0"
"@yosepmukti1","false","UgxXQkU6YUpR72pXU1d4AaABAg","Yugi vs raphael, kartu raphael sangat bagus tetap yugi menang karena kartu yugi tidak dikocok #trivia","3865","false","https://www.youtube.com/watch?v=eOwtRnJemrg","7 months ago","0",,"Baru Lulus Udah Pengen Buka Bisnis?","comment","eOwtRnJemrg","1"
"@yosepmukti1","false","UgyGwiV8aI0GXR4Js154AaABAg","#trivia yuki judai bertemu nyawa yami yugi dan diberi winged kuriboh
Yuki judai dibawa yami yugi ke masa lalu untuk duel #trivia
Yugi vs raphael, kartu raphael sangat bagus tetap yugi menang karena kartu yugi tidak dikocok #trivia 

#trivia apa yang terjadi kalau marik tidak menyerah dan I end my turn? Semua kartu di tangan sudah habis, semua kartu di arena habis. Kemudian yugi draw dan menyerang marik secara langsung. 

Yuki judai vs yubel yuki judai fusion dengan yubel padahal dilarang dalam game #trivia
Fungai magical hat di anime beda dengan yang di permainan asli","3865","false","https://www.youtube.com/watch?v=eOwtRnJemrg","7 months ago","0",,"Baru Lulus Udah Pengen Buka Bisnis?","comment","eOwtRnJemrg","1"
"@Cocobobo506","false","UgyoxhzlWNKwQdqZchl4AaABAg","18:36 Lucu","3865","false","https://www.youtube.com/watch?v=eOwtRnJemrg","7 months ago","0",,"Baru Lulus Udah Pengen Buka Bisnis?","comment","eOwtRnJemrg","0"
"@marikunsszzz","false","UgznOw6dwHb9oJaD-th4AaABAg","mvp di dunia nyata untuk ryan, respect, kebaikan dan cinta selalu ada di hati, tapi pikiranlah yg membuat menjadi jahat","3865","false","https://www.youtube.com/watch?v=eOwtRnJemrg","7 months ago","0",,"Baru Lulus Udah Pengen Buka Bisnis?","comment","eOwtRnJemrg","0"
"@thisisit5719","false","UgxBdh_e7okLltAEtnl4AaABAg","Semenjak dengerin dokdes skrg berpikir lebih realistis,, ngeliat judul ini emang betul,, dlu sering keracunan kata2 motivator,, skrg latihan otak rasional gk sering2 dibajak otak emosional.. spy bs berpikir jangka panjang dr setiap perkataan & tindakan","3865","false","https://www.youtube.com/watch?v=eOwtRnJemrg","7 months ago","0",,"Baru Lulus Udah Pengen Buka Bisnis?","comment","eOwtRnJemrg","0"
"@davidklementius9739","false","UgzBO-lWMzn39rR0viN4AaABAg","Dulu mau buka usaha biar bisa atur waktu sendiri, plus buka lapangan kerja buat orang. Tapi nyatanya pas coba running kedai 6bulan +3bulan RND ternyata ya 24/7 setiap hari harus stby. Selain itu kita belom bisa buka lapagan kerja buat orang karna budget yang kita itung di awal ga inc gaji, beruntungnya kita di bulan ke 2 kita tinggal muterin aja duit dari hasiil jualan ga perlu tambah modal lagi... 

modal yang kita keluarin ga besar karna baru bener bener lulus kuliah saat itu","3865","false","https://www.youtube.com/watch?v=eOwtRnJemrg","7 months ago","0",,"Baru Lulus Udah Pengen Buka Bisnis?","comment","eOwtRnJemrg","1"
"@miaww5291","false","UgxeSgZLOHEugeL6CYZ4AaABAg","Jadilah apa adanya dan realistis adalah hal yang sekarang lagi aku hadapi. Banyak kenyataan pahit liat temen punya banyak privilege, selama aku ga punya apa-apa. Ditambah aku merasa hidupku terlalu suci karena banyak menolak hal-hal yang ga sesuai sama idealisme ku seperti masuk kerja lewat orang dalam. 

Semasa kuliah, mungkin ini jahat tapi bener yang dikatakan diakhir tadi karena jujur bersyukur ada covid jadi bisa ambil part time dengan lebih tenang. Punya pengalaman kerja, meskipun sampe sekarang masih belum ke pake karena akhirnya freelance dibidang yang jauh berbeda dari jurusan. Tapi setidaknya aku jadi tau aku ga mulai dari nol dan aku masih ada nilainya meskipun cuma 1 kalo dibandingin sama temen-temen yang lain. 

Realita itu pahit rasanya, bertahan itu sulit apalagi dikondisi yang seperti ini. Berharap ada orang lain yang nolong pun ga mungkin, karena kita cuma sendiri cuma punya nilai yang 1 itu dan harus bertahan supaya bisa dapet poin 3 😭","3865","false","https://www.youtube.com/watch?v=eOwtRnJemrg","7 months ago","0",,"Baru Lulus Udah Pengen Buka Bisnis?","comment","eOwtRnJemrg","0"
"@IzzulMuskaMuhammad","false","Ugxd1p3W1zzVJewtqpp4AaABAg","13:32 ""Takdir boss""","3865","false","https://www.youtube.com/watch?v=eOwtRnJemrg","7 months ago (edited)","0",,"Baru Lulus Udah Pengen Buka Bisnis?","comment","eOwtRnJemrg","0"
"@hendri-t4l","false","UgyY9uFnVyg-rE4lp554AaABAg","dulu sy bekerja selama 15th, kenapa bisa lama bekerja ditempat yg sama? karena masuk dalam zona nyaman, singkat cerita sy mendengar movifasi yg mengatakan "" kamu tidak akan berkembang kalau kamu terus2san di zona nyaman,,,,' pada akhirnya sy berhenti bekerja & mencoba usaha karena sering mendengar motivasi tentang pengusaha sukses, setelah sy menjalaninya ternyata tidak semudah apa yg disampaikan oleh motivator, sy hanya bertahan di usaha yg saya jalani 5bln, dari semua yg sudah sy jalani saya mendapatkan pelajaran yg penting, "" kegagalan bukan akhir tetapi awal kita naik level"" sekarang sy mulai bekerja sambil buka usaha yg modal kecil dan minim resiko.","3865","false","https://www.youtube.com/watch?v=eOwtRnJemrg","7 months ago","1",,"Baru Lulus Udah Pengen Buka Bisnis?","comment","eOwtRnJemrg","2"
"@slurpygaming.5677","false","UgzXIHZ-o97H_DRja6V4AaABAg","GOKS.. DOK.... :elbowcough:","3865","false","https://www.youtube.com/watch?v=eOwtRnJemrg","7 months ago","0",,"Baru Lulus Udah Pengen Buka Bisnis?","comment","eOwtRnJemrg","0"
"@matahatimalaikatasgruuwsen","false","UgxImYX1UxyA2YF7ZYh4AaABAg","Makasih ilmu nya dok ,saya sedikit dapat pecerahan.
Saya termasuk orang yang yang tidak punya 3 hal yang dokter bilang ,boro-boro kuliah, smp aja kejar paket nembak, emang gokil ni hidup😂😂😂
Dan rasa nya memang gilaaa hampir mau mati ni otak rasanya. Tapi berjalan nya waktu dengan sekiyan banyak pederitaan ahirnya saya agak mending 😂😂
Saya sudah nikah dan punya 2 anak , saya nikah di umur 23thn.
Dan sekarang saya sudah 30thn.
Tapi saya punya keyakinan sebentar lagi sedikit lagi semua masalah saya slama ini akan lepas.
Berjalannya waktu Sekarang saya sudah buka warung dan berjalan 5thn alhamdulilah mulai tertata ni hidup.
Dan sedikit cerita saya bukan warung dulu bukan modal dari 0. tapi minusss (-) 😂😂😂 karna utang bang, dan jaminan sertifikat orang tuwa  rasanya mau mati dulu pas mau angsuran karna saya buka warung pas korono emang gilaa 😂😂😂 punya 2 anak istri usaha merintis,utang , pluss corona apa gak lengkap itu penderitaan. Ijazah gak punya. Tapi saya punya satu dok, mental yang agak gila 😂😂😂 kelak 5thn lagi jikala tuhan menghendaki dan tujuan ahir saya tercapi mohon di undang di potkes ini ya dok biar saya berbagi cerita . Semoga saja 5-6thn lagi saya jadi orang yang berguna dan sukses dok , kaya dokter. Trimakasih 😊","3865","false","https://www.youtube.com/watch?v=eOwtRnJemrg","7 months ago","0",,"Baru Lulus Udah Pengen Buka Bisnis?","comment","eOwtRnJemrg","0"
"@petrusbayu1896","false","UgxJS08fZn1GJgeG_2V4AaABAg","gateli, bener kabeh omongan e 😂😅","3865","false","https://www.youtube.com/watch?v=eOwtRnJemrg","7 months ago","0",,"Baru Lulus Udah Pengen Buka Bisnis?","comment","eOwtRnJemrg","1"
"@yuheng5184","false","UgyJaxW0G2DdBFf5XGp4AaABAg","23:48 gw nonton jam 12 malam, lucu lagi wkwkwk","3865","false","https://www.youtube.com/watch?v=eOwtRnJemrg","7 months ago","0",,"Baru Lulus Udah Pengen Buka Bisnis?","comment","eOwtRnJemrg","2"
"@seanwars1884","false","UgybEoOmZ7cy4ykkXQJ4AaABAg","Dok saya duda di tingal selingkuh ma istri saya, saya kerja jualan kecil""an punya tabungan 30jt,bingung mau ngembangin bisnis jujur saja aku dendam karena aku di tinggalkn PD waktu terpuruk""nya KRNA dulu aku terlalu percaya mempercayakan uang ku ke dia, dia boros prwatan Mulu macam LC, baju yg value nya GK ada setelah duda aku punya tabungan 30jt, dan motor buat operasional kerja sementara dia balikan ma mantan nya,  bpknya anaknya aku dulu terkena depresi curhat ke dokter Tirta juga di cnel Cipeng / apa gitu klo gk slah ttng mental health Alhamdulillah puli sekrng aku ingin memperbaiki ekonomi, fisik, dan spritual ku dok 🙏","3865","false","https://www.youtube.com/watch?v=eOwtRnJemrg","7 months ago","0",,"Baru Lulus Udah Pengen Buka Bisnis?","comment","eOwtRnJemrg","0"
"@muhammadrahul8767","false","UgyNEDiCaMR_rZsEEud4AaABAg","👍","3865","false","https://www.youtube.com/watch?v=eOwtRnJemrg","7 months ago","0",,"Baru Lulus Udah Pengen Buka Bisnis?","comment","eOwtRnJemrg","0"
"@severus-samma","false","UgypikRKPzrEae3hWgt4AaABAg","18:09 Cok dok dok! 😂","3865","false","https://www.youtube.com/watch?v=eOwtRnJemrg","7 months ago","0",,"Baru Lulus Udah Pengen Buka Bisnis?","comment","eOwtRnJemrg","0"
"@rifqiaf3299","false","UgxSPd9SMmFRXfkFYel4AaABAg","Endingnya untungnya gw fans city 😂 makasih dok ilmunya","3865","false","https://www.youtube.com/watch?v=eOwtRnJemrg","7 months ago","0",,"Baru Lulus Udah Pengen Buka Bisnis?","comment","eOwtRnJemrg","0"
"@achmadramdhan3629","false","UgwB64g6v9bbkyiATat4AaABAg","Pas buka kacamata mirip IpMan ya","3865","false","https://www.youtube.com/watch?v=eOwtRnJemrg","7 months ago","0",,"Baru Lulus Udah Pengen Buka Bisnis?","comment","eOwtRnJemrg","0"
"@jiffypangestu1688","false","UgzQNISmB3Aaw4yS3Dh4AaABAg","Saya 4 tahun menjalankan usaha toko dan bisa terus berjalan. Previllegenya toko yang saya bangun ada di tanah yang diberikan oleh orangtua. 

Keuntungannya saya tidak perlu banyar sewa bulanan atau bayar cicilan ruko. 

Pusing cuma pengadaan stock barang dan penjualan stock barang.","3865","false","https://www.youtube.com/watch?v=eOwtRnJemrg","7 months ago","1",,"Baru Lulus Udah Pengen Buka Bisnis?","comment","eOwtRnJemrg","1"
"@AnnanFadholi","false","Ugyzkeek3dOXkUrMWPp4AaABAg","hla aku kuliah mung dipekso wong tuo, meh teteg ragelem kuliah mah digebok","3865","false","https://www.youtube.com/watch?v=eOwtRnJemrg","7 months ago","0",,"Baru Lulus Udah Pengen Buka Bisnis?","comment","eOwtRnJemrg","0"
"@EmpusLucu","false","Ugyx3ei17W1AslcrTS14AaABAg","Alhamdulillah saya kerja sejak lulus SMA mulai dari kuli bangunan sampai sekarang (umur 29) meniti karir kerja kantoran, tanpa ijazah S1. Beberapa kali pindah kantor dengan ijazah SMA untuk posisi level Senior/SPV. Bersyukur perusahaan yang saya lamar tidak terlalu mempermasalahkan ijazah, tapi lebih ke skill dan pengalaman. Sekarang lagi merintis bisnis, kalau profit udah 10x gaji saya baru berani resign. 

Mental saya benar benar diuji saat bekerja dengan orang, sekaligus ambil ilmu marketing, keuangan, distribusi, dll dari berbagai kantor dan industri. 

Jangan patah semangat. Masa depan gak ada yg tau tapi yang pasti masa depan di tangan sendiri dan tuhan. Saya gak pernah membayangkan dulu saya angkut angkut barang dari truk, panas panasan, sekarang saya duduk tenang ngantor pake ac. Yang penting banyak belajar dan cari peluang. 

Semangat untuk kalian para pejuang pujaan hati dan keluarga. Semoga kita semua dipermudah oleh Tuhan YME. Aamiin","3865","false","https://www.youtube.com/watch?v=eOwtRnJemrg","7 months ago","9",,"Baru Lulus Udah Pengen Buka Bisnis?","comment","eOwtRnJemrg","313"
"@dunialain1990","false","Ugy4eso47cqnFcBkZ1J4AaABAg","Serasa tertampar... Kita hanya terbuai dgn kata2 motivator...","3865","false","https://www.youtube.com/watch?v=eOwtRnJemrg","7 months ago","0",,"Baru Lulus Udah Pengen Buka Bisnis?","comment","eOwtRnJemrg","0"
"@masagab","false","Ugzz-ZJdRo9F39fsfbZ4AaABAg","dari pov gua gak selamanya kita di pake terus buat kerja dan ga selamanya kita kerja terus sama orang lain","3865","false","https://www.youtube.com/watch?v=eOwtRnJemrg","7 months ago","0",,"Baru Lulus Udah Pengen Buka Bisnis?","comment","eOwtRnJemrg","0"
"@muhammadirsyadi4433","false","UgyC3Wuq4kCqm25NQ4d4AaABAg","I have no privilege at all😢","3865","false","https://www.youtube.com/watch?v=eOwtRnJemrg","7 months ago","0",,"Baru Lulus Udah Pengen Buka Bisnis?","comment","eOwtRnJemrg","0"
"@ZULFATNUR17","false","UgyIPV8oA7euZKnWLSZ4AaABAg","Saya pengen jadi pengusaha,karena saya tidak mau diatur orang lagi...sekecil apa pun,usaha saya i'am the boss..","3865","false","https://www.youtube.com/watch?v=eOwtRnJemrg","7 months ago","0",,"Baru Lulus Udah Pengen Buka Bisnis?","comment","eOwtRnJemrg","0"
"@jiffypangestu1688","false","UgzQNISmB3Aaw4yS3Dh4AaABAg.APwa6Hy5FMbAPwbdw-esrU","Kalau bisnis masih kecil jangan nikah. Kecuali orangtuamu kaya atau mertuamu memang kaya. 😂","3865","false","https://www.youtube.com/watch?v=eOwtRnJemrg","7 months ago","0","UgzQNISmB3Aaw4yS3Dh4AaABAg","Baru Lulus Udah Pengen Buka Bisnis?","reply","eOwtRnJemrg","0"
"@thisisit5719","false","UgyY9uFnVyg-rE4lp554AaABAg.APzH04rp6OJAPzlHv74nBC","Iyes,,, padahal zona nyaman itu penting, artinya nyaman dlm hidup. Ketika sdh nyaman, sdh terpenuhi kebutuhan sdh cukup ketimbang ambil risiko yang potensi kegagalannya jauh lebih tinggi.. Tp motivator bilang seolah zona nyaman tdk ada tantangan,,","3865","false","https://www.youtube.com/watch?v=eOwtRnJemrg","7 months ago","0","UgyY9uFnVyg-rE4lp554AaABAg","Baru Lulus Udah Pengen Buka Bisnis?","reply","eOwtRnJemrg","1"
"@yeahyeah88","false","Ugyx3ei17W1AslcrTS14AaABAg.APwOSYpWVxBAUdd2-zQZA_","Keren🙌🏻 dari tulisan saja sudah menunjukan kualitasnya Anda.","3865","false","https://www.youtube.com/watch?v=eOwtRnJemrg","3 months ago","0","Ugyx3ei17W1AslcrTS14AaABAg","Baru Lulus Udah Pengen Buka Bisnis?","reply","eOwtRnJemrg","7"
"@Gasulore","false","Ugyx3ei17W1AslcrTS14AaABAg.APwOSYpWVxBAWwA-m10rV7","Saya lulusan baru 2026 sekarang saya kerja berat di pasar, mulai dari jam 2 pagi beres jam 2 siang. Sekarang saya lagi nyari pengalaman dan ilmu dulu, dan kedepannya juga gatau mau seperti apa. Kasih saran dan masukannya dong, saya pengen belajar bisnis juga","3865","false","https://www.youtube.com/watch?v=eOwtRnJemrg","1 month ago","0","Ugyx3ei17W1AslcrTS14AaABAg","Baru Lulus Udah Pengen Buka Bisnis?","reply","eOwtRnJemrg","2"
"@warganetbudiman8597","false","Ugyx3ei17W1AslcrTS14AaABAg.APwOSYpWVxBAUg6hy72ikb","Ikut seneng bang","3865","false","https://www.youtube.com/watch?v=eOwtRnJemrg","3 months ago","0","Ugyx3ei17W1AslcrTS14AaABAg","Baru Lulus Udah Pengen Buka Bisnis?","reply","eOwtRnJemrg","0"
"@himajna157","false","Ugyx3ei17W1AslcrTS14AaABAg.APwOSYpWVxBAVRkYLc9jqq"," @EmpusLucu  aamiin, ikut bangga bang","3865","false","https://www.youtube.com/watch?v=eOwtRnJemrg","3 months ago","0","Ugyx3ei17W1AslcrTS14AaABAg","Baru Lulus Udah Pengen Buka Bisnis?","reply","eOwtRnJemrg","0"
"@Tacprazz03","false","Ugyx3ei17W1AslcrTS14AaABAg.APwOSYpWVxBAVfJ-8ar3jM","aku lagi di jalan yang sama senior heheh","3865","false","https://www.youtube.com/watch?v=eOwtRnJemrg","2 months ago","0","Ugyx3ei17W1AslcrTS14AaABAg","Baru Lulus Udah Pengen Buka Bisnis?","reply","eOwtRnJemrg","0"
"@GoogleAkun-u3i","false","Ugyx3ei17W1AslcrTS14AaABAg.APwOSYpWVxBAW3EyKodGL5","mas mau minta saran gw udah mau lulus smp dan bingung smk atau sma tujuan nya tu smk karna gw tu masi pengen kuliah tetep bisa ga ya lulusan smk masuk kuliah","3865","false","https://www.youtube.com/watch?v=eOwtRnJemrg","2 months ago","0","Ugyx3ei17W1AslcrTS14AaABAg","Baru Lulus Udah Pengen Buka Bisnis?","reply","eOwtRnJemrg","0"
"@EmpusLucu","false","Ugyx3ei17W1AslcrTS14AaABAg.APwOSYpWVxBAW3HU4tCekW","​ @GoogleAkun-u3i SMA SMK sama aja punya kesempatan yg sama tapi kalo setelah lulus mau kerja sambil kuliah mending ambil smk","3865","false","https://www.youtube.com/watch?v=eOwtRnJemrg","2 months ago","0","Ugyx3ei17W1AslcrTS14AaABAg","Baru Lulus Udah Pengen Buka Bisnis?","reply","eOwtRnJemrg","2"
"@HilmanoPuttafika","false","Ugyx3ei17W1AslcrTS14AaABAg.APwOSYpWVxBAXLhMkjI1Ck"," @EmpusLucu  bang kalo berkenan gw cari ilmu dari abang, bisa drop sosmed yang bisa dihubungin bang 🙏","3865","false","https://www.youtube.com/watch?v=eOwtRnJemrg","1 month ago","0","Ugyx3ei17W1AslcrTS14AaABAg","Baru Lulus Udah Pengen Buka Bisnis?","reply","eOwtRnJemrg","0"
"@erillasetyakharismawanti1073","false","UgxzgOBvmCoJqL7snCh4AaABAg","Keren, daging semua🤍","3865","false","https://www.youtube.com/watch?v=eOwtRnJemrg","7 months ago","0",,"Baru Lulus Udah Pengen Buka Bisnis?","comment","eOwtRnJemrg","0"
"@quotespro1","false","UgweaQPfhOj-qOsSc9N4AaABAg","WKWKW PENG PENG MENIT 9","3865","false","https://www.youtube.com/watch?v=eOwtRnJemrg","7 months ago","0",,"Baru Lulus Udah Pengen Buka Bisnis?","comment","eOwtRnJemrg","0"
"@as_04393","false","UgxSlWdbv0z3DG06BUp4AaABAg","Dokter Tirta pinter+biso ngelawak","3865","false","https://www.youtube.com/watch?v=eOwtRnJemrg","7 months ago","0",,"Baru Lulus Udah Pengen Buka Bisnis?","comment","eOwtRnJemrg","0"
"@rikarahmawati7446","false","UgwTFerbPqoPvyn5da54AaABAg","orang boyolali terpanggil","3865","false","https://www.youtube.com/watch?v=eOwtRnJemrg","7 months ago","0",,"Baru Lulus Udah Pengen Buka Bisnis?","comment","eOwtRnJemrg","0"
"@bambank995","false","UgyyDiZ4OARsA1mZp-Z4AaABAg","Tattoan malem2 lari2...maliiing😂😂","3865","false","https://www.youtube.com/watch?v=eOwtRnJemrg","7 months ago","0",,"Baru Lulus Udah Pengen Buka Bisnis?","comment","eOwtRnJemrg","0"
"@abiradiamond2875","false","UgwkHD087qwSsiJKb9J4AaABAg","23:49 jokes bapack bapack
29:37 keselek","3865","false","https://www.youtube.com/watch?v=eOwtRnJemrg","7 months ago","0",,"Baru Lulus Udah Pengen Buka Bisnis?","comment","eOwtRnJemrg","0"
"@parkkwonthol","false","UgyzK4d3FU3yoDPyWpp4AaABAg","inget ya temen2, privilege, tabungan, sama IPK itu buat safety net, atau manajemen resiko lah, kalo kalian ketiga2nya gak punya tapi masih mau gaspoll bisnis ya silahkan, keputusan ada ditangan kalian, video ini bukan berarti dokter tirta itu ngedikte atau mungkin ngelarang untuk kalian2 yang mau punya bisnis meskipun kalian gak punya ketiga hal yang udah doi sebut diatas","3865","false","https://www.youtube.com/watch?v=eOwtRnJemrg","7 months ago","0",,"Baru Lulus Udah Pengen Buka Bisnis?","comment","eOwtRnJemrg","3"
"@swknowledge847","false","UgzvFzPL9TPzUJAn8FF4AaABAg","semua sedang mengusahakan luck itu.... wait and see the moment... ambil resiko dan BOOM !!","3865","false","https://www.youtube.com/watch?v=eOwtRnJemrg","7 months ago","0",,"Baru Lulus Udah Pengen Buka Bisnis?","comment","eOwtRnJemrg","0"
"@dimasmuhammad5671","false","Ugx57_YC-355BvL9BBh4AaABAg","Mimpi mimpi struk 😂😂😂😂 relate sama kehidupan","3865","false","https://www.youtube.com/watch?v=eOwtRnJemrg","7 months ago","0",,"Baru Lulus Udah Pengen Buka Bisnis?","comment","eOwtRnJemrg","0"
"@noone-qo4kw","false","Ugxt4K3kn6GpJTtYPQF4AaABAg","7:59 ""hemat pangkal kaya, frugal living to the max. Kalau bisa bekas knp baru, kalau bisa cash knp kredit.""","3865","false","https://www.youtube.com/watch?v=eOwtRnJemrg","7 months ago","0",,"Baru Lulus Udah Pengen Buka Bisnis?","comment","eOwtRnJemrg","0"
"@fadelk_","false","UgwCioOuTOOcxZO2kMt4AaABAg","""Kita tuh sama, endingnya kita mati di 2x1 dan jadi abu"" njimm, peng peng peng","3865","false","https://www.youtube.com/watch?v=eOwtRnJemrg","7 months ago","0",,"Baru Lulus Udah Pengen Buka Bisnis?","comment","eOwtRnJemrg","0"
"@sofyanabdilahwijaya","false","UgzckDNV3I12GESEJD14AaABAg","mungkin untuk pribadi saya lebih suka ditampar dengan kata2 fakta seperti ini dari pada kata2 manis motivator","3865","false","https://www.youtube.com/watch?v=eOwtRnJemrg","7 months ago","1",,"Baru Lulus Udah Pengen Buka Bisnis?","comment","eOwtRnJemrg","2"
"@Valdiarrizabalaga","false","UgyjAZe7D1qUZfrHOHF4AaABAg","25:13","3865","false","https://www.youtube.com/watch?v=eOwtRnJemrg","7 months ago","0",,"Baru Lulus Udah Pengen Buka Bisnis?","comment","eOwtRnJemrg","1"
"@nasywapraja","false","Ugzb0X5eO3qVbNlKLRd4AaABAg","🙏","3865","false","https://www.youtube.com/watch?v=eOwtRnJemrg","7 months ago","1",,"Baru Lulus Udah Pengen Buka Bisnis?","comment","eOwtRnJemrg","2"
"@projectxyzchannel","false","UgzW8Q0RhYOzyeO1jHd4AaABAg","Makasih banyak dr.tirta","3865","false","https://www.youtube.com/watch?v=eOwtRnJemrg","7 months ago","0",,"Baru Lulus Udah Pengen Buka Bisnis?","comment","eOwtRnJemrg","1"
"@suherdinar12_46","false","UgxCFB7GbqY7VYSJtTZ4AaABAg","dokter tirta satu kata-kata  ""NDASMUUU DEEERRRRR"" Dayummmmm 24:16 penyemangat kuuuuuu quotes nya","3865","false","https://www.youtube.com/watch?v=eOwtRnJemrg","7 months ago","0",,"Baru Lulus Udah Pengen Buka Bisnis?","comment","eOwtRnJemrg","1"
"@吳鴻昆","false","UgxPBQxmhkLArBkCvhd4AaABAg","mantap ko, terima kasih banyak untuk sharing-nya","3865","false","https://www.youtube.com/watch?v=eOwtRnJemrg","7 months ago","0",,"Baru Lulus Udah Pengen Buka Bisnis?","comment","eOwtRnJemrg","1"
"@nGagetIn_0","false","UgwTcybgC5GxxUrPy9B4AaABAg","Bapaknya ketua RW. The privilage of leadership😂","3865","false","https://www.youtube.com/watch?v=eOwtRnJemrg","7 months ago (edited)","0",,"Baru Lulus Udah Pengen Buka Bisnis?","comment","eOwtRnJemrg","2"
"@windiekadiary96","false","Ugyi-fhd_VT3PaN-ShN4AaABAg","Hahaha dokter soft spoken sekaliiiiiii","3865","false","https://www.youtube.com/watch?v=eOwtRnJemrg","7 months ago","0",,"Baru Lulus Udah Pengen Buka Bisnis?","comment","eOwtRnJemrg","1"
"@SigitGuntoro-te2je","false","UgyTe_1pm_b5kqIgdZd4AaABAg","Pengen punya usaha untuk bermanfaat untuk orang lain bosss","3865","false","https://www.youtube.com/watch?v=eOwtRnJemrg","7 months ago","0",,"Baru Lulus Udah Pengen Buka Bisnis?","comment","eOwtRnJemrg","1"
"@nasywapraja","false","Ugzb0X5eO3qVbNlKLRd4AaABAg.APp-rqtQs7oAPp0Yxs-owj","Semangat kumpulkan skill guyss💪✨🤲","3865","false","https://www.youtube.com/watch?v=eOwtRnJemrg","7 months ago","0","Ugzb0X5eO3qVbNlKLRd4AaABAg","Baru Lulus Udah Pengen Buka Bisnis?","reply","eOwtRnJemrg","1"
"@yusufkuntoro3141","false","UgzckDNV3I12GESEJD14AaABAg.APpZL9G3G2MAPwqNkc7RjU"," @sofyanabdilahwijaya  Di negara seperti ini lebih cocok berpikir realistis daripada idealis","3865","false","https://www.youtube.com/watch?v=eOwtRnJemrg","7 months ago","0","UgzckDNV3I12GESEJD14AaABAg","Baru Lulus Udah Pengen Buka Bisnis?","reply","eOwtRnJemrg","0"
"@otan4680","false","UgwxDX5Bx6AfEOjjxW14AaABAg","23:43 liat koceng heheyy Awok","3865","false","https://www.youtube.com/watch?v=eOwtRnJemrg","7 months ago","0",,"Baru Lulus Udah Pengen Buka Bisnis?","comment","eOwtRnJemrg","5"
"@ariefnst9982","false","Ugzw2sjjEfGLZMbSwux4AaABAg","Jujur sekali abg ini, saya suka","3865","false","https://www.youtube.com/watch?v=eOwtRnJemrg","7 months ago","0",,"Baru Lulus Udah Pengen Buka Bisnis?","comment","eOwtRnJemrg","1"
"@aamdante8","false","Ugy0TcCDWJaNvJWsdvR4AaABAg","Saya dulu punya privilege Pengusaha UMKM Jahit konveksi dan Sparepart Konveksi, SMP Bapak Bangkrut hingga minus. 
Dan saya sekarang punya
Tanah 140m
Tabungan 22jt
Emas LM 40gram
DPA 71jt
BPJS 41jt
privilege Pengalaman kerja tambang 11th
Mengoperasikan HD785-7 9Th, Scania P410 2th, Dozzer 1set 1 Bulan.
Mau Mulai bisnis gagal terus, karena gaada waktu, Ada darah pebisnis didalam diri saya. Kira"" Masukan apa yg bisa saya dapatkan dok?","3865","false","https://www.youtube.com/watch?v=eOwtRnJemrg","7 months ago (edited)","0",,"Baru Lulus Udah Pengen Buka Bisnis?","comment","eOwtRnJemrg","1"
"@hmmmpayahh","false","UgwbOQJR_J56YocPreR4AaABAg","8:48 dodol jmbut iso ra dok","3865","false","https://www.youtube.com/watch?v=eOwtRnJemrg","7 months ago","0",,"Baru Lulus Udah Pengen Buka Bisnis?","comment","eOwtRnJemrg","2"
"@antoneka4223","false","UgwHPb2Aw_uPgTfSKAx4AaABAg","Ngefans sama dokter tirta peng2...
Agak beda ini...
,cocok juga kalau main film layar lebar...jadi aktor comedy antaginis dsb...
Di tunggu film nya dok...","3865","false","https://www.youtube.com/watch?v=eOwtRnJemrg","7 months ago","0",,"Baru Lulus Udah Pengen Buka Bisnis?","comment","eOwtRnJemrg","1"
"@rcy.candra","false","UgydKyFpAQab6sL-aqZ4AaABAg","Yang terakhir dalam banget ""jangan buru buru nikah jika tidak punya uang,kalian hanya akan menciptakan kemiskinan baru.. realistis itu penting,menyelamatkan diri sendiri belum bisa apalagi orang lain"". Terimakasih dok","3865","false","https://www.youtube.com/watch?v=eOwtRnJemrg","7 months ago","0",,"Baru Lulus Udah Pengen Buka Bisnis?","comment","eOwtRnJemrg","0"
"@stvnchanel444","false","Ugy_-ODfRy0TKUtVpm14AaABAg","Ini juga termasuk motivasi dok😂","3865","false","https://www.youtube.com/watch?v=eOwtRnJemrg","7 months ago","0",,"Baru Lulus Udah Pengen Buka Bisnis?","comment","eOwtRnJemrg","1"
"@balokofficialsusilo99","false","UgySNZxLoA7AcVA957x4AaABAg","Dr. Tirta pas lg minum kopi, mirip ip man","3865","false","https://www.youtube.com/watch?v=eOwtRnJemrg","7 months ago","0",,"Baru Lulus Udah Pengen Buka Bisnis?","comment","eOwtRnJemrg","0"
"@alfinhardi7834","false","Ugwi8ZtMAmJ57FJH_hd4AaABAg","Berjuang dari nol dan hasilnya nol terus 🤣","3865","false","https://www.youtube.com/watch?v=eOwtRnJemrg","7 months ago","0",,"Baru Lulus Udah Pengen Buka Bisnis?","comment","eOwtRnJemrg","0"
"@sosiej","false","UgwFaHdkVTyM7jKwQ7t4AaABAg","13:41 push rank 😂","3865","false","https://www.youtube.com/watch?v=eOwtRnJemrg","7 months ago","0",,"Baru Lulus Udah Pengen Buka Bisnis?","comment","eOwtRnJemrg","0"
"@ridwanarifinarchitect","false","Ugy55sqguJagrbItnbR4AaABAg","realistis! mantep","3865","false","https://www.youtube.com/watch?v=eOwtRnJemrg","7 months ago","0",,"Baru Lulus Udah Pengen Buka Bisnis?","comment","eOwtRnJemrg","0"
"@TasrifNasa","false","UgxXgDODW5l_Acw6W8Z4AaABAg","Saya berharapnya video ini muncul  5 tahun lalu, hahahaa","3865","false","https://www.youtube.com/watch?v=eOwtRnJemrg","7 months ago","0",,"Baru Lulus Udah Pengen Buka Bisnis?","comment","eOwtRnJemrg","2"
"@micropig620","false","UgwZjmpTqZVKljoaQHB4AaABAg","Gue lulusan sd,orang tua pengangguran dan bapak saya hanya pekerja kantoran biasa dengan tidak ada networking apapun,tapi saya bangun usaha saya dari 8 tahun yang lalu dan alhamdulilah bisa punya financial yg cukup bagus diusia saya yg hampir ke 25

Untuk sekarang saya mau buka bisnis lagi tapi masih mencari ide,buat temen2 disini memang benar hidup ini harus realistis tapi jangan sampai realistis ini membuatmu menyerah dengan keadaan","3865","false","https://www.youtube.com/watch?v=eOwtRnJemrg","7 months ago (edited)","0",,"Baru Lulus Udah Pengen Buka Bisnis?","comment","eOwtRnJemrg","0"
"@bicara_baik","false","UgxTAvN9Yga11BoP3A54AaABAg","Izin download dan reupload menjadi YT Shorts ya, Kak. Akan saya sertakan sumbernya. Terima kasih sebelumnya 🙏","3865","false","https://www.youtube.com/watch?v=eOwtRnJemrg","7 months ago","0",,"Baru Lulus Udah Pengen Buka Bisnis?","comment","eOwtRnJemrg","0"
"@yosepmukti1","false","UgyWP2Tas0-yGlgz1bx4AaABAg","11:50 jika tidaknya 1. Ada 2. IPK bagus, keluarga kaya raya tapi gak ada uang..kerja tiap hari. 1 hari 16 jam. Gak kerja ketika tidur.","3865","false","https://www.youtube.com/watch?v=eOwtRnJemrg","7 months ago","0",,"Baru Lulus Udah Pengen Buka Bisnis?","comment","eOwtRnJemrg","9"
"@yosepmukti1","false","UgwtTXvdyJBT8du6CvB4AaABAg","8:24 tabungan banyak dan stabil, orang tua kaya privilige, ipk tinggi pintar. 
3 ya
2 ya
1 ya
3 tidak","3865","false","https://www.youtube.com/watch?v=eOwtRnJemrg","7 months ago","0",,"Baru Lulus Udah Pengen Buka Bisnis?","comment","eOwtRnJemrg","11"
"@yosepmukti1","false","Ugzby8A8CgzI-9GXqah4AaABAg","8:00 anak tunggal china, jenius, doktor","3865","false","https://www.youtube.com/watch?v=eOwtRnJemrg","7 months ago","0",,"Baru Lulus Udah Pengen Buka Bisnis?","comment","eOwtRnJemrg","20"
"@alantriprasetyo9947","false","UgykrzkGRO3K1NXGeNV4AaABAg","Saya kenal orang yg benar2 dari zero, dan sampai saat ini dia masih terus berjuang untuk  S3 di UGM, luarbiasa perjuangan nya...","3865","false","https://www.youtube.com/watch?v=eOwtRnJemrg","7 months ago","0",,"Baru Lulus Udah Pengen Buka Bisnis?","comment","eOwtRnJemrg","5"
"@Syaman.","false","UgzK5O7taF0mqVMrK8t4AaABAg","Apakah sebelumnya leluhur Dr. Tirta punya privilege ?","3865","false","https://www.youtube.com/watch?v=eOwtRnJemrg","7 months ago","1",,"Baru Lulus Udah Pengen Buka Bisnis?","comment","eOwtRnJemrg","3"
"@iandenpasar5397","false","UgwvMpsL28FHGvOln6B4AaABAg","i have no privilege at all dok💪. but financial stable💵","3865","false","https://www.youtube.com/watch?v=eOwtRnJemrg","7 months ago (edited)","0",,"Baru Lulus Udah Pengen Buka Bisnis?","comment","eOwtRnJemrg","2"
"@ine2617","false","Ugy5e98dPx8OpQ5E6y54AaABAg","Saya ikut tunjuk jari sukses dari faktor keberuntungan. Generasi milenial yg besar dari melihat susahnya orang tua mencari nafkah, anak petani. Saat itu semangat saya meskipun miskin tapi jangan bodo, hrus rajin ibadah. Lulus kuliah faktor keberuntungan datang lowongan pekerjaan terbuka lebar, umur 22 th kerja jd bidan desa wow bgt mental di hajar hbus2 an sampe mau nyungsep. Eh umur 25 thn faktor keberuntungan datang lagi dpt suami yg kerja di perusahaan asing 😅😅. Anak sdh 3 dan alhamdulillah sdh punya tabungan properti, dana pendidikan dan pensiun. Tetap dengan usaha menahan keinginan foya2. Pas beli tanah sempat hutang bank. Alhamdulillah selesai di umur 38 th. Sekarang sdh umur 40 thn tdk ada keinginan buka usaha, jujur gak ada skil selain yg di kerjakan sekarang, takut nanti mlh ngambang dan rugi. Fokus di kesehatan dan mendidik anak agar bermental kuat.","3865","false","https://www.youtube.com/watch?v=eOwtRnJemrg","7 months ago","0",,"Baru Lulus Udah Pengen Buka Bisnis?","comment","eOwtRnJemrg","1"
"@solymatondang8989","false","UgwdUnj_IfHCjTVL_Et4AaABAg","MIMPI - MIMPI - STROKE","3865","false","https://www.youtube.com/watch?v=eOwtRnJemrg","7 months ago","0",,"Baru Lulus Udah Pengen Buka Bisnis?","comment","eOwtRnJemrg","4"
"@budiutomo5628","false","Ugy5Cn4tXVmEmDQ_Qdl4AaABAg","bisnis yang dibilang oleh para youtuber adalah tai kucing
saya kelahiran 1980 dan apapun yang kamu lakukan ga cukup pantas untuk menjadikan kamu sukses dalam hal keuangan.
yang kamu dapatkan semua nya adalah pemberian dari tuhan mu
kenapa saya nyaris tiap hari kerja? ya karena itu sebuah keharusan saja","3865","false","https://www.youtube.com/watch?v=eOwtRnJemrg","7 months ago","0",,"Baru Lulus Udah Pengen Buka Bisnis?","comment","eOwtRnJemrg","1"
"@angit-kuru","false","UgyztroeDQECmgsqbdN4AaABAg","terima kasih Dokter🙏ilmunya","3865","false","https://www.youtube.com/watch?v=eOwtRnJemrg","7 months ago","0",,"Baru Lulus Udah Pengen Buka Bisnis?","comment","eOwtRnJemrg","0"
"@sahrudin3089","false","Ugysu_aQOm5ts_voOVV4AaABAg","Penerima cuci uang bisa bacot apa ajah","3865","false","https://www.youtube.com/watch?v=eOwtRnJemrg","7 months ago","0",,"Baru Lulus Udah Pengen Buka Bisnis?","comment","eOwtRnJemrg","0"
"@alifmuhammadfahru12","false","UgwI6_5R1sPs2wN5h7x4AaABAg","Ipk itu apa yah","3865","false","https://www.youtube.com/watch?v=eOwtRnJemrg","7 months ago","0",,"Baru Lulus Udah Pengen Buka Bisnis?","comment","eOwtRnJemrg","0"
"@mochamadalfiyan3141","false","Ugwdi4vfgE1-vI1rvTh4AaABAg","aku fans mu tirta","3865","false","https://www.youtube.com/watch?v=eOwtRnJemrg","7 months ago","0",,"Baru Lulus Udah Pengen Buka Bisnis?","comment","eOwtRnJemrg","0"
"@MuhammadIzzudin-gx9us","false","UgzdetPdpoFTSo2pUCN4AaABAg","“NDASS MUU.. DIERRR!!!”😂 24:16","3865","false","https://www.youtube.com/watch?v=eOwtRnJemrg","7 months ago (edited)","0",,"Baru Lulus Udah Pengen Buka Bisnis?","comment","eOwtRnJemrg","0"
"@avay8726","false","Ugxi-cOmKEG87hUlegZ4AaABAg","Dr Tirta membanjiri kita dengan realita hidup

Dri sini saya paham klo sukses gk selalu punya duit banyak","3865","false","https://www.youtube.com/watch?v=eOwtRnJemrg","7 months ago","0",,"Baru Lulus Udah Pengen Buka Bisnis?","comment","eOwtRnJemrg","0"
"@bayujayateknik4063","false","UgwpR-XJpvNigLvGXSN4AaABAg","KEBERUNTUNGAN ADALAH KETIKA KESEMPATAN BERTEMU DENGAN KEMAMPUAN.

~ Luck is Real💪","3865","false","https://www.youtube.com/watch?v=eOwtRnJemrg","7 months ago","0",,"Baru Lulus Udah Pengen Buka Bisnis?","comment","eOwtRnJemrg","0"
"@pamtzy6456","false","Ugy_kVrsu9_PCm22xeR4AaABAg","mwahal banget anjir ni vdio wajib share ke temn asli","3865","false","https://www.youtube.com/watch?v=eOwtRnJemrg","7 months ago","0",,"Baru Lulus Udah Pengen Buka Bisnis?","comment","eOwtRnJemrg","1"
"@ahmadbaihaqisanatmoko2936","false","UgxCkPRVamTHbUtzWSF4AaABAg","Mau jadi kaya raya","3865","false","https://www.youtube.com/watch?v=eOwtRnJemrg","7 months ago","0",,"Baru Lulus Udah Pengen Buka Bisnis?","comment","eOwtRnJemrg","1"
"@azizahmaharani9390","false","UgyXYtg6jGy6rRfJcqt4AaABAg","MasyaAllah sukaa bangett dr Tirtaa, walaupun sangat tertampar fakta seenggaknya kita sadar bahwa kesadaran adalah yang terpenting untuk kita memulai perjalanan","3865","false","https://www.youtube.com/watch?v=eOwtRnJemrg","7 months ago","0",,"Baru Lulus Udah Pengen Buka Bisnis?","comment","eOwtRnJemrg","1"
"@bimaaryap","false","Ugy6pzTdYHEU32QPKxx4AaABAg","Kalo saya pengalaman bekerja ada cuma itu aja karena finacial gak stabil terus setiap tahunnya jadi mau pilih jalan bisnis juga bingung","3865","false","https://www.youtube.com/watch?v=eOwtRnJemrg","7 months ago","0",,"Baru Lulus Udah Pengen Buka Bisnis?","comment","eOwtRnJemrg","1"
"@Laskarngaritindo","false","Ugxdf_jff5FC8V140wF4AaABAg","Sya sering nangis karna emang di bisnis uncertainty, bener banget. Ssya menikah dengan suami yg keluarga basicnya dagang, sdgkn saya hidupnya teratur , itu aja bkin hidup saya naik turun kyk roll coaster","3865","false","https://www.youtube.com/watch?v=eOwtRnJemrg","7 months ago","0",,"Baru Lulus Udah Pengen Buka Bisnis?","comment","eOwtRnJemrg","0"
"@Putin72","false","UgzNGo1XDS5NSfKrkzp4AaABAg","Terimakasih dok, saya akan lebih giat lagi bekerja","3865","false","https://www.youtube.com/watch?v=eOwtRnJemrg","7 months ago","0",,"Baru Lulus Udah Pengen Buka Bisnis?","comment","eOwtRnJemrg","1"
"@MishbahulFalih","false","UgxAODh8CkiaCeUsvFJ4AaABAg","Andalan🤟","3865","false","https://www.youtube.com/watch?v=eOwtRnJemrg","7 months ago","0",,"Baru Lulus Udah Pengen Buka Bisnis?","comment","eOwtRnJemrg","1"
"@Nopanpratamaaa","false","UgyHTEHVMoq4lrmLieh4AaABAg","25:16","3865","false","https://www.youtube.com/watch?v=eOwtRnJemrg","7 months ago","0",,"Baru Lulus Udah Pengen Buka Bisnis?","comment","eOwtRnJemrg","1"
"@dennymaulanda5581","false","UgwC4JZ_S7HlsDfoiC14AaABAg","nih orang 😅🤣","3865","false","https://www.youtube.com/watch?v=eOwtRnJemrg","7 months ago","0",,"Baru Lulus Udah Pengen Buka Bisnis?","comment","eOwtRnJemrg","1"
"@aziz_bunciz23","false","Ugz-tyCp3P0U8jq9_Np4AaABAg","privilege is awak sehat seger waras, ati sing bakoh, lan pundak sing dikuat” no kanggo ngadepi kenyataan dok🙌🏻.
ahh jawaa ga bisa bacaa! terjemahin sendirii🫵🏻","3865","false","https://www.youtube.com/watch?v=eOwtRnJemrg","7 months ago","0",,"Baru Lulus Udah Pengen Buka Bisnis?","comment","eOwtRnJemrg","1"
"@yosepmukti1","false","UgzK5O7taF0mqVMrK8t4AaABAg.APhBvzBslf1APhY6hgZZxL","10:44 sudah dijelaskan. Ada suaranya","3865","false","https://www.youtube.com/watch?v=eOwtRnJemrg","7 months ago","0","UgzK5O7taF0mqVMrK8t4AaABAg","Baru Lulus Udah Pengen Buka Bisnis?","reply","eOwtRnJemrg","3"
"@M2mbox","false","Ugyc2eyxlV6KLxvRwv54AaABAg","Tetangga saya laki2 usia 38 tahun lulusan SARJANA HUKUM sekarang jualan cilok.
 Padahal anak orang kaya di kampung saya.
 Keponakan saya berusia 22 tahun SMP tidak Lulus sukarang jadi bos konveksi dg omset ratusan juta per bulan.
 Tetangga kampung sebelah dulu tukang rongsok , sekarang  punya diler bus dan mobil.","3865","false","https://www.youtube.com/watch?v=eOwtRnJemrg","7 months ago (edited)","1",,"Baru Lulus Udah Pengen Buka Bisnis?","comment","eOwtRnJemrg","2"
"@jidot912","false","UgzMC392GOtlST0wZ314AaABAg","Mahal bgt kelas ini 🔥","3865","false","https://www.youtube.com/watch?v=eOwtRnJemrg","7 months ago","0",,"Baru Lulus Udah Pengen Buka Bisnis?","comment","eOwtRnJemrg","2"
"@lslosaga123","false","UgyPbctsvStsCHXbh0l4AaABAg","Saya berbisnis agar keuanganku stabil, karna saya takut saat saya tidak memiliki uang, dengan mudahnya saya menjuala agama dan mengorbankan akhirat hanya untuk mendapatkan uang atau dunia. Sebagaimana kebanyakan orang muslim zaman sekarang.","3865","false","https://www.youtube.com/watch?v=eOwtRnJemrg","7 months ago","0",,"Baru Lulus Udah Pengen Buka Bisnis?","comment","eOwtRnJemrg","0"
"@Skimaprinting","false","UgzvnqgfVb6ftqAUOVB4AaABAg","top nyeneni uwong tenan iki,tp marai nguyu ngekek😅","3865","false","https://www.youtube.com/watch?v=eOwtRnJemrg","7 months ago (edited)","0",,"Baru Lulus Udah Pengen Buka Bisnis?","comment","eOwtRnJemrg","0"
"@pendidikanfhunsut-jh9pl","false","UgyNjIxM5MSwCxB-l7h4AaABAg","saya beli juga barang bekas..","3865","false","https://www.youtube.com/watch?v=eOwtRnJemrg","7 months ago","0",,"Baru Lulus Udah Pengen Buka Bisnis?","comment","eOwtRnJemrg","0"
"@Pinkpen0.2","false","UgxEn02I3JAgUamKaDF4AaABAg","Baru lulus smk 6 bulan ±. Tabungan saya saat ini 300ribu, selama 6 bulan baru kerja 16 hari kelola toko orang.
Bapak kuli bangunan, ibu dirumah ngurus adek 2 masin TK dan baru SD. Bapak lulusan SD, Ibu SMP gak selesai. Privilege saya punya hp masih bisa buat nonton YouTube, masih kebeli kuota internet 1 atau 2 minggu sekali. 
Bisa service hp yang mudah"" (ganti lcd, ganti tombol) Belum bisa lebih dari itu karena keterbatasan alat service dan modal.

Punya rencana mau jualan es pinggir jalan dengan modal saat ini.

Ingin kuliah tapi ekonomi ga cukup, persiapan kuliah juga ga cukup, saya baru tau di akhir masa sekolah bahwa pendidikan itu penting (saya ga di beri tahu oleh orang tua saya, bahwa pendidikan itu penting, mungkin mereka juga ga ngerti). Parenting dari ortu hanya adab perilaku yang baik, sisanya tidak diajarkan. Ortu saya bilang kerja itu penting. Tapi lowongan yang ditawarkan kepada saya semuanya lowongan nyogok/ada uang Adm, uang rokok. Alasan saya ingin berjualan  karena saya ga mau pinjam uang ke orang cuma buat nyogok pekerjaan sebagai operator produksi.

Saya ada motor bebek dari kakek, pajak masih aktif, saya juga punya SIM tanpa tembak/nyogok.

Saya minta saran sebaiknya apa yang harus saya lakukan untuk memperbaiki dan menstabilkan ekonomi keluarga saya dengan latar belakang saya yang seperti ini, mungkin ada orang yang berpengalaman/pakar bisa membagi pengetahuannya ke saya.

Maaf jika ketikan saya belepotan/berantakan, semoga masih bisa dipahami 🙏","3865","false","https://www.youtube.com/watch?v=eOwtRnJemrg","7 months ago","0",,"Baru Lulus Udah Pengen Buka Bisnis?","comment","eOwtRnJemrg","0"
"@indraindrawan1783","false","UgxTXdvwRfyAIfGqzn54AaABAg","Ok), Terimakasih Dr. Tirta","3865","false","https://www.youtube.com/watch?v=eOwtRnJemrg","7 months ago","0",,"Baru Lulus Udah Pengen Buka Bisnis?","comment","eOwtRnJemrg","0"
"@AchmadChoirul-o7l","false","UgykV8GsS8-OE6i5yEZ4AaABAg","Dari 3 point yg disampaikan, saya hanya punya 1, networking. Alhamdulillah, saya punya bisnis dan bisa dikatakan sukses.

Sebenarnya (mungkin) ada faktor lagi selain 3 yg disebutkan Pak Tirta. Skill yg diasah terus menerus dan Attitude yg bagus...","3865","false","https://www.youtube.com/watch?v=eOwtRnJemrg","7 months ago (edited)","0",,"Baru Lulus Udah Pengen Buka Bisnis?","comment","eOwtRnJemrg","0"
"@johnwahyu1276","false","UgzMj0bQrQNfQmeD0Mp4AaABAg","Jangankan ipk jelek, punya ipk aja ngga, i'm done😂 saya gak punya 3 poin yg disebutkan. tapi alhamdulillah masih bisa survive sebagai karyawan sampai sekarang🎉","3865","false","https://www.youtube.com/watch?v=eOwtRnJemrg","7 months ago","0",,"Baru Lulus Udah Pengen Buka Bisnis?","comment","eOwtRnJemrg","0"
"@mthrn4252","false","UgyV77opQ8TixpU6dSV4AaABAg","betul kerja duluu, nabung dikit2 umur 20an nabung mniman sebualn 300-1 juta perbulan gpp, invest buat diumur 30an, saya udh jalanin","3865","false","https://www.youtube.com/watch?v=eOwtRnJemrg","7 months ago","0",,"Baru Lulus Udah Pengen Buka Bisnis?","comment","eOwtRnJemrg","1"
"@zulkarnaenmasud5658","false","UgwvzV3MLYV1yQLHezl4AaABAg","generasi sandwich, ngga punya relasi bagus, ipk 3.
lulus kuliah cuma punya tabungan 10jt bikin angkringan sama jualan tembakau linting, cuma dapet capenya😂
“bekerjalah, bekerjalah!!”
ya akhirnya pergi kejepang nyari modal, udah jalan 3 thn udah bikin usaha ayam petelur, walopun belum gede tapi masih proses","3865","false","https://www.youtube.com/watch?v=eOwtRnJemrg","7 months ago","0",,"Baru Lulus Udah Pengen Buka Bisnis?","comment","eOwtRnJemrg","0"
"@adamfirdaus9272","false","Ugw7eS97cIyxhW8ZnNx4AaABAg","Liverpool aman dokter tirta?","3865","false","https://www.youtube.com/watch?v=eOwtRnJemrg","7 months ago","0",,"Baru Lulus Udah Pengen Buka Bisnis?","comment","eOwtRnJemrg","0"
"@mnoerfajri","false","UgyHc_Z5wmbLsOJYPRR4AaABAg","Tabungan ga ada
Privilage ga ada
Pengalaman kerja kosong
IPK rendah

Kebanyakan Push Rank, Beban Negara
😂😂😂","3865","false","https://www.youtube.com/watch?v=eOwtRnJemrg","7 months ago (edited)","0",,"Baru Lulus Udah Pengen Buka Bisnis?","comment","eOwtRnJemrg","0"
"@pingkyapriliaa3569","false","UgzjpO7eWTfBILOROdd4AaABAg","Berasa lagi diomelin🤧","3865","false","https://www.youtube.com/watch?v=eOwtRnJemrg","7 months ago","0",,"Baru Lulus Udah Pengen Buka Bisnis?","comment","eOwtRnJemrg","0"
"@man-of-lyrics","false","UgxqYHEc2g3aczCaOqZ4AaABAg","Libepul lagi beruntung?..beruntung dari segi mana dok?...udah 5x beruntun kalah EPL,mana udah di scam writz lagi,masa dibeli 120j tapi 11 match 0 goal,0 assist...belum isak lagi,dengan rekor transfer britain,baru cetak 1 goal,itupun di karabao cup...udah bertimpa timpa sial nya dok..😂😂😂😂😂","3865","false","https://www.youtube.com/watch?v=eOwtRnJemrg","7 months ago","0",,"Baru Lulus Udah Pengen Buka Bisnis?","comment","eOwtRnJemrg","0"
"@ilhamdwiiheryanto8812","false","Ugz9aXVCXYmmpWRJhO14AaABAg","modal pengalaman kerja doang berani² nya nonton ginian🤣 niat nya pengen buka usaha dagang, buat ada perubahan hidup aja, tapi gajadi dah wkwk","3865","false","https://www.youtube.com/watch?v=eOwtRnJemrg","7 months ago","0",,"Baru Lulus Udah Pengen Buka Bisnis?","comment","eOwtRnJemrg","0"
"@ku.kuruyuk8046","false","Ugy4QYwHgZuNDlCwDRp4AaABAg","Mulai dr 0 
Cuma saat ngisi BBm🫣 

"" mati sekali "" hidup tiap pagi 

Smngt para pejuang ekonimi😊","3865","false","https://www.youtube.com/watch?v=eOwtRnJemrg","7 months ago","0",,"Baru Lulus Udah Pengen Buka Bisnis?","comment","eOwtRnJemrg","0"
"@AbdulAziz-mb2vo","false","UgxFfFe012tRXWqjnhJ4AaABAg","Mantap lek kuu😮","3865","false","https://www.youtube.com/watch?v=eOwtRnJemrg","7 months ago","0",,"Baru Lulus Udah Pengen Buka Bisnis?","comment","eOwtRnJemrg","0"
"@ahmad_zs01","false","UgyanQP4H08dYkJPoix4AaABAg","Saya cuma ada di terakhir ipk pas"" an dengan biaya sendiri+ saya kerja yang penting dapat duit itu gimana ya🙏
Apakah saya berhenti kuliah dan kerja full time atau lanjut kuliah","3865","false","https://www.youtube.com/watch?v=eOwtRnJemrg","7 months ago","0",,"Baru Lulus Udah Pengen Buka Bisnis?","comment","eOwtRnJemrg","0"
"@opand5861","false","UgzPmhCOyfA5bxXhzpZ4AaABAg","dok minimal tabungan nya berapa?","3865","false","https://www.youtube.com/watch?v=eOwtRnJemrg","7 months ago","0",,"Baru Lulus Udah Pengen Buka Bisnis?","comment","eOwtRnJemrg","0"
"@someone-cg9uc","false","Ugyc2eyxlV6KLxvRwv54AaABAg.APaK6qsc-O5APj3eKueZLq","@M2mbox  kak maaf ya kak, kalau menurut saya kuliah dan sekolah itu investasi, tentang nasib setelahnya itu tergantung manusia tersebut. Kuliah dan sekolah tinggi ga menjamin masa depan? Ga juga tergantung manusianya selama kuliah udah ngambil pelajaran apa aja. Saya mahasiswa juga kak, semoga komentar sampean ga membuat anak muda jadi takut buat kuliah🙏","3865","false","https://www.youtube.com/watch?v=eOwtRnJemrg","7 months ago","0","Ugyc2eyxlV6KLxvRwv54AaABAg","Baru Lulus Udah Pengen Buka Bisnis?","reply","eOwtRnJemrg","1"
"@unfrezeehyper7759","false","UgwkGN9llZgnriBSSXx4AaABAg","Kuliah pas awal mata pelajaran  kewirausahaan, dosen bukan nya ngajar bisnis. 
Tapi malah suruh hitung estimasi biaya kuliah selama 4 tahun(include biaya hidup) vs UMR Surabaya 😭 . Dikasi pertanyaan, bisa balik modal berapa tahun. ??? . . .","3865","false","https://www.youtube.com/watch?v=eOwtRnJemrg","7 months ago","0",,"Baru Lulus Udah Pengen Buka Bisnis?","comment","eOwtRnJemrg","0"
"@supriadimaddi","false","UgyKq-SMKwDjM7cOqGZ4AaABAg","Habis nonton ini, rasanya habis di tampar kiri kanan sakit betul ya Allah 😢😢😅.","3865","false","https://www.youtube.com/watch?v=eOwtRnJemrg","7 months ago","0",,"Baru Lulus Udah Pengen Buka Bisnis?","comment","eOwtRnJemrg","0"
"@dwiwicaksono1328","false","UgxRFlcZzwzu87Ey2Wh4AaABAg","fakta !!!! tertampar semua nih","3865","false","https://www.youtube.com/watch?v=eOwtRnJemrg","7 months ago","0",,"Baru Lulus Udah Pengen Buka Bisnis?","comment","eOwtRnJemrg","0"
"@Irv4n_Nextin","false","UgzZiEthg5xJC-Snutt4AaABAg","1 tahun kemudian bakal balik ke video ini dengan catatan,bisnisku sudah stabil","3865","false","https://www.youtube.com/watch?v=eOwtRnJemrg","7 months ago","1",,"Baru Lulus Udah Pengen Buka Bisnis?","comment","eOwtRnJemrg","32"
"@kenaryo2879","false","UgzpbWhsT5sFqddsYz54AaABAg","Pesan ini seharusnya didengar juga untuk para pelajar dan mahasiswa (syukur masih di awal2) agar Untuk yang kondisinya tidak ada semua (previlege, tabungan, dan prestasi) supaya kalian benar benar memaksimalkan kuliah karena menurut saya jalan untuk memperbaiki hidup adalah dengan memaksimalkan prestasi kalian. Jadi pintu masuk untuk mengubah nasib disini ada di prestasi, previlege dan tabungan akan mengikuti.","3865","false","https://www.youtube.com/watch?v=eOwtRnJemrg","7 months ago","0",,"Baru Lulus Udah Pengen Buka Bisnis?","comment","eOwtRnJemrg","0"
"@GegohAgara","false","Ugx42l0pgNN_C5F29zR4AaABAg","20:32 kapal api laris karena dia pertama kali jual kopi kapal api,coba jual nya 2024,jadi kapal uap.😂","3865","false","https://www.youtube.com/watch?v=eOwtRnJemrg","7 months ago (edited)","0",,"Baru Lulus Udah Pengen Buka Bisnis?","comment","eOwtRnJemrg","0"
"@ElegyFajarTriwardoyo","false","UgwxBIXmDegj-TfLORp4AaABAg","kereut ceuli aing!
- Dr.Tirta, 2025","3865","false","https://www.youtube.com/watch?v=eOwtRnJemrg","7 months ago","0",,"Baru Lulus Udah Pengen Buka Bisnis?","comment","eOwtRnJemrg","0"
"@ramdani5338","false","UgyXWjLXVpr_1-HSu9l4AaABAg","ditampar banget","3865","false","https://www.youtube.com/watch?v=eOwtRnJemrg","7 months ago","0",,"Baru Lulus Udah Pengen Buka Bisnis?","comment","eOwtRnJemrg","0"
"@RIZALBAHRI-pz4sy","false","UgxhD18WfjRnIsFLdoh4AaABAg","Oke gini dok, kalo gw di tanya mau jadi pembisnis gw akan jawab, gw pengen hidup gw berguna untuk membantu orang lain, karna disitu gw dapet rasa kepuasan tapi gw enggak munafik juga ya dok, gw pengen juga punya uang yang banyak membantu keluarga gw, dijaman sekarang untuk membantu orang lain itu pasti perlu uang and HATI.
Gw tau bisnis itu enggak mudah butuh perjuang , pengorbanan sampe lu ngerti di dalem bidang itu, ya karna apah bagi gw bisnis jalan satu"" nya lu bisa punya banyak uang, ya meskipun resiko nya lu bakalan miskin dan enggak jadi apa"" tapi disitu gw memiliki abis gw bakalan jadi satu"" nya yang bisa mengelola bisnis itu dengan baik dan berhasil. 
Sebelum nya gw mau curhat dikit dulu dok, meskipun gw sekarang lagih mencari akses dan ilmu nya gw yakin dimulai dari niat yang baik pasti akan berakhir dengan yang baik pula, meskipun gw akan menerima kenyataan bisnis gw harus tutup.
Ya segitu ajah dok yang gw lagi alami sekarang sory nih malah jadi panjang 😅 tnks dok banyak banget ilmu yang gw dapetin dari lu 🙏","3865","false","https://www.youtube.com/watch?v=eOwtRnJemrg","7 months ago","0",,"Baru Lulus Udah Pengen Buka Bisnis?","comment","eOwtRnJemrg","0"
"@juragankaosjawatimur2567","false","UgwDbfvkTaioCtiRO-N4AaABAg","8:03 Frugalism to the max","3865","false","https://www.youtube.com/watch?v=eOwtRnJemrg","7 months ago","0",,"Baru Lulus Udah Pengen Buka Bisnis?","comment","eOwtRnJemrg","1"
"@Adrian_Gm1","false","UgwWzL629zFqFTxeSqV4AaABAg","Pertanyaan buat anda dr. Tirta yg alumni s2 sbm itb: jelaskan dengan sederhana, kapan seorang dikatakan sukses?","3865","false","https://www.youtube.com/watch?v=eOwtRnJemrg","7 months ago","1",,"Baru Lulus Udah Pengen Buka Bisnis?","comment","eOwtRnJemrg","0"
"@heybit-m1q","false","Ugx8h2t973oHZ3eA9FV4AaABAg","klo tabungan nge pas, privilage nge pas, kerja ngepas, ipk 4. itu gmn dok?","3865","false","https://www.youtube.com/watch?v=eOwtRnJemrg","7 months ago","0",,"Baru Lulus Udah Pengen Buka Bisnis?","comment","eOwtRnJemrg","0"
"@mahbb699","false","UgyM1YkfClYc4VcEd5d4AaABAg","Pak Gibran aja bisa, masa kita bisa??","3865","false","https://www.youtube.com/watch?v=eOwtRnJemrg","7 months ago","0",,"Baru Lulus Udah Pengen Buka Bisnis?","comment","eOwtRnJemrg","0"
"@shusirou","false","UgyLTadICr4KNXks9kF4AaABAg","keren dok","3865","false","https://www.youtube.com/watch?v=eOwtRnJemrg","7 months ago","0",,"Baru Lulus Udah Pengen Buka Bisnis?","comment","eOwtRnJemrg","0"
"@LAPTOPASUS-g1t","false","Ugxn0SfJTHS1--xT3UN4AaABAg","Dok saya skolah sampe SMA orang tuaku orang desa petani , dulu saya akhirnya pindah skolah dikarenakan ikut sama kaka karena nikah dan dapat suami orang minang (pedagang) dan akhirnya saya pindah lingkungan bersama orang orang pedagang fashion karena suami kaka ku tsb . dan sebelumnya itu saya berpikiran cukup skolah sampai sma saja karena sudah mengenal uang , sering ikut jualan ke pasar jaga toko suami kaka ku dan saya di arahkan , di didik , di marahi di depan banyak pengunjung semakin lama saya semakin terbiasa mungkin terbentuk juga mental atas semua kesalahan dan arus ngapain jaga tok itu ,.  singkat cerita saya di arahkan untuk jualan online di tahun 2021 dan bumm saya punya uang di umur 21 kisaran 350 jt + hasil jualan online , tapi saya sangat menyesal karena tidak lanjut kuliah dan seterusnya . menurut saya skolah itu sangat penting , uang bisa habis tetapi ilmu di skolah walopn kata orang tidak penting itu bulshit karena mungkin kalo saya kuliah banyak lingkungan baru dan ilmu baru . dan buat temen tmen yang masi mikir skolah atau lanjut atau sebagainya mending skolah sih lanjutin yakin ko banyak wawasan baru atau privilage baru yang bisa membawa arus kita lebih banyak dan besar","3865","false","https://www.youtube.com/watch?v=eOwtRnJemrg","7 months ago","0",,"Baru Lulus Udah Pengen Buka Bisnis?","comment","eOwtRnJemrg","0"
"@PinesJimmy","false","Ugwx8--VngW460sy7jx4AaABAg","thank you, dok.","3865","false","https://www.youtube.com/watch?v=eOwtRnJemrg","7 months ago","0",,"Baru Lulus Udah Pengen Buka Bisnis?","comment","eOwtRnJemrg","0"
"@fauzihaidarhilmy","false","Ugza3kDTHCKRDfMgELV4AaABAg","Mantapppp pak dokter ilmunya😎","3865","false","https://www.youtube.com/watch?v=eOwtRnJemrg","7 months ago","0",,"Baru Lulus Udah Pengen Buka Bisnis?","comment","eOwtRnJemrg","0"
"@egaprayoga6942","false","Ugx-bcdQPfTPNG4NTON4AaABAg","saya lulusan SMK pariwisata 2018, sampai sekarang total 7 tahun kerja linear di pariwisata  dari perintilan kecil sampai eksekusi lapangan, di sati sisi sambil freelance di bidang Design Grafis.. networking vendor udah cukup lumayan, networking client masih cukup kecil. nikah sama perempuan yang gila perihal money management. 2026 besok mutusin untuk jalan sendiri di bidang pariwisata (travel Agent). jujur ngeliat ekonomi masyarakat indonesia saat ini, dan beberapa kebijakan gubernur jawa barat tentang larangan jalan untuk anak sekolah, lumayan bikin bimbang. terlalu fokus ngumpulin gear, sampai lupa mikirin strategi marketing kedepanya. Please, yang bisa kasih pencerahan atau pendapat. boleh balas comment gua.","3865","false","https://www.youtube.com/watch?v=eOwtRnJemrg","7 months ago","0",,"Baru Lulus Udah Pengen Buka Bisnis?","comment","eOwtRnJemrg","0"
"@Neng-Rai","false","UgymhRMNOZPCd-UOsyF4AaABAg","Dok saran buat para tkw please🙏...invest apa yg bagus ,karena kalau berbisnis sulit cari org yg dipercaya.apalagi saya single mom Dan sandwich generation 😊","3865","false","https://www.youtube.com/watch?v=eOwtRnJemrg","7 months ago (edited)","0",,"Baru Lulus Udah Pengen Buka Bisnis?","comment","eOwtRnJemrg","0"
"@Kocheng_Belang","false","Ugwm3GnrB4uYPtUA83N4AaABAg","seharusnya nasihat ini ada di tahun 2015an, saya sangat butuh pencerahan seperti ini 😅","3865","false","https://www.youtube.com/watch?v=eOwtRnJemrg","7 months ago","0",,"Baru Lulus Udah Pengen Buka Bisnis?","comment","eOwtRnJemrg","0"
"@InaIndramayu-f3b","false","UgzZiEthg5xJC-Snutt4AaABAg.APUnTQve-c8AQNzMqmc3Dh"," @Irv4n_Nextin  Amin","3865","false","https://www.youtube.com/watch?v=eOwtRnJemrg","7 months ago","0","UgzZiEthg5xJC-Snutt4AaABAg","Baru Lulus Udah Pengen Buka Bisnis?","reply","eOwtRnJemrg","0"
"@erlinapuspita9954","false","UgwWzL629zFqFTxeSqV4AaABAg.APTO0ZUdrXQAPhXF2AiphD","Ketika gak dipenjara","3865","false","https://www.youtube.com/watch?v=eOwtRnJemrg","7 months ago","0","UgwWzL629zFqFTxeSqV4AaABAg","Baru Lulus Udah Pengen Buka Bisnis?","reply","eOwtRnJemrg","1"
"@dadapanbanyuwangi9293","false","UgyV8Stua6SGZnk5JB14AaABAg","ini yg gw suka from Tirta, bicara Apadanya & Blak-blakan tak seperti motivator konvensional. Thanks Doc insight ny","3865","false","https://www.youtube.com/watch?v=eOwtRnJemrg","7 months ago","0",,"Baru Lulus Udah Pengen Buka Bisnis?","comment","eOwtRnJemrg","1"
"@boultv9667","false","UgycwkHjSLPxMszr6AF4AaABAg","Hatur nuhun dok, hatur nuhun malaka project","3865","false","https://www.youtube.com/watch?v=eOwtRnJemrg","7 months ago","0",,"Baru Lulus Udah Pengen Buka Bisnis?","comment","eOwtRnJemrg","0"
"@bamstr10","false","Ugwjm-RWx1farBMxU6F4AaABAg","Kalo sd gimana dok","3865","false","https://www.youtube.com/watch?v=eOwtRnJemrg","7 months ago","0",,"Baru Lulus Udah Pengen Buka Bisnis?","comment","eOwtRnJemrg","0"
"@kintamcakra21","false","UgyHB1fT_Uxwj4tyES54AaABAg","sm kaya yg dipesenin ortuku

""bapak/ibu cm bs ngasih ilmu, mau seberapa keluar uang lg kere jg bakal di usahain bgt, jgn berharap harta dr bpk/ibu.. ya ada sedikit, tp jgn berharap dr sana, karna bakal abis kalo gk punya ilmu""","3865","false","https://www.youtube.com/watch?v=eOwtRnJemrg","7 months ago","0",,"Baru Lulus Udah Pengen Buka Bisnis?","comment","eOwtRnJemrg","0"
"@agilrahmatfirdaus7231","false","Ugww0ih6lGUR0aprvVt4AaABAg","butuh sub dari bahasa jawa","3865","false","https://www.youtube.com/watch?v=eOwtRnJemrg","8 months ago","0",,"Baru Lulus Udah Pengen Buka Bisnis?","comment","eOwtRnJemrg","0"
"@m.aslamnaufal2085","false","Ugxfe6s2JEnXm5j0JHB4AaABAg","saya smt 3 gabyear setahun,dengan uang hasil kerja nyambi kuliah, Saya membuka sebuah brand baju, dan apa yang di katakan dr tirta sangat"""" arggg sama dengan di lapangan","3865","false","https://www.youtube.com/watch?v=eOwtRnJemrg","8 months ago","0",,"Baru Lulus Udah Pengen Buka Bisnis?","comment","eOwtRnJemrg","1"
"@mrwanoi1511","false","UgzHaQQ8NmKUYxaHjDV4AaABAg","tertampar bgt sama fans liverpool garis keras :) , thanks dok","3865","false","https://www.youtube.com/watch?v=eOwtRnJemrg","8 months ago","0",,"Baru Lulus Udah Pengen Buka Bisnis?","comment","eOwtRnJemrg","1"
"@joddymalfica","false","UgyBAF-9YI0nGVIYf4J4AaABAg","“hajinguk” 🤣🤣","3865","false","https://www.youtube.com/watch?v=eOwtRnJemrg","8 months ago","0",,"Baru Lulus Udah Pengen Buka Bisnis?","comment","eOwtRnJemrg","0"
"@leanweb-id","false","UgwE3yPJZWF84o25ZAt4AaABAg","Jarang motivator yang bahas faktor rezeki atau istilah sekulernya ""keberuntungan"", padahal hal tsb itu adalah salah satu faktor utama orang sukses. Sehebat-hebatnya orang kalau dunia menolak yang dia lakukan, tidak bisa jadi apa2.","3865","false","https://www.youtube.com/watch?v=eOwtRnJemrg","8 months ago","0",,"Baru Lulus Udah Pengen Buka Bisnis?","comment","eOwtRnJemrg","0"
"@pastikurnia9505","false","UgxK4_vZvsm4HU7i_3V4AaABAg","😂kok seneng kalo ngomel2 ya,tapi suka,terima kasih","3865","false","https://www.youtube.com/watch?v=eOwtRnJemrg","8 months ago","0",,"Baru Lulus Udah Pengen Buka Bisnis?","comment","eOwtRnJemrg","0"
"@ezaafr8939","false","UgwBnorde7g8rUGhRHN4AaABAg","Gua belum sukses tapi kalo dilihat orang2 yg sukses itu rata2 merasa cukup dengan yg dipunya dan terus punya tujuan selanjutnya","3865","false","https://www.youtube.com/watch?v=eOwtRnJemrg","8 months ago","0",,"Baru Lulus Udah Pengen Buka Bisnis?","comment","eOwtRnJemrg","0"
"@anakesimak2375","false","UgzcFJEYQpZGM8hg_X54AaABAg","komen ini boleh di bantah ya gaes

bisnis itu semakin banyak gagal semakin banyak ilmu/pengalaman yang kalian miliki, entah itu soal celah atau kegagalan yang lain","3865","false","https://www.youtube.com/watch?v=eOwtRnJemrg","8 months ago","0",,"Baru Lulus Udah Pengen Buka Bisnis?","comment","eOwtRnJemrg","0"
"@Ivan_Adistyann","false","UgzuF5RKUPqn1qvUafZ4AaABAg","""Wluwluwluwluuu""

   - dr.Tirta citot","3865","false","https://www.youtube.com/watch?v=eOwtRnJemrg","8 months ago (edited)","0",,"Baru Lulus Udah Pengen Buka Bisnis?","comment","eOwtRnJemrg","0"
"@mutiarasal__6246","false","Ugx2eHYc3j-NzxeDAV94AaABAg","IPK 3.70 accounting universitas kedibilitas A, priviledge orang tua enterpreneur sangat stabil. Buka bisnis abis lulus, cuma bertahan 1 tahun karena mental ga siap. Menurutku priviledge engga cuma external factors, tapi mental state dengan fondasi yang kuat itu priviledge yang luar biasa.

Setuju banget sama statement dr. Tirta ""Mereka tau sekolah itu bullshit karena mereka sekolah."" Sama banget sama bisnis tanpa mentor, learning by doing is so fucking hard man wkwkwk","3865","false","https://www.youtube.com/watch?v=eOwtRnJemrg","8 months ago (edited)","1",,"Baru Lulus Udah Pengen Buka Bisnis?","comment","eOwtRnJemrg","0"
"@okyachmads","false","UgyH1AFYpQGz2-Kgn2N4AaABAg","Anak umur 24 punya 1T Ya itu beneran ada gak ya","3865","false","https://www.youtube.com/watch?v=eOwtRnJemrg","8 months ago (edited)","0",,"Baru Lulus Udah Pengen Buka Bisnis?","comment","eOwtRnJemrg","0"
"@dholicam3670","false","UgxiDeIJWhDWSkmO_kJ4AaABAg","Financial Liverpool habis ngalahin Madrid gimana dok","3865","false","https://www.youtube.com/watch?v=eOwtRnJemrg","8 months ago (edited)","0",,"Baru Lulus Udah Pengen Buka Bisnis?","comment","eOwtRnJemrg","0"
"@eriksetiawan9942","false","UgyIU5-3iYD_50Oz_mR4AaABAg","23:36 cat lovers dok pie maneh i 😅","3865","false","https://www.youtube.com/watch?v=eOwtRnJemrg","8 months ago","0",,"Baru Lulus Udah Pengen Buka Bisnis?","comment","eOwtRnJemrg","0"
"@mochamadzaynali","false","Ugwp17j2U__hfamtkHl4AaABAg","Ini yang namanya FULL DAGING, di tonton dan dipraktikkan sampai 20 th kedepan masih masuk akal.

Semua kalangan tertampar sm dokter tirta... 🔥","3865","false","https://www.youtube.com/watch?v=eOwtRnJemrg","8 months ago","0",,"Baru Lulus Udah Pengen Buka Bisnis?","comment","eOwtRnJemrg","1"
"@Dennss-y5b","false","Ugy2Ukp8Rr932iXl8K54AaABAg","Dia bilang maaf kalau menyinggung, tapi malah ini yang gua cari buat validasi yang lagi dirasain..... Entah kenapa relate dan sekarang lagi di fase rambut pink, yah semoga bisa lebih paham buat ga ngasi makan ego wkwkw","3865","false","https://www.youtube.com/watch?v=eOwtRnJemrg","8 months ago","0",,"Baru Lulus Udah Pengen Buka Bisnis?","comment","eOwtRnJemrg","0"
"@YusrilAbdulAziz","false","UgzCd4YBR0RWoB8lrBd4AaABAg","Suka banget 🎉","3865","false","https://www.youtube.com/watch?v=eOwtRnJemrg","8 months ago","0",,"Baru Lulus Udah Pengen Buka Bisnis?","comment","eOwtRnJemrg","0"
"@trafalgardmail4811","false","Ugx2eHYc3j-NzxeDAV94AaABAg.APPfmryaYH1APTauguIiH5","Sekelas pizza HUT dikota ku sebulan pertama doang rame nya skrng mulai sepi mana sistem gajinya bagi hasil 60-40 makin org GK minat kerja disitu","3865","false","https://www.youtube.com/watch?v=eOwtRnJemrg","7 months ago","0","Ugx2eHYc3j-NzxeDAV94AaABAg","Baru Lulus Udah Pengen Buka Bisnis?","reply","eOwtRnJemrg","0"
"@suryantosubdirjo9823","false","UgwBUuz8jaTjCNgUEq94AaABAg","Bertahan adalah salah satu cara untuk hidup","3865","false","https://www.youtube.com/watch?v=eOwtRnJemrg","8 months ago","0",,"Baru Lulus Udah Pengen Buka Bisnis?","comment","eOwtRnJemrg","0"
"@dikafirmansyah6779","false","UgzDoUXTFSx4fnpWLvh4AaABAg","Habis lulus jangan langsung buka bisnis kecuali anda anak orang kaya yg punya back up bejibun buat jatuh bangun. Mending kerja dulu sambil cari pengalaman, rasakan pressurenya, pelajari alur produksi dan alur uangnya.
Saya yang abis kuliah langsung berdagang, masih ada rasa nyesel karena tahun2 awal dihabiskan untuk meraba dari nol banget.","3865","false","https://www.youtube.com/watch?v=eOwtRnJemrg","8 months ago","0",,"Baru Lulus Udah Pengen Buka Bisnis?","comment","eOwtRnJemrg","0"
"@estherhalenaohee","false","UgxC00ZCVJ3YAEcw5F14AaABAg","""Arogan kalau pintar, gakpapa""_ Demmmmmmmmmmmmmmmmmm!","3865","false","https://www.youtube.com/watch?v=eOwtRnJemrg","8 months ago","0",,"Baru Lulus Udah Pengen Buka Bisnis?","comment","eOwtRnJemrg","0"
"@anggahendra7569","false","UgygS5coPw1eNaNPubV4AaABAg","Bersyukur banget saya bisa nonton video seperti ini, sedikit cerita saya sedang dalam masa kebingungan yang ga bisa saya selesaikan. Saya seorang mahasiswa akhir semester 7, dengan tidak memiliki tabungan, ortu keduanya tidak ada (ibu meninggal ayah pergi gatau kemana), dan ip pas pas an ga sampe 3.5, pernah kerja part time cuma satu semester dan semester lainnya sedikit mengejar ipk (saya ga pinter pinter amat tapi kuliah nyari beasiswa semenjak ayah pergi) sekarang udah mulai ambil tugas akhir yang insyaallah semester depan lulus, punya hutang keluarga yang luamayan besar juga kalo ga dibayar rumah saya yg jadi taruhan. Sekarang saya sedang bingung sekali harus bagaimana setelah lulus. Namun, thanks buat video ini, karenanya saya tertampar dan tau apa yang harus saya lakukan yaitu kerja, kerja sekeras mungkin karena bagaimanapun hanya itu yang bisa dilakuin, dan makasih lagi, 'jangan buru buru nikah' jadi kata pamungkas juga buat saya. Terima Kasih Malaka buat konten yang sebagus ini","3865","false","https://www.youtube.com/watch?v=eOwtRnJemrg","8 months ago","0",,"Baru Lulus Udah Pengen Buka Bisnis?","comment","eOwtRnJemrg","2"
"@sukmaendriyanto655","false","Ugw0x0QPhfWoOBXk-Vx4AaABAg","mantap dok... suka dgn gayamu yg ceplas ceplos tp jujur adanya","3865","false","https://www.youtube.com/watch?v=eOwtRnJemrg","8 months ago","0",,"Baru Lulus Udah Pengen Buka Bisnis?","comment","eOwtRnJemrg","0"
"@sukubussuku3845","false","UgxI3JB0Wnx5sEzwiwF4AaABAg","beliau memang mentor yang sangat best.. udh dikasih ilmu, kesadaran, pemahaman, dan gimmick organik menjadi sebuah kombinasi yang perfectt, terima kasih Dr. Tirta dan MALAKA 🙏","3865","false","https://www.youtube.com/watch?v=eOwtRnJemrg","8 months ago (edited)","0",,"Baru Lulus Udah Pengen Buka Bisnis?","comment","eOwtRnJemrg","0"
"@Monzargh","false","UgyMPEsImW2ezqogZdt4AaABAg","Pelit medit 😂😂😂😂","3865","false","https://www.youtube.com/watch?v=eOwtRnJemrg","8 months ago","0",,"Baru Lulus Udah Pengen Buka Bisnis?","comment","eOwtRnJemrg","0"
"@ninocikoci","false","UgyriL64E45Nk9VmrVx4AaABAg","Cara duduknya pak dokter😅. 
Semangat terus Pak! 
Semoga ilmunya bikin orang-orang awam jadi semakin kritis!","3865","false","https://www.youtube.com/watch?v=eOwtRnJemrg","8 months ago","0",,"Baru Lulus Udah Pengen Buka Bisnis?","comment","eOwtRnJemrg","0"
"@rohyatizahra472","false","UgwW9sKxwhqONkpzyL14AaABAg","Serius tapi dpt enjonya mak kasih dr tirta atas nasehatnya dan ilmunya😊","3865","false","https://www.youtube.com/watch?v=eOwtRnJemrg","8 months ago","0",,"Baru Lulus Udah Pengen Buka Bisnis?","comment","eOwtRnJemrg","1"
"@excelindokrisnaputra4493","false","Ugw3xO8Aun3oHzKQoPd4AaABAg","Dok, kapal selam itu diesel elektrik 😂","3865","false","https://www.youtube.com/watch?v=eOwtRnJemrg","8 months ago","0",,"Baru Lulus Udah Pengen Buka Bisnis?","comment","eOwtRnJemrg","0"
"@zxuagskwgl","false","UgzMv-g_u8Fkz0u_Gvl4AaABAg","maturnuwun dokter Tirta, daging semua, luar biasa. di ""Indonesia adalah negara realistis"".","3865","false","https://www.youtube.com/watch?v=eOwtRnJemrg","8 months ago","0",,"Baru Lulus Udah Pengen Buka Bisnis?","comment","eOwtRnJemrg","0"
"@aditk8886","false","UgxlJBMYvgRNeoCbQp14AaABAg","Mobil pertama saya pakai uang sendiri murni di usia 27th di harga 150jt ditahun 2011.. rumah senilai 750jt pertama saya diusia 35tahun.. berat boss hidup.. 

Yg gw pusing pensiun pakai uang siapa? Investasi.. duit ku habis boss.. 

Investasi miliaran biar pensiun tenang.. duit siapa wkwkw","3865","false","https://www.youtube.com/watch?v=eOwtRnJemrg","8 months ago","0",,"Baru Lulus Udah Pengen Buka Bisnis?","comment","eOwtRnJemrg","0"
"@MDA_SPORT","false","Ugz8_CTN9cq9TmUpod14AaABAg","Ijin ambil vidionya buat gua bikin vidio short bg🙏 boleh Ndak kira²?","3865","false","https://www.youtube.com/watch?v=eOwtRnJemrg","8 months ago","0",,"Baru Lulus Udah Pengen Buka Bisnis?","comment","eOwtRnJemrg","0"
"@regkaregkgading5281","false","UgyhnhSScVLzO1Js5TB4AaABAg","Pak saya cuman bilang di umur dari 20-25 kita bukan nya tidak bisa punya uang 1M kalo difikir sih bener tpi kita bisa buat motivasi kita sendiri untuk patokan kita bekerja berusaha untuk lebih maju","3865","false","https://www.youtube.com/watch?v=eOwtRnJemrg","8 months ago (edited)","0",,"Baru Lulus Udah Pengen Buka Bisnis?","comment","eOwtRnJemrg","1"
"@hafispratama3821","false","Ugw668vjDwzs8hP9DtJ4AaABAg","haii, aku adalah calon dokter yang sekarang sudah di  jenjang koaas, dan aku juga bukan terlahir dari keluarga kaya raya, bahkan saat pre klinik aku kerja sampingan dengan musik, editing dan vidiography yang kupelajari saat SMA untuk membeli sesuatu yang kuinginkan, dan aku ingin menjadi seorang pengusaha agar aku tidak mencari uang dari profesi dokter dan bisa menolong banyak orang di pedalaman tanpa meminta biaya pengobatan sepeserpun, karena hidupku  sudah terpenuhi dari usaha ku, dan itu adalah mimpi ku, karena aku suka terjun kelapangan dan bermanfaat untuk orang lain, daripada kalian bingung mau menulis apa di kolom komentar dari konten yang sedikit membantu kalian meraih apa yang kalian inginkan, ayo tulis juga apa mimpi kalian bersama ku","3865","false","https://www.youtube.com/watch?v=eOwtRnJemrg","8 months ago","1",,"Baru Lulus Udah Pengen Buka Bisnis?","comment","eOwtRnJemrg","2"
"@ferryvideo","false","UgxKZMCnwc476gAfuyp4AaABAg","mantap.. content yang sangat bermanfaat.. Terimakasih dok","3865","false","https://www.youtube.com/watch?v=eOwtRnJemrg","8 months ago","0",,"Baru Lulus Udah Pengen Buka Bisnis?","comment","eOwtRnJemrg","0"
"@gamemobile3078","false","UgzbRchPti712X7t9C94AaABAg","Bener bang, kita disajikan 2 pilihan yaitu uang atau *waktu*.

Saya ijin sharing aja ya bg, dulu waktu sy kls 2 smp ikut
 partime. Sehari kerja 9 jam, dibayar 40rb. Ya karena waktu dulu lagi butuh, nah gw ambil tuh. Sampe kelas 3 smp baru gw mikir ""nuker waktu seharian demi dapat uang 40rb, kok kayaknya kurang relevan, toh ortu masih sanggup nanggung"".
Jadi akhirnya saya milih waktu nih daripada partime. Waktu tuh mahal loh, bisa ngapain aja. Bisa bangun otak dan otot, ya karena investasi orang berduit aja otak dan kesehatan.

Tapi yg gw agak gimana gitu bg, waktu ada duit lalu beli hp, emas juga Alhamdulillah 2g.
Tapi gara² beli hp baru ini, jadi makin susah lawan diri sendiri, keasikan push rank😂

Oya faktor lucky itu emang sebrutal itu bg, orang yang tau bisnis digital pertama, itu dia orang paling untung. Jual²in e-book, dan jadi yang paling terkenal duluan. Kalian yang mau ikut bisnis digital udah tersaingi ama mereka, jadi susah bersaing.
Dah cukup itu aja yang mau ku sampaikan, thanks.","3865","false","https://www.youtube.com/watch?v=eOwtRnJemrg","8 months ago","0",,"Baru Lulus Udah Pengen Buka Bisnis?","comment","eOwtRnJemrg","1"
"@rickyramadhan3889","false","Ugw2G16wmpgBJ9oMuLN4AaABAg","Malu aku Cok komen mau berbisnis padahal Mash mines","3865","false","https://www.youtube.com/watch?v=eOwtRnJemrg","8 months ago","0",,"Baru Lulus Udah Pengen Buka Bisnis?","comment","eOwtRnJemrg","0"
"@khoerullisan5342","false","Ugy8Wi4M9msngR_sM2h4AaABAg","video ini harus diulang setiap bulan. terimakasih malaka team dan dr.tirta","3865","false","https://www.youtube.com/watch?v=eOwtRnJemrg","8 months ago","0",,"Baru Lulus Udah Pengen Buka Bisnis?","comment","eOwtRnJemrg","0"
"@nurulluthfiana2783","false","UgwP8xXWTLatT1RaDNh4AaABAg","Hai Tim Malaka, sehat selalu tim. Terima kasih buat sharing ilmunya.","3865","false","https://www.youtube.com/watch?v=eOwtRnJemrg","8 months ago","0",,"Baru Lulus Udah Pengen Buka Bisnis?","comment","eOwtRnJemrg","0"
"@iqbldwi3099","false","Ugw668vjDwzs8hP9DtJ4AaABAg.APIp-ep2LH0APKM9oQPE6V","mantapp dokk. terimakasih atas cerita hebatnya!!","3865","false","https://www.youtube.com/watch?v=eOwtRnJemrg","8 months ago","0","Ugw668vjDwzs8hP9DtJ4AaABAg","Baru Lulus Udah Pengen Buka Bisnis?","reply","eOwtRnJemrg","0"
"@valeiro147","false","UgxJEo7f6hDvIyA0xHF4AaABAg","Kaya dan Bermanfaat Pak Dokter!!!","3865","false","https://www.youtube.com/watch?v=eOwtRnJemrg","8 months ago","0",,"Baru Lulus Udah Pengen Buka Bisnis?","comment","eOwtRnJemrg","0"
"@pakdepirman4162","false","Ugxom8tF5u0Bekc6-d94AaABAg","Terima kasih banyak untuk edukasi nya Pak dokter 🙏 menjadi amal ibadah dan amal kebaikan panjenengan sekeluarga 🤲 aamiin","3865","false","https://www.youtube.com/watch?v=eOwtRnJemrg","8 months ago","0",,"Baru Lulus Udah Pengen Buka Bisnis?","comment","eOwtRnJemrg","0"
"@galihtresnaputra7655","false","UgzXUVfM4fkF2yH66YB4AaABAg","Tidakkk","3865","false","https://www.youtube.com/watch?v=eOwtRnJemrg","8 months ago","0",,"Baru Lulus Udah Pengen Buka Bisnis?","comment","eOwtRnJemrg","0"
"@ferdiemvira","false","Ugz2g90u_hSZIv1XwjJ4AaABAg","Bagus dok penyampaiannya gamblang, jujur dan menghibur. 

Tapi kenapa ujung2nya malah bahas nikah?😅Kayaknya itu dibahas disesi terpisah deh dok. Soalnya kalau ngandalin ilmu, skill, mental & ekonomi harus nunda menikah lah kalo jodoh sudah ketemu piye?. dibiarin gitu nikah ama orglain yg lebih mapan?. ketemu lagi biarin lagi, gitu terus ampe bangkotan. LOVE itu ada frekwensinya bukan??, ada getarannya. Gak semua orang memang dapat kesempatan itu, tapi pasti adalah org yg pas nemu ""oh kayaknya dia nih dari sekian pria/wanita yg datang ngedeketin"", walau chance nya dikit. Belum lagi ada 1 faktor yg gak kalah pentingnya = umur. Umur itu jalan terus kan dok?.. Punya anak juga ada hitung2annya, monggo misal mau nikah umur 40th. Trus anak lahir diumur 40th juga, lah kalo anak masuk kuliah itu anda kan udah diumur 58th. Katakan kuliahnya on time 4th, berarti usia 58-61th. Pertanyaannya: apa masih kuat umur segitu utk bekerja membiayai anak masih kuliah?..wong ASN aja pensiun umur 58 lo.. pemuda jaman now usia 30an aja ada yg kena diabetes karna boba, cuci darah, stroke, dsb.

Faktor Luck. maaf dok harus disagree, kalau dalam Islam, faktor luck itu ga ada. Itu bagian dari budaya atau kultur tertentu aja. Di Islam faktor bekerja, usaha, skill, mental itu ada, cuma sekitar 50%, sisanya seizin Allah. Kalo Allah gak ngizinin ya mau secakep/sekaya apapun ya kalo ga jodoh ya ga akan nikah. Ada toh orang yg ikut lomba lari udah usaha sedemikian rupa tapi ternyata dia harus juara 2 atau 3, entah karena jurinya curang, dia keseleo, kram betis, terpeleset, kedistrak cewek bohay dikursi penonton, dsb. Juara 1 cuma utk 1 orang kan?. Gak bisa 2 org naik 1 podium sekaligus.. tapi, semua ada gilirannya masing2 seperti yg dok bilang tentang Liverpool.","3865","false","https://www.youtube.com/watch?v=eOwtRnJemrg","8 months ago (edited)","0",,"Baru Lulus Udah Pengen Buka Bisnis?","comment","eOwtRnJemrg","0"
"@gudbook17","false","UgwAetLb_cHl-I3rMI94AaABAg","😂😂ngakak klo pas ngomel ngomel, tapi jadi sadar sih .","3865","false","https://www.youtube.com/watch?v=eOwtRnJemrg","8 months ago","0",,"Baru Lulus Udah Pengen Buka Bisnis?","comment","eOwtRnJemrg","0"
"@tobibowo","false","Ugxz2Pj21ogJGBXm51F4AaABAg","1 kata , NGACA 😂 itu ada motivator lo kek gitu","3865","false","https://www.youtube.com/watch?v=eOwtRnJemrg","8 months ago","0",,"Baru Lulus Udah Pengen Buka Bisnis?","comment","eOwtRnJemrg","0"
"@Alut-w3z","false","UgyoF0gx-flUcv3O3Kx4AaABAg","Baru sma dok.","3865","false","https://www.youtube.com/watch?v=eOwtRnJemrg","8 months ago","0",,"Baru Lulus Udah Pengen Buka Bisnis?","comment","eOwtRnJemrg","0"
"@Ehsan_Rafique","false","UgwpBeavPbgOOC287qx4AaABAg","👍👍👍","3865","false","https://www.youtube.com/watch?v=eOwtRnJemrg","8 months ago","0",,"Baru Lulus Udah Pengen Buka Bisnis?","comment","eOwtRnJemrg","0"
"@Sagung-n4m","false","UgwJvzR7Bze5FxKcY5N4AaABAg","Setuju👍 dok. Semuanya😅","3865","false","https://www.youtube.com/watch?v=eOwtRnJemrg","8 months ago","0",,"Baru Lulus Udah Pengen Buka Bisnis?","comment","eOwtRnJemrg","0"
"@iankayaknya","false","Ugw7e0_fEv4HKwlphyt4AaABAg","terimakasih dok🙏🙏","3865","false","https://www.youtube.com/watch?v=eOwtRnJemrg","8 months ago","0",,"Baru Lulus Udah Pengen Buka Bisnis?","comment","eOwtRnJemrg","0"
"@RadenPhoneservice","false","UgyEBrjOmdCVQjuSQ9B4AaABAg","ajib dok kena tamparan dokter tirta sampe sadar makasih dok","3865","false","https://www.youtube.com/watch?v=eOwtRnJemrg","8 months ago","0",,"Baru Lulus Udah Pengen Buka Bisnis?","comment","eOwtRnJemrg","0"
"@EkoSumarno","false","UgzMqnz1iPQT9WzRpeJ4AaABAg","Klosinge ndadak watok barang...
ndlogok tenan i 😂","3865","false","https://www.youtube.com/watch?v=eOwtRnJemrg","8 months ago","0",,"Baru Lulus Udah Pengen Buka Bisnis?","comment","eOwtRnJemrg","0"
"@nitapujirahayu2864","false","UgyvoRQeMg384dIt8_B4AaABAg","Fakta semua yg disampaikan 😅... pengusaha bertarung dengan ketidakpastian..","3865","false","https://www.youtube.com/watch?v=eOwtRnJemrg","8 months ago","0",,"Baru Lulus Udah Pengen Buka Bisnis?","comment","eOwtRnJemrg","0"
"@neilanizzata","false","UgzkmeuS0OmCK8bSckJ4AaABAg","Thank you wejangan 1AM nya dok, sangat membantu untuk merekonstruksi otak di early morning buat saya yang susah tidur.","3865","false","https://www.youtube.com/watch?v=eOwtRnJemrg","8 months ago","0",,"Baru Lulus Udah Pengen Buka Bisnis?","comment","eOwtRnJemrg","0"
"@IlviNuraini","false","Ugyl19yr7GHstUOdgpJ4AaABAg","Bener banget apa yang dibilang oleh dr. Tirta.
Saya punya perjalanan hidup dr nol hingga punya 300jt dalam 2 tahun kerja (privilage bukan sandwich generation). yg pertama gapunya apa"" baru lulus kuliah yg pertama memang harus kerja apapun yg penting dapet duit dan bisa nerima kita dr freelance selama 3-4 bulan jd surveyor di dinas"" terkait sambil ambil pendekatan barangkali ada pekerjaan yg lain. lanjut bekerja di konsultan yg cross dengan background pendidikan sambil cari"" pekerjaan yg lebih bagus. 2 bulan tiba"" dari Dinas hubungin saya karena kinerja saya pas magang dulu bagus  pas semester 5 jadi ditawarkan untuk menjadi tenaga ahli. selang 1-2 bulan saya diterima kerja di BUMN Semarang alhamdulillah dan dr pihak dinas dr awal  berpesan bebas untuk ikut recruitment untuk lebih baik pada status kerja. Alhamdulillah bekerja 5 bulan ikut lomba antar BUMN sehingga dilirik oleh dirut atas kemampuan bekerja dan promosi perusahaan. Selang setahun bekerja tahun di BUMN saya dapat penugasan dr dirut untuk ke holding/induk BUMN Jkt sehingga dapat tunjangan khusus yang bisa menambah tabungan. Setelah setahun setelah balik penugasan surah dpt tabungan banyak. Jangan stop disitu, tabungan masukin di pasar uang atau invest emas dll dan baru mulai cari"" usaha.

Tips (kalo gaada duit jangan maksain demi gengsi. Kalo bisa frugal living frugal aja dulu. kalo duit udah 3 digit baru bisa hidup normal tapi sewajarnya. Mending dikira miskin tapi banyak duit dr pada dikira punya duit ternyata miskin).
Privilage (lulusan dari 3 Top Unniv Indo, Bisa Kerja Lintas Bidang)","3865","false","https://www.youtube.com/watch?v=eOwtRnJemrg","8 months ago (edited)","0",,"Baru Lulus Udah Pengen Buka Bisnis?","comment","eOwtRnJemrg","0"
"@rentech8560","false","Ugx03DKP2TTBFGA4hLJ4AaABAg","Gila daging semua isinya","3865","false","https://www.youtube.com/watch?v=eOwtRnJemrg","8 months ago","0",,"Baru Lulus Udah Pengen Buka Bisnis?","comment","eOwtRnJemrg","0"
"@SyiarProperti","false","UgyuisCQjVz4jToBn-p4AaABAg","Dr tirta sadar pernah keliru ..menyampaikan apa adanya itu mahal","3865","false","https://www.youtube.com/watch?v=eOwtRnJemrg","8 months ago","0",,"Baru Lulus Udah Pengen Buka Bisnis?","comment","eOwtRnJemrg","0"
"@mokhamadarifin1628","false","UgwNMv93bWfQ4Q3VMtZ4AaABAg","Saya tidak punya privilage, kuliah di kampus kecil swasta ipk 3 pas tapi ijazah sampai sekarang belum pernah masuk ke perusahaan.

Saya bekerja dibidang profesional bermodalkan ijazah smk, dan bisa saving 50-100jt/tahun. Saya berumur 26tahun, pengalaman kerja 7 tahun, saving termasuk ada. Tapi saya bermental kecil untuk usaha/bisnis. Karena saya sudah tau bagaimana cara kerja bisnis berjalan, apa saja resiko dan pusingnya. Dan saya lebih memilih jadi freelancer multi company sebagai pemasukan tetap, dan saya belajar mengolah uang dan asset menjadi sampingan. Belajar bagaimana berinvestasi di saham, crypto, emas, tanah. Ga perlu banyak yang penting bisa terus tumbuh. Jangan gambling, kadang berfikir untuk membuka usaha/bisnis tapi saya belum siap mental dengan segala resikonya. Legalitas di +62, oknum, leadership team, finansial, persaingan pasar, tanggungjawab beban mental menanggung tenaga kerja.

- sekian 😊","3865","false","https://www.youtube.com/watch?v=eOwtRnJemrg","8 months ago","0",,"Baru Lulus Udah Pengen Buka Bisnis?","comment","eOwtRnJemrg","1"
"@tomiadi5360","false","UgxmPOBmalAs24je0Hl4AaABAg","Milenial, AS old as dr tirta, had been working for 12 years. Percayalah yang dikatakan dr tirta bener, bahkan sak  pisuh pisuh ane","3865","false","https://www.youtube.com/watch?v=eOwtRnJemrg","8 months ago","0",,"Baru Lulus Udah Pengen Buka Bisnis?","comment","eOwtRnJemrg","0"
"@RadenMadrib","false","UgzqBjJQfnaWkgTKh7Z4AaABAg","Aku arek suroboyo bro simpel hidup itu lur gak S1 S2 S3 prof doktor sekalipun klu tdk bergaul sm pebisnis  percuma koyok kadal tibo soko atap genteng lur sing penting per kaya dengan pengalaman yakin dan berani. Berperilaku yg baik sesama teman.jng punya sifat iri dengki dan pelit .modal nomer 29 nanti dtg sendiri.alloh maha kaya harus sll banyak bersyukur tiap detik.pasti alloh mengabulkan ucapanmu lur.teori jauh dari pada prakteknya.kecuali kaya warisan beda lg.intinya konci hidup sukses.....sll sadar diri sll tenang sll senang .lambemu iku lur dadi emas.smg pesan iki dadi mamfa.at amin...","3865","false","https://www.youtube.com/watch?v=eOwtRnJemrg","8 months ago","0",,"Baru Lulus Udah Pengen Buka Bisnis?","comment","eOwtRnJemrg","0"
"@DhimasWim","false","UgyS4CynoRa62uOFd_54AaABAg","29:22 - 29:27 Aku jadi realistis yang baik Aamiin.🙏","3865","false","https://www.youtube.com/watch?v=eOwtRnJemrg","8 months ago","0",,"Baru Lulus Udah Pengen Buka Bisnis?","comment","eOwtRnJemrg","0"
"@debbydebby4544","false","UgwKXdedOC-SK1KwFoJ4AaABAg","Share materi yg luar biasa... And ditutup dengan... Keselek 😂","3865","false","https://www.youtube.com/watch?v=eOwtRnJemrg","8 months ago","0",,"Baru Lulus Udah Pengen Buka Bisnis?","comment","eOwtRnJemrg","0"
"@Franco_X6","false","Ugyxhy2-VeBSVdnaM3N4AaABAg","Glory glory man united🎉🎉","3865","false","https://www.youtube.com/watch?v=eOwtRnJemrg","8 months ago","0",,"Baru Lulus Udah Pengen Buka Bisnis?","comment","eOwtRnJemrg","0"
"@EnyApriyanti-t7t","false","UgzuA22ARK4Mq9zOqkd4AaABAg","Menjelaskan dengan cara simple, realistis dan gaya yg sangat Soft Spoken.. Mantab","3865","false","https://www.youtube.com/watch?v=eOwtRnJemrg","8 months ago","0",,"Baru Lulus Udah Pengen Buka Bisnis?","comment","eOwtRnJemrg","0"
"@Kancutiron","false","UgwrfpSIlrO1Tzc0VTl4AaABAg","BACoooot……","3865","false","https://www.youtube.com/watch?v=eOwtRnJemrg","8 months ago (edited)","0",,"Baru Lulus Udah Pengen Buka Bisnis?","comment","eOwtRnJemrg","0"
"@Jolla31","false","UgwCy1IWJ5noAjAjBMd4AaABAg","Makasih dok di tengah gonjang ganjing tekanan society dan ovt diingetin ttg hal realistis","3865","false","https://www.youtube.com/watch?v=eOwtRnJemrg","8 months ago","0",,"Baru Lulus Udah Pengen Buka Bisnis?","comment","eOwtRnJemrg","0"
"@MohamadZaki-zo2vn","false","UgwxRaOYeJR409BmZpF4AaABAg","Salfok sama kemeja yang dipakai dr tirta mungkin ada yang tahu merk nya? 😂","3865","false","https://www.youtube.com/watch?v=eOwtRnJemrg","8 months ago","0",,"Baru Lulus Udah Pengen Buka Bisnis?","comment","eOwtRnJemrg","0"
"@budiaphin3922","false","Ugzx8Em2dJml_qkchIh4AaABAg","Luck itu adalah preparations meet opportunity","3865","false","https://www.youtube.com/watch?v=eOwtRnJemrg","8 months ago","1",,"Baru Lulus Udah Pengen Buka Bisnis?","comment","eOwtRnJemrg","0"
"@nalendrawicaksono1229","false","Ugykw0CJwvGBJ_NezCN4AaABAg","saya butuh omongan dr tirta lagi","3865","false","https://www.youtube.com/watch?v=eOwtRnJemrg","8 months ago","0",,"Baru Lulus Udah Pengen Buka Bisnis?","comment","eOwtRnJemrg","0"
"@muhammadrasya9888","false","UgyAZ0FQcQd6gZWn6Ht4AaABAg","29:38 gagal sigma dok","3865","false","https://www.youtube.com/watch?v=eOwtRnJemrg","8 months ago","0",,"Baru Lulus Udah Pengen Buka Bisnis?","comment","eOwtRnJemrg","1"
"@maulanawidyatama936","false","Ugx0dtnQ0hV-6Wy7eRZ4AaABAg","Doc btw sekarang kualitas IPK juga beda sama dulu, dulu dapet 3 keknya pro banget sekarang dapet 3 gampang banget malah aneh kalo mahasiswa ga dapet IPK 3 minimal jaman now","3865","false","https://www.youtube.com/watch?v=eOwtRnJemrg","8 months ago","0",,"Baru Lulus Udah Pengen Buka Bisnis?","comment","eOwtRnJemrg","0"
"@BangTaniSawit","false","UgzGw7YOULnoboSr8HN4AaABAg","Alasanya buat menjadi manusia bermanfaat","3865","false","https://www.youtube.com/watch?v=eOwtRnJemrg","8 months ago","0",,"Baru Lulus Udah Pengen Buka Bisnis?","comment","eOwtRnJemrg","0"
"@adi_pradana14","false","Ugwn_7mxi6OEmGt5h2h4AaABAg","Kata Socrates ""Gnothi Seauton Kai Meden Agan"", Kenalilah dirimu sendiri, dan Jangan berlebihan.","3865","false","https://www.youtube.com/watch?v=eOwtRnJemrg","8 months ago","0",,"Baru Lulus Udah Pengen Buka Bisnis?","comment","eOwtRnJemrg","0"
"@indracahyono9021","false","UgwTxI96f5mquKzOHgZ4AaABAg","Ngakak cokkk😂","3865","false","https://www.youtube.com/watch?v=eOwtRnJemrg","8 months ago","0",,"Baru Lulus Udah Pengen Buka Bisnis?","comment","eOwtRnJemrg","0"
"@yopiebrian7742","false","UgxIkpibNRvb6Jfa0o94AaABAg","Sekarang gue sadar, gue terlalu banyak bantu orang lain, tetapi orang² yang gue bantu tidak pernah ada bantu gue. And ketika kita jatih dan terpuruk, orang yang menginjak kita justru orang yang kita bantu","3865","false","https://www.youtube.com/watch?v=eOwtRnJemrg","8 months ago","0",,"Baru Lulus Udah Pengen Buka Bisnis?","comment","eOwtRnJemrg","0"
"@likebeom15","false","UgziFSXQp5vMXscta2p4AaABAg","Buka usaha kalo modal pas2an mending mundur dulu. Jangan habisin semua uangmu untuk buka usaha baru tanpa ada dana cadangan atau pemasukan lain. Karena nggak semua orang beruntung, nggak semua usaha langsung jalan.","3865","false","https://www.youtube.com/watch?v=eOwtRnJemrg","8 months ago","0",,"Baru Lulus Udah Pengen Buka Bisnis?","comment","eOwtRnJemrg","1"
"@HIPKA0501","false","UgwCAtZLgqZwvsTfN0x4AaABAg","Thanks banget dok","3865","false","https://www.youtube.com/watch?v=eOwtRnJemrg","8 months ago","0",,"Baru Lulus Udah Pengen Buka Bisnis?","comment","eOwtRnJemrg","0"
"@muhammadhimamawali8131","false","UgytuEOUSUtIEalX1Nl4AaABAg","""Di negara yang bersikap realistis, kita harus realistis"" sama dok, saya berasal dari jurusan yang prospek kurang bagus. Setelah wisuda (2024) saya mencoba peluang untuk belajar mandarin, singkat cerita sekarang saya lanjut studi di Tiongkok pada Teknik Metalurgi.","3865","false","https://www.youtube.com/watch?v=eOwtRnJemrg","8 months ago","1",,"Baru Lulus Udah Pengen Buka Bisnis?","comment","eOwtRnJemrg","0"
"@alvonsuspandu1116","false","UgzvTK4j3k97VIGumOR4AaABAg","BAHAHAHAHAHA... ini to the point makjlebb, dark berbalut humor, full ilmu.. orang ini harus kita lestarikan.. semangat terus dokk..","3865","false","https://www.youtube.com/watch?v=eOwtRnJemrg","8 months ago","0",,"Baru Lulus Udah Pengen Buka Bisnis?","comment","eOwtRnJemrg","0"
"@aidilkatanye2530","false","Ugz0T99ReWE3T6_wqEh4AaABAg","Mau nanya  tapi gak salah kan dok nargetin kayak umur 26harus ada ini itu","3865","false","https://www.youtube.com/watch?v=eOwtRnJemrg","8 months ago","0",,"Baru Lulus Udah Pengen Buka Bisnis?","comment","eOwtRnJemrg","0"
"@yosepmukti1","false","Ugzx8Em2dJml_qkchIh4AaABAg.APBbSGM0Yq5AP_l-PMj6hb","Ora boss","3865","false","https://www.youtube.com/watch?v=eOwtRnJemrg","7 months ago","0","Ugzx8Em2dJml_qkchIh4AaABAg","Baru Lulus Udah Pengen Buka Bisnis?","reply","eOwtRnJemrg","1"
"@arfiyuzar8","false","UgytuEOUSUtIEalX1Nl4AaABAg.AP99qov9cczAPSvmtfbFqX","Keren bray gua lulusan akuntansi tapi belok jadi tukang bengkel dulu","3865","false","https://www.youtube.com/watch?v=eOwtRnJemrg","7 months ago","0","UgytuEOUSUtIEalX1Nl4AaABAg","Baru Lulus Udah Pengen Buka Bisnis?","reply","eOwtRnJemrg","0"
"@madukorofarm","false","Ugwo4-oAOIGu3rXXa9l4AaABAg","Jd pengusaha btuh keberanian, pandai tangkap peluang, meski bisa d bilang saya pemalas tp sy punya keberanian hasil dari TKI brsama istri 350 jt sy buat modal usaha smua tdk bgn rmh, tdk beli mobil dll.. Alhamdulillah dlm 5 thn aset jadi 1, 3  M penghasilah 40 jt perbulan mski bgitu saya ttap hdp sprti org biasa mau beli martabak 30 rb aja msih mkir... 😂😂","3865","false","https://www.youtube.com/watch?v=eOwtRnJemrg","8 months ago","0",,"Baru Lulus Udah Pengen Buka Bisnis?","comment","eOwtRnJemrg","0"
"@Seljasamperante","false","UgwsndidabRsZpHcsWt4AaABAg","Kearifan local swasembada","3865","false","https://www.youtube.com/watch?v=eOwtRnJemrg","8 months ago","0",,"Baru Lulus Udah Pengen Buka Bisnis?","comment","eOwtRnJemrg","0"
"@Lempongdux","false","Ugxej3LW9clMnPtSx9x4AaABAg","Setuju, menuju finansial stable itu jalan nya panjang. 
Sangkin panjang nya kadang umur ga cukup dan mati di tengah-tengah proses, dengan kata lain ga pernah menyicipi finansial stable seumur hidup","3865","false","https://www.youtube.com/watch?v=eOwtRnJemrg","8 months ago","0",,"Baru Lulus Udah Pengen Buka Bisnis?","comment","eOwtRnJemrg","0"
"@suryantochanel3584","false","UgytFP6ou0s5CDykksF4AaABAg","alasan berbisnis ada untuk bertahan  untuk survival","3865","false","https://www.youtube.com/watch?v=eOwtRnJemrg","8 months ago","0",,"Baru Lulus Udah Pengen Buka Bisnis?","comment","eOwtRnJemrg","0"
"@abuhalwa1139","false","Ugy-cRK4NiSO-XapKl14AaABAg","soft spoken sekali dok 😁","3865","false","https://www.youtube.com/watch?v=eOwtRnJemrg","8 months ago","0",,"Baru Lulus Udah Pengen Buka Bisnis?","comment","eOwtRnJemrg","0"
"@axemmagroup6661","false","UgyKauZLc01dYzGbed94AaABAg","1. tidak
2. tidak
3. ipk 3.2, penglaman kerja 13 tahun (kerja dari lulusan smk, kuliah sambil kerja dari mulai d3 sampe s1)","3865","false","https://www.youtube.com/watch?v=eOwtRnJemrg","8 months ago","0",,"Baru Lulus Udah Pengen Buka Bisnis?","comment","eOwtRnJemrg","0"
"@di2kful","false","UgxHOODDdw_1M8JAhyp4AaABAg","idealism kopong kalo soal uang, Anda boleh idealis kalo sudah tidak miskin
karena Anda hidup dinegara yang sangat realistis
Damn-kecemplung dinegara yang ga tepat","3865","false","https://www.youtube.com/watch?v=eOwtRnJemrg","8 months ago","0",,"Baru Lulus Udah Pengen Buka Bisnis?","comment","eOwtRnJemrg","0"
"@5bersaudara505","false","UgyQS42LTW_l6Algznp4AaABAg","Sy bedagang karena suka kebebasan..bisa melakukan segala inspirasi...sy dagang gak modal bro...aset baru 3 M..sy dagang hanya bermodal kepercayaan...sy murni dari 0.. ibu bapak sudah meninggal...namun sy tidak terlalu edial...yg sy pelajari dimana dia bertahan dan tekun dalam bisnis maka disitulah kita akan menang...hal yang terbaik adalah uang itu harus berputar ...selama kamu bisa terus memutar uangmu maka akan survive...usaha utama sudah berjalan...lalu merintis usaha lain...usaha baru dari nol...mulai menemui titik temu...intinya tekun, bersabar, kerjakeras,  jangan pernah menyerah","3865","false","https://www.youtube.com/watch?v=eOwtRnJemrg","8 months ago (edited)","0",,"Baru Lulus Udah Pengen Buka Bisnis?","comment","eOwtRnJemrg","0"
"@JadeNaufal","false","UgzcrRL3tkYXJKBygmJ4AaABAg","22.18","3865","false","https://www.youtube.com/watch?v=eOwtRnJemrg","8 months ago","0",,"Baru Lulus Udah Pengen Buka Bisnis?","comment","eOwtRnJemrg","0"
"@benqzwij","false","Ugx3o5dCrMTqpNlVPQF4AaABAg","Ini baru bener 👍😊","3865","false","https://www.youtube.com/watch?v=eOwtRnJemrg","8 months ago","0",,"Baru Lulus Udah Pengen Buka Bisnis?","comment","eOwtRnJemrg","0"
"@ArifNurhayadi","false","UgwTg70eJb1PXkXVbB54AaABAg","Cukup buat kebutuhan sehari2 aja","3865","false","https://www.youtube.com/watch?v=eOwtRnJemrg","8 months ago","0",,"Baru Lulus Udah Pengen Buka Bisnis?","comment","eOwtRnJemrg","0"
"@dedehasanibrahimy4679","false","Ugy7hBMonJukKP_QMm94AaABAg","😂wes kadung remok dok...😅","3865","false","https://www.youtube.com/watch?v=eOwtRnJemrg","8 months ago","0",,"Baru Lulus Udah Pengen Buka Bisnis?","comment","eOwtRnJemrg","0"
"@dedehasanibrahimy4679","false","UgxTLVRpIk59NYk9uFh4AaABAg","😂wes kadung remok dok...😅","3865","false","https://www.youtube.com/watch?v=eOwtRnJemrg","8 months ago","0",,"Baru Lulus Udah Pengen Buka Bisnis?","comment","eOwtRnJemrg","0"
"@dedehasanibrahimy4679","false","UgyWuXAO2o-x-he-YZ94AaABAg","😂wes kadung remok dok... Cuma nunggu luck ajjah😅","3865","false","https://www.youtube.com/watch?v=eOwtRnJemrg","8 months ago","0",,"Baru Lulus Udah Pengen Buka Bisnis?","comment","eOwtRnJemrg","0"
"@dedehasanibrahimy4679","false","UgxZOzYH8PDCeevq9BZ4AaABAg","😂wes kadung remok dok... Cuma nunggu luck ajjah😅","3865","false","https://www.youtube.com/watch?v=eOwtRnJemrg","8 months ago","0",,"Baru Lulus Udah Pengen Buka Bisnis?","comment","eOwtRnJemrg","0"
"@fazrienbyotas4112","false","Ugy_EijfoF6xAbMKyg54AaABAg","Terimakasih pa dokter tirta atas masukan nya bagi ku","3865","false","https://www.youtube.com/watch?v=eOwtRnJemrg","8 months ago","0",,"Baru Lulus Udah Pengen Buka Bisnis?","comment","eOwtRnJemrg","0"
"@kucingpundung","false","UgzIsmcgrk2LC9_n43F4AaABAg","Memulai bisnis ketika dana darurat 3 tahun..","3865","false","https://www.youtube.com/watch?v=eOwtRnJemrg","8 months ago","0",,"Baru Lulus Udah Pengen Buka Bisnis?","comment","eOwtRnJemrg","0"
"@Sitongkemins","false","UgxxzznzNbk1V3qzy254AaABAg","Kata kunci, sukses, financially stable, privilege, survival, experience, rasional,  realistis itu penting 😀😂","3865","false","https://www.youtube.com/watch?v=eOwtRnJemrg","8 months ago (edited)","0",,"Baru Lulus Udah Pengen Buka Bisnis?","comment","eOwtRnJemrg","0"
"@subursayuti-d4x5l","false","UgwAPdVG1oW80lK9b3p4AaABAg","keren bnget dokter sangat bermanfaat dan menghibur, jdi termotifasi pantang pulang sebelum tumbang 😂","3865","false","https://www.youtube.com/watch?v=eOwtRnJemrg","8 months ago","0",,"Baru Lulus Udah Pengen Buka Bisnis?","comment","eOwtRnJemrg","2"
"@unyilunyuunyu436","false","Ugy7e7GXzSBRMyOdbPl4AaABAg","Aku seorang tkw, ayah sudah meninggal sejak kecil. Memutuskan jadi tkw karena kebutuhan keluarga. Buat biaya sekolah adik. Btw, adik ku ada 2. Alhamdulillah udah pada kerja. 

Usia ku sudah 28 tahun. Dari hasil tkw bisa bikin rumah, beli tanah, juga merintis ternak. Sekarang tabungan hanya 100 jt. Pengen kuliah tapi takut uang tiba-tiba habis. Mau bisnis masih ragu memulai dari mana. Sekarang masih stay di luar negeri. 

Sebagai anak yang lahir di kampung, menempuh pendidikan di kampung, tapi mengais rezeki di luar negeri. Sesuatu pencapaian yang besar. Mungkin kalau mau ngumpulin uang cepet dapatnya, karena gaji sudah bersih. Semua kebutuhan tercukupi.

Sayangnya, aku berpikiran sampai kapan aku harus hidup bawah orang lain. Pengen rasanya punya penghasilan di kampung halaman. Membangun bisnis meski di pelosok desa. 

Saran dok, dengan usia segini. Dengan apa yang aku miliki dalam cerita ini. Menurut anda, salahkah jika aku berhenti bekerja dan memulai bisnis dari kecil? Atau harus menunggu usia 30 tahun dulu baru pulang kampung? Sekarang berada di posisi yang nano-nano. 

Btw, aku juga harus mencukupi kebutuhan ibu, kakek. Meski sekarang lebih ringan karena di bantu adik-adik.","3865","false","https://www.youtube.com/watch?v=eOwtRnJemrg","8 months ago","0",,"Baru Lulus Udah Pengen Buka Bisnis?","comment","eOwtRnJemrg","0"
"@Antosaputra3562","false","UgwhKEc56--S4sEjr7l4AaABAg","Thn 2002 adlah hari brubahnya hidupku dan mama. Kami hidup berdua ,sy yg ditinggal ayah sejak umur 9bulan. Thn 97 mama merantau k bali sy dititip d umur 5th di saudara mma. Thn 2002 sy dijemput mama d ajak ke bali, trnyta mama sudah nikah sama bule kala itu, dan punya rumah d daerah yg bernama Seminyak. Papa angkat sy dari ausi yg pengusaha lumayan punya nama d kotanya, sy punya adik bule cewe yg lahir dri mma. Khidupan drastis dri msa kecilku d bogor yg acak""an. SMP d bali sy bawa minicoper smpe SMA d denpasar santoyosep. Th 2013 saat sy kuliah di unud mama sama papa bule pisah. Dan mama d kasi harta kalau gak salah total sama aset tanah hampir 40an M blum rumah dan mobil. Smpe skrg yg punya anak 2,dan mama sudah berumur 51 kmi ttp stay d bali. Nasib begitu  berubah tanpa rencana","3865","false","https://www.youtube.com/watch?v=eOwtRnJemrg","8 months ago","0",,"Baru Lulus Udah Pengen Buka Bisnis?","comment","eOwtRnJemrg","1"
"@benglap","false","UgzEMPZUaUxk6X1I4WJ4AaABAg","Setengah M pertama saya di semester 7 S1. Tanpa modal dari orang tua. Tapi jalur ketiban duren","3865","false","https://www.youtube.com/watch?v=eOwtRnJemrg","8 months ago","0",,"Baru Lulus Udah Pengen Buka Bisnis?","comment","eOwtRnJemrg","0"
"@Undentifiednoname","false","UgzYzOQcUiaHkQbTkGx4AaABAg","Gw punya priviliage  tapi gabisa gw gunain karena apa yang ingin gw bangun tidak di dukung orang tua. Orang tua punya relasi dan uang yang cukup. Tapi sektor yang saya ingin jajaki tidak pernah di jajaki oleh keluarga.","3865","false","https://www.youtube.com/watch?v=eOwtRnJemrg","8 months ago","0",,"Baru Lulus Udah Pengen Buka Bisnis?","comment","eOwtRnJemrg","0"
"@SONDJALAL","false","UgySADV_ZaV169lcpEd4AaABAg","Ada yg kurang disini dok, barangkali ada yg sama.
Ga punya privilege,ga punya tabungan,ga kuliah Mergo ga punya duit.dan punya seabrek tanggungan alias tugas nyaur utang keluarga.
Gimana caranya supaya bisa financial stable dok.
Saya belom lanjut nonton karena dari 3 ga ada yg relate.
Ini kondisi yg lebih parah soalnya 😂","3865","false","https://www.youtube.com/watch?v=eOwtRnJemrg","8 months ago","2",,"Baru Lulus Udah Pengen Buka Bisnis?","comment","eOwtRnJemrg","0"
"@ajoasgar3866","false","UgxyRv_gIHmcHYY1dq94AaABAg","Yaudah dok, minjem modal buat usaha lah...","3865","false","https://www.youtube.com/watch?v=eOwtRnJemrg","8 months ago","0",,"Baru Lulus Udah Pengen Buka Bisnis?","comment","eOwtRnJemrg","0"
"@daveent9637","false","UgysujGzB5kphqpKvEx4AaABAg","Saya modal pertama jadi pengusaha minus 100jt dok. Ya teman teman saya punya utang 100jt makanya saya jadi pengusaha, Hahahahaha sebelumnya saya kerja 7 tahun lebih, belajar disana, punya relasi yg bagus, yg menyelamatkan saya cuma nama baik saya selama kerja.
Previlage","3865","false","https://www.youtube.com/watch?v=eOwtRnJemrg","8 months ago","0",,"Baru Lulus Udah Pengen Buka Bisnis?","comment","eOwtRnJemrg","1"
"@MuhammadRezaFajarSatrio","false","Ugz6agplYl1WxfPb3sF4AaABAg","SANGAT BERMANFAAT","3865","false","https://www.youtube.com/watch?v=eOwtRnJemrg","8 months ago","0",,"Baru Lulus Udah Pengen Buka Bisnis?","comment","eOwtRnJemrg","0"
"@juliusbudhi9123","false","UgwPiYytxvL2GP8VcyZ4AaABAg","Aku sak umuran karo dr.tirta 36 an th,tp tak akoni dekne cerdas
Iso membuka mata apa itu arti yg belum tersingkap
Kadang hidup antara beruntung & tidak","3865","false","https://www.youtube.com/watch?v=eOwtRnJemrg","8 months ago","0",,"Baru Lulus Udah Pengen Buka Bisnis?","comment","eOwtRnJemrg","0"
"@NFA_Gardening","false","Ugze4nNbRlguvjHkqK94AaABAg","Selama masa masa baik,Anda siap siap untuk masa buruk.
Selama masa masa buruk,anda selalu ingat pasti baik.","3865","false","https://www.youtube.com/watch?v=eOwtRnJemrg","8 months ago","0",,"Baru Lulus Udah Pengen Buka Bisnis?","comment","eOwtRnJemrg","0"
"@ALDI14S","false","Ugz2jSsDL1pSEUtZc9V4AaABAg","Ilmu mahal ini","3865","false","https://www.youtube.com/watch?v=eOwtRnJemrg","8 months ago","0",,"Baru Lulus Udah Pengen Buka Bisnis?","comment","eOwtRnJemrg","0"
"@TirexIlham","false","Ugy-J4get-WtW4S2U7R4AaABAg","bhappp menti 3.00 memang mantap dan paling amanah HANYA OWL76","3865","false","https://www.youtube.com/watch?v=eOwtRnJemrg","8 months ago","0",,"Baru Lulus Udah Pengen Buka Bisnis?","comment","eOwtRnJemrg","0"
"@rizkynursetiawan8377","false","UgzpG_3HAjzzjZtktgB4AaABAg","Kalo ipk 2,94 punya tabungan 18 juta nabungnyadari awal kuliah hasil sangu 50 ribu per hari itu saranya gimana guys saya lamar sana sini   belum dapet  kerjaan","3865","false","https://www.youtube.com/watch?v=eOwtRnJemrg","8 months ago","2",,"Baru Lulus Udah Pengen Buka Bisnis?","comment","eOwtRnJemrg","0"
"@thesantico424","false","UgxDl3VX-_JrS45cYSd4AaABAg","""Arogan klo pinter gpp"" 🔥🔥🔥this is not arogan this is percaya diri 😎","3865","false","https://www.youtube.com/watch?v=eOwtRnJemrg","8 months ago","0",,"Baru Lulus Udah Pengen Buka Bisnis?","comment","eOwtRnJemrg","0"
"@romli6323","false","Ugx-I4AkUnVS7qgtfZ94AaABAg","Peng peng itu maknanya apa? sepertinya asik istilahnya.","3865","false","https://www.youtube.com/watch?v=eOwtRnJemrg","8 months ago","0",,"Baru Lulus Udah Pengen Buka Bisnis?","comment","eOwtRnJemrg","0"
"@DonnyAndi-j3l","false","Ugx3hSLwMQHthkO6YVV4AaABAg","Ga ada privilege Dan ga ada pengalaman Dan kerja keras tapi mau kaya ya ngimpi, memang generasi 12 tahun terakhir itu tertipu mulyono yang suka kalau pidato menghina pegawai Dan nyuruh anak muda menjadi entrepreneur, ga perlu sekolah Dan jadi ahli it.... Padahal nyatanya jadi pengusaha itu perlu pengalaman Dan itu bisa didapat Dari kerja dulu, selain itu ga ada lowongan it disini semua produksi it Dari luar negeri","3865","false","https://www.youtube.com/watch?v=eOwtRnJemrg","8 months ago","0",,"Baru Lulus Udah Pengen Buka Bisnis?","comment","eOwtRnJemrg","0"
"@iblistampan5197","false","UgxG6LQreoGB5EvTIu14AaABAg","Sumpah panutan bgt ini..","3865","false","https://www.youtube.com/watch?v=eOwtRnJemrg","8 months ago","0",,"Baru Lulus Udah Pengen Buka Bisnis?","comment","eOwtRnJemrg","0"
"@iamnobodyxxxytrvq","false","UgxXW0_tPZetcgua1I54AaABAg","gw mulai bisnis dari 2017, udah 2 kali bangkrut, hutang ratusan juta, sekarang hutang lunas, tabungan ada, karyawan banyak. Gw cuma lulusan SMP karna nggak ada biaya buat sekolah akhirnya malah nikah muda, warisan nggak ada. Kalau bisnis mulai dari 0 masih gampang, gw mulai dari - ( minus ).. cuma faktor LUCK emang bener, bahkan menurut gw LUCK itu 90%, 5% mental, 5% nya ilmu, usaha, kerja keras dan konsisten. Kalau dari awal nggak ada mental pengusaha, mau punya duit berapapun atau previlage apapun dia nggak akan jadi pengusaha. From 0 bahkan from minus itu nyata kalau standar nya adalah hidup layak dan berkecukupan, tapi kalau standarnya konglomerat, mungkin from 0 itu mitos.","3865","false","https://www.youtube.com/watch?v=eOwtRnJemrg","8 months ago","0",,"Baru Lulus Udah Pengen Buka Bisnis?","comment","eOwtRnJemrg","0"
"@laurogaming2355","false","Ugz-JyI8EM3QRMnouct4AaABAg","Bravo bos","3865","false","https://www.youtube.com/watch?v=eOwtRnJemrg","8 months ago","0",,"Baru Lulus Udah Pengen Buka Bisnis?","comment","eOwtRnJemrg","0"
"@rhwai32","false","UgzXs3-POiu3f7xPm014AaABAg","30 tahun, nangis gw dengerin kamu dok, makasi insightnya dok✍🙏","3865","false","https://www.youtube.com/watch?v=eOwtRnJemrg","8 months ago","0",,"Baru Lulus Udah Pengen Buka Bisnis?","comment","eOwtRnJemrg","0"
"@dimasrochmat1230","false","Ugy57KeXlTWR8p-jB8J4AaABAg","Gimana menurut dokter tirta anak adalah investasi masa depan kata orang jaman dulu tuhh 😅","3865","false","https://www.youtube.com/watch?v=eOwtRnJemrg","8 months ago","0",,"Baru Lulus Udah Pengen Buka Bisnis?","comment","eOwtRnJemrg","0"
"@Sprtnks","false","UgySADV_ZaV169lcpEd4AaABAg.AP5v4fT2BYwAPE5YgO5weM"," @SONDJALAL  bersyukur saja masih diberi hidup. Jalani apa adanya","3865","false","https://www.youtube.com/watch?v=eOwtRnJemrg","8 months ago","0","UgySADV_ZaV169lcpEd4AaABAg","Baru Lulus Udah Pengen Buka Bisnis?","reply","eOwtRnJemrg","0"
"@SONDJALAL","false","UgySADV_ZaV169lcpEd4AaABAg.AP5v4fT2BYwAPED70tWP4b","​ @Sprtnks selesai udah semuanya, bisa di jelaskan maksud syukur nya bagaimana?","3865","false","https://www.youtube.com/watch?v=eOwtRnJemrg","8 months ago","0","UgySADV_ZaV169lcpEd4AaABAg","Baru Lulus Udah Pengen Buka Bisnis?","reply","eOwtRnJemrg","0"
"@rizkynursetiawan8377","false","UgzpG_3HAjzzjZtktgB4AaABAg.AP5QgclOb_AAP5QqjsnMG6","Itupun 50 belum kepotong bensib","3865","false","https://www.youtube.com/watch?v=eOwtRnJemrg","8 months ago","0","UgzpG_3HAjzzjZtktgB4AaABAg","Baru Lulus Udah Pengen Buka Bisnis?","reply","eOwtRnJemrg","0"
"@rizkynursetiawan8377","false","UgzpG_3HAjzzjZtktgB4AaABAg.AP5QgclOb_AAP5QrfRdugY","N","3865","false","https://www.youtube.com/watch?v=eOwtRnJemrg","8 months ago","0","UgzpG_3HAjzzjZtktgB4AaABAg","Baru Lulus Udah Pengen Buka Bisnis?","reply","eOwtRnJemrg","0"
"@ferdysugianto3171","false","UgxRGTkg5ohlQJTHWE54AaABAg","17:07 saya 7 profesi, masih hidup, stres sitik😂","3865","false","https://www.youtube.com/watch?v=eOwtRnJemrg","8 months ago","1",,"Baru Lulus Udah Pengen Buka Bisnis?","comment","eOwtRnJemrg","20"
"@boedifangestu","false","Ugyq8lEgcbuSTwhQq7V4AaABAg","Kelas banget dok","3865","false","https://www.youtube.com/watch?v=eOwtRnJemrg","8 months ago","0",,"Baru Lulus Udah Pengen Buka Bisnis?","comment","eOwtRnJemrg","0"
"@zaifulsinttesis7469","false","UgxjDuN6UqD7x5XozQp4AaABAg","Keren masuk Iklan kapal Apinya...","3865","false","https://www.youtube.com/watch?v=eOwtRnJemrg","8 months ago","0",,"Baru Lulus Udah Pengen Buka Bisnis?","comment","eOwtRnJemrg","0"
"@noverichanel","false","UgwcSKzKm65eT9210cN4AaABAg","Saya 3 Tidak","3865","false","https://www.youtube.com/watch?v=eOwtRnJemrg","8 months ago","0",,"Baru Lulus Udah Pengen Buka Bisnis?","comment","eOwtRnJemrg","0"
"@Sumber-hidup","false","UgxsMAmcPqqvpg53JoV4AaABAg","Jadi pengusaha supaya bisa mandiri secara finansial untuk keluarga.
Karena saya hanya lukus sd tahun 85.
Kerja aerabutan aoa saja mencangkul dll. 
Sejak 95 kerja helper 97 naik sales sampai 2018.
Keluar dan bikin usaha sendiri agen beberapa barang sampai sekarang.
Modal awal 500 rb
Mulai jualan sebelum keluar dari kerjaan. 
Sekitar 2016.","3865","false","https://www.youtube.com/watch?v=eOwtRnJemrg","8 months ago (edited)","0",,"Baru Lulus Udah Pengen Buka Bisnis?","comment","eOwtRnJemrg","0"
"@Andreas.T.W","false","UgxIURmpL-MAzwmLqZZ4AaABAg","Kirain Ip Man... suhu angkat aku jadi murid mu... 😂😂","3865","false","https://www.youtube.com/watch?v=eOwtRnJemrg","8 months ago","0",,"Baru Lulus Udah Pengen Buka Bisnis?","comment","eOwtRnJemrg","0"
"@nunungsupriadi6551","false","Ugy851qPq5xRiON1PRh4AaABAg","wkwkwkw Kamboja Saja....asli ngakak","3865","false","https://www.youtube.com/watch?v=eOwtRnJemrg","8 months ago","0",,"Baru Lulus Udah Pengen Buka Bisnis?","comment","eOwtRnJemrg","0"
"@riowahyucahyaningsaputra6475","false","UgzkFFdwmCyaaLTAbfx4AaABAg","Cox nann😂","3865","false","https://www.youtube.com/watch?v=eOwtRnJemrg","8 months ago","0",,"Baru Lulus Udah Pengen Buka Bisnis?","comment","eOwtRnJemrg","0"
"@PutriDaniati-n7g","false","Ugw6bhcmFHyYX0X6hrR4AaABAg","sangat” menampar🙌🏻","3865","false","https://www.youtube.com/watch?v=eOwtRnJemrg","8 months ago","0",,"Baru Lulus Udah Pengen Buka Bisnis?","comment","eOwtRnJemrg","0"
"@mamiqajiesakina6071","false","Ugxpv4qj5OmnsKfw2B54AaABAg","Betul, saya brrhutang untuk modal franchise, 8 bulan berjalan ga bisa ngapa-ngapain, bangkrut, malah aset saya makin banyak yang dijual buat nutup hutang, bukan dari hasil keuntungan. Tadinya saya pikir berusaha itu mudah sekali... Tapi nyatanya berat sekali... 😩","3865","false","https://www.youtube.com/watch?v=eOwtRnJemrg","8 months ago","0",,"Baru Lulus Udah Pengen Buka Bisnis?","comment","eOwtRnJemrg","0"
"@calico_4","false","UgyQuS4bWWfBKTSUjVp4AaABAg","Mimpi - mimpi struk 
-dr tirta","3865","false","https://www.youtube.com/watch?v=eOwtRnJemrg","8 months ago (edited)","0",,"Baru Lulus Udah Pengen Buka Bisnis?","comment","eOwtRnJemrg","0"
"@MarlisApin-w3e9x","false","UgxahINkUbAYLv0LJ9d4AaABAg","Prinsip saya memulai bisnis kemaren sederhana, ingin memberdayakan masyarakat sekitar saja. Alhamdulilah sudah berjalan 7th","3865","false","https://www.youtube.com/watch?v=eOwtRnJemrg","8 months ago","0",,"Baru Lulus Udah Pengen Buka Bisnis?","comment","eOwtRnJemrg","0"
"@WahyuBagongBGmusic","false","Ugwu7duCWQL3jK4KmWJ4AaABAg","6:48","3865","false","https://www.youtube.com/watch?v=eOwtRnJemrg","8 months ago","0",,"Baru Lulus Udah Pengen Buka Bisnis?","comment","eOwtRnJemrg","0"
"@alfiandkurniawan7155","false","UgyIgmNWAq2gUSSS3QF4AaABAg","emang paling masuk akal logika dr. Tirta buat gua... matur sembah nuwun dok","3865","false","https://www.youtube.com/watch?v=eOwtRnJemrg","8 months ago","0",,"Baru Lulus Udah Pengen Buka Bisnis?","comment","eOwtRnJemrg","0"
"@Wibisana364","false","UgxcwGpZ1g_OpsiGNxt4AaABAg","25:16 Wisdom dr Tirta 🙏🏽","3865","false","https://www.youtube.com/watch?v=eOwtRnJemrg","8 months ago","0",,"Baru Lulus Udah Pengen Buka Bisnis?","comment","eOwtRnJemrg","0"
"@afsulthon","false","UgxhHd-jh2GTzZPIZTx4AaABAg","1. Sudah stable secara finansial? TIDAK.
2. Seberapa besar privilege yang Anda punya? I have no privilege at all.
3. Kuliah berapa semester? IPK? Punya pengalaman kerja? Kuliah 8 semester, IPK 3.79, belum punya pengalaman kerja.","3865","false","https://www.youtube.com/watch?v=eOwtRnJemrg","8 months ago","0",,"Baru Lulus Udah Pengen Buka Bisnis?","comment","eOwtRnJemrg","0"
"@cinema_drama704","false","Ugy7FhbK-_Vg_Qyt2d54AaABAg","Makasih dok","3865","false","https://www.youtube.com/watch?v=eOwtRnJemrg","8 months ago","0",,"Baru Lulus Udah Pengen Buka Bisnis?","comment","eOwtRnJemrg","1"
"@BiranAffandi-o9s2b","false","Ugzu_BHOm6hbKrG38HN4AaABAg","Saya bangun pagi terus dok dari pagi sampe sekarang kuliah kenapa belum kaya2 ya😊","3865","false","https://www.youtube.com/watch?v=eOwtRnJemrg","8 months ago","0",,"Baru Lulus Udah Pengen Buka Bisnis?","comment","eOwtRnJemrg","0"
"@sewamotorjakarte","false","UgykiOwFCo-3nOVWJNB4AaABAg","Aku inget dulu Bapak pernah kasih uang ke admin, buat bayar listrik di PLN. Bukannya dibuat bayar listrik, uangnya malah admin belikan ke lotre yang hadiahnya mobil Innova baru. Sampe rumah admin jelasin ke Bapak kalo uang listrik udah dibelikan ke lotre, seketika bapak ngamuk ngamuk, admin digebukin sampe benjol dan lebam.

Besok paginya Bapak bangun pagi dan ketika buka pintu rumah, ada mobil Innova baru warna hitam parkir didepan rumah. Bapak dan admin langsung nangis, tapi admin nangisnya kenceng banget. Ternyata Innovanya milik petugas PLN yang mau mutus listrik karna listrik belum dibayar. Akhirnya admin digebukin lagi sama Bapak dan benjolnya pun makin parah.","3865","false","https://www.youtube.com/watch?v=eOwtRnJemrg","8 months ago","0",,"Baru Lulus Udah Pengen Buka Bisnis?","comment","eOwtRnJemrg","0"
"@Rezki_SR","false","UgyuXv3YWXDVE_hEmld4AaABAg","kalau semua gak ada gmn ?
inventory/gear kosong
buff gak ada
exp gak ada
stat rendah.

RNG LORD PLS HELP US :v","3865","false","https://www.youtube.com/watch?v=eOwtRnJemrg","8 months ago","0",,"Baru Lulus Udah Pengen Buka Bisnis?","comment","eOwtRnJemrg","0"
"@nandarisky2453","false","UgxRGTkg5ohlQJTHWE54AaABAg.AP3kTktY5DdAS1bN7iuwYZ","Hebat banget 😅","3865","false","https://www.youtube.com/watch?v=eOwtRnJemrg","5 months ago","0","UgxRGTkg5ohlQJTHWE54AaABAg","Baru Lulus Udah Pengen Buka Bisnis?","reply","eOwtRnJemrg","0"
"@soniaw8038","false","Ugz_qFnoD6ZUfpUDE5B4AaABAg","Semuanya gapunya dari koneksi sama uang, pengalaman seadanya 
Kuliah ancurrrr gara gara ekonomi dan saudara gapeduli 
Keras hidup 😭","3865","false","https://www.youtube.com/watch?v=eOwtRnJemrg","8 months ago","0",,"Baru Lulus Udah Pengen Buka Bisnis?","comment","eOwtRnJemrg","0"
"@dendeq5273","false","UgyivK-zfh89Gaz4yTZ4AaABAg","otw kamboja","3865","false","https://www.youtube.com/watch?v=eOwtRnJemrg","8 months ago","0",,"Baru Lulus Udah Pengen Buka Bisnis?","comment","eOwtRnJemrg","0"
"@mochammadsyachrianwar2944","false","UgxGrPl5O-4FaUCYz114AaABAg","Kerja 9-17 yang penting punya sampingan. Saya tersadar ketika sudah menikah. Saya tinggalkan pekerjaan kontraktor yang 8-22 dan memilih dekat dengan keluarga untuk buildup strategi bisnis sampingan.","3865","false","https://www.youtube.com/watch?v=eOwtRnJemrg","8 months ago","0",,"Baru Lulus Udah Pengen Buka Bisnis?","comment","eOwtRnJemrg","0"
"@Fadeee28","false","UgzpoH-xVKYkTkT-utF4AaABAg","Saya seorang remaja umur 17 tahun yang sudah sedari TK ingin menjadi pengusaha dimana teman teman saya semua mau jadi pegawai negeri, dan di setiap di tanya oleh guru dari kecil saya selalu menjawab dengan suara yang besar dari yang dari yang lain saya ingin jadi pengusaha, saya ingin jadi pengusaha karena mewujudkan mimpi kecil saya dan menepati janji pada orang tua dan keluarga besar saya untuk membahagiakan mereka dan berbelanja kebutuhan sepuas hati mereka tanpa memikirkan tentang uang lagi, dan saya tidak munafik saya harus jadi kaya raya agar dapat menepati janji saya itu agar keluarga saya kelak tidak akan bercerai akibat ekonomi. Semoga saya di beri jalan dan di permudah dalam menggapai mimpi dan menghadapi masa depan yang tidak pasti seperti seorang pengusaha yang berperang di ketidakpastian di setiap harinya (gambling). Semoga","3865","false","https://www.youtube.com/watch?v=eOwtRnJemrg","8 months ago","2",,"Baru Lulus Udah Pengen Buka Bisnis?","comment","eOwtRnJemrg","37"
"@weiterwachsen","false","UgxLP9zz_bIlxQSi2s14AaABAg","tiba tiba banget langsung bahas liverpool 😭🤣","3865","false","https://www.youtube.com/watch?v=eOwtRnJemrg","8 months ago","0",,"Baru Lulus Udah Pengen Buka Bisnis?","comment","eOwtRnJemrg","0"
"@achmadfajar6356","false","Ugw1ulFHFzsuPoXrMy94AaABAg","DAGING!!","3865","false","https://www.youtube.com/watch?v=eOwtRnJemrg","8 months ago","0",,"Baru Lulus Udah Pengen Buka Bisnis?","comment","eOwtRnJemrg","0"
"@lalumiftahulazmi8860","false","UgyptI55FRCNiPwXGm94AaABAg","mana sub indo untuk bahass jawa nya?","3865","false","https://www.youtube.com/watch?v=eOwtRnJemrg","8 months ago","0",,"Baru Lulus Udah Pengen Buka Bisnis?","comment","eOwtRnJemrg","0"
"@titik_sadar","false","UgxRjqeQNGtqQ36GC6V4AaABAg","Thanks dok tirta ilmu ini yg paling relevan buat aku dan thanks untuk malaka telah mendatangkan dok tirta....thanks","3865","false","https://www.youtube.com/watch?v=eOwtRnJemrg","8 months ago","0",,"Baru Lulus Udah Pengen Buka Bisnis?","comment","eOwtRnJemrg","0"
"@ryanriyanto228","false","UgxAEZWYcLAhA0MNcGl4AaABAg","Terlucu,teredukatif,tak tonton sampai ini yg ke 4 kali,,realistis,saya usia 52 tahun dari Surabaya,salam kenal semuanya.","3865","false","https://www.youtube.com/watch?v=eOwtRnJemrg","8 months ago","0",,"Baru Lulus Udah Pengen Buka Bisnis?","comment","eOwtRnJemrg","0"
"@araara849","false","Ugw9XYrUtw97XkyDisV4AaABAg","Kalo kerja 15 jam gimana ngatur bisnis nya","3865","false","https://www.youtube.com/watch?v=eOwtRnJemrg","8 months ago","0",,"Baru Lulus Udah Pengen Buka Bisnis?","comment","eOwtRnJemrg","0"
"@RININURHIDAYATI-v8q","false","UgzWgfHsJVhiMg4BCfl4AaABAg","Saya dari kalangan bawah banget, ibu pedagang & bapak kuli. Cuma lulusan D1 perhotelan, dl mau kerja apa aja karna sadar gak pny title dan ijasah cm SMA. Saya yatim dari SD, dan Piatu umur 21. Alhamdulillah skrg sudah jadi senior manager di salah satu international hotel based di US 😇 buat semua yang kalangan bawah dan tdk mengenyam pendidikan tinggi, jangan berkecil hati. Krn proses tdk akan mengkhianati hasil","3865","false","https://www.youtube.com/watch?v=eOwtRnJemrg","8 months ago (edited)","3",,"Baru Lulus Udah Pengen Buka Bisnis?","comment","eOwtRnJemrg","42"
"@mazeratutikdiani-v5b","false","Ugzz9Cs_wP4ltyXi2mB4AaABAg","dr tirta yapping 7:15 wkwkwk","3865","false","https://www.youtube.com/watch?v=eOwtRnJemrg","8 months ago (edited)","0",,"Baru Lulus Udah Pengen Buka Bisnis?","comment","eOwtRnJemrg","0"
"@fazrixiimipa3347","false","UgyaS8C4b-Nfj9lFV5V4AaABAg","Last question 100% berkelas","3865","false","https://www.youtube.com/watch?v=eOwtRnJemrg","8 months ago","0",,"Baru Lulus Udah Pengen Buka Bisnis?","comment","eOwtRnJemrg","0"
"@bimaprabowo4570","false","UgwrwDCzQwFKTpYjrX94AaABAg","Taruhannya sama kayak Coki Pardede. Potong telinga saya","3865","false","https://www.youtube.com/watch?v=eOwtRnJemrg","8 months ago","0",,"Baru Lulus Udah Pengen Buka Bisnis?","comment","eOwtRnJemrg","0"
"@buimel-123","false","UgyYiZyFUkTYKbRkp4l4AaABAg","Mantaappp","3865","false","https://www.youtube.com/watch?v=eOwtRnJemrg","8 months ago","0",,"Baru Lulus Udah Pengen Buka Bisnis?","comment","eOwtRnJemrg","0"
"@newmont9846","false","UgyZQkLHxzhpTtqkIUZ4AaABAg","Tidak semua","3865","false","https://www.youtube.com/watch?v=eOwtRnJemrg","8 months ago","0",,"Baru Lulus Udah Pengen Buka Bisnis?","comment","eOwtRnJemrg","0"
"@acolaw88it67","false","Ugx8dAgoHbIPLlx-BXt4AaABAg","Adagium bahasa latin "" Amat Victoria Curam"" kemenangan butuh persiapan","3865","false","https://www.youtube.com/watch?v=eOwtRnJemrg","8 months ago","0",,"Baru Lulus Udah Pengen Buka Bisnis?","comment","eOwtRnJemrg","0"
"@acolaw88it67","false","UgxBJDBvCxmfanyeyJR4AaABAg","18:07😅","3865","false","https://www.youtube.com/watch?v=eOwtRnJemrg","8 months ago","0",,"Baru Lulus Udah Pengen Buka Bisnis?","comment","eOwtRnJemrg","0"
"@beatfimberr..901","false","UgzfzAC3v9RWuTvk36p4AaABAg","Saya dulu ngejer cewek nekat buka usaha, mati2an saya pertaruhkan harga diri mimpi dan segalanya. Disaat bisnis udah mau jalan eh kok dia dinaikin orang","3865","false","https://www.youtube.com/watch?v=eOwtRnJemrg","8 months ago","0",,"Baru Lulus Udah Pengen Buka Bisnis?","comment","eOwtRnJemrg","0"
"@khayrasiran","false","UgyCwPD71LjQDt0-4Z94AaABAg","Sorry saya bersebrangan dgn statement dr Tirta...dan kebenaran gua juga dokter....
Lahir dari keluarga pas2an ...masuk kedokteran modal otak.....
Anak kedokteran kaya raya semua.....pengen suatu saat sya punya blackberry...tapi kalau minta orng tua lagi...gak tahu diri saya😂😂😂
Soalnya udh dipeseni...le Ra udah minder koncomu sugeh2 penting utekmu...podo2 mangan sego😂😂😂😂
Alhasil uang 300rb buat hidup 1 Minggu saat itu sya manfaatkan maksimal...
100rb beli HP monocrome seken
100rb buat hidup seminggu 100rb buat beli pulsa....
Jualan pulsalah sya di circle RS anak2 koas semua dari angkatan sya sampai kakak kelas...
Hanya dalam 1 bulan 100rb itu jadi 10jt😂...karena mulai banyak yg hutang akhirnya sya pensiun....lalu sya belajar dropship jam arloji dari supercopy smpe original expedition, AC dll....seketika uang itu jadi 100jt pertama saya....dan saat mau lulus ..sya koneksi dgn temen yg bisnis HP..dan hancurlah sya kena tipu temen sendiri..ternyata HP itu barang KW...dan nama baik bisnis saya seketika hancur...
Perlahan bangkit...akhirnya pas mau lulus saya jadi sponsorship...simposium 😂😂😂wkwkwkw
Di sela itu sya membuat website arloji mebangi perlahan lagi dan dapat pasar seluruh Indonesia....dapat 500jt profit kotor...pertama saya...
Disamping itu selama coas sya juga Inul windows dan manfaatin skill2 yg lain....jebolin ebook2! S2 dan S3.... Saya reetas.... akhirnya saya dikenal sama konsulen2 di RS..jadilah anak kesayangan mereka....
Setelah lulus...saya melebarkan syap jualan di Elevenia bukalpak tokopeda ....makin moncer jualan jam tangan saya...kemudian sya eprlevar jualan parfum original....dapat suplier orng2 cina.....ajibnya saya gak pernah ketemu...tapi mereka percaya sama sya dan jualan sya disuport mereka makin ajib......sampai penjualan sya dlu tembus 1M........
Lalu jatuh lagi...karena salah teknik...dan bangkit lagi...sampai sempet nyesel...kalau gua hnya jadi dokter dgn gaji saat itu 500rb...per bulan gak kebayang sya bakal survive atau tidak....
Atas dasar ini gua gak setuju sama stament dr Tirta ...dgn uang 100rb jgn mikir bisnis...sdngkan bisnis sya skrg ini kalau dituntut berawal dari uang 100rb pertama saya 😂😂😂","3865","false","https://www.youtube.com/watch?v=eOwtRnJemrg","8 months ago (edited)","0",,"Baru Lulus Udah Pengen Buka Bisnis?","comment","eOwtRnJemrg","0"
"@gunawanngakak1354","false","UgzpoH-xVKYkTkT-utF4AaABAg.AOyR3wdAr0iAWReAKM1ryv","umur berapa bro ?","3865","false","https://www.youtube.com/watch?v=eOwtRnJemrg","2 months ago","0","UgzpoH-xVKYkTkT-utF4AaABAg","Baru Lulus Udah Pengen Buka Bisnis?","reply","eOwtRnJemrg","0"
"@TriHaryanta-j8i","false","UgzpoH-xVKYkTkT-utF4AaABAg.AOyR3wdAr0iAYrlYQHF_MO"," @gunawanngakak1354  dipanggil atas katanya 17 THN bng","3865","false","https://www.youtube.com/watch?v=eOwtRnJemrg","7 days ago","0","UgzpoH-xVKYkTkT-utF4AaABAg","Baru Lulus Udah Pengen Buka Bisnis?","reply","eOwtRnJemrg","0"
"@imaniarnia2432","false","UgzWgfHsJVhiMg4BCfl4AaABAg.AOwGjhpR7AKAVgM22iT-8p","Kak share dong apply ke LN dulu lewat mana ?","3865","false","https://www.youtube.com/watch?v=eOwtRnJemrg","2 months ago","0","UgzWgfHsJVhiMg4BCfl4AaABAg","Baru Lulus Udah Pengen Buka Bisnis?","reply","eOwtRnJemrg","1"
"@SlametPriyanto08","false","UgzWgfHsJVhiMg4BCfl4AaABAg.AOwGjhpR7AKATADnlQqyCH"," @RININURHIDAYATI-v8q  keren om btw loker dong","3865","false","https://www.youtube.com/watch?v=eOwtRnJemrg","4 months ago","0","UgzWgfHsJVhiMg4BCfl4AaABAg","Baru Lulus Udah Pengen Buka Bisnis?","reply","eOwtRnJemrg","0"
"@ranggietobias7591","false","UgzWgfHsJVhiMg4BCfl4AaABAg.AOwGjhpR7AKAUt9Q4XrTqC","Info loker bang","3865","false","https://www.youtube.com/watch?v=eOwtRnJemrg","3 months ago","0","UgzWgfHsJVhiMg4BCfl4AaABAg","Baru Lulus Udah Pengen Buka Bisnis?","reply","eOwtRnJemrg","0"
"@alfialkarim3937","false","UgxKAoRmCt6b0i0gWXd4AaABAg","gw pernah di tanya pake pertanyaan tolol 
""lu bangun pagi ngapain? udah punya mobil berapa emang?"" sumpah this is the most stupid question that was thrown at me 😂😂😂","3865","false","https://www.youtube.com/watch?v=eOwtRnJemrg","8 months ago","0",,"Baru Lulus Udah Pengen Buka Bisnis?","comment","eOwtRnJemrg","0"
"@andredharmawanmed9751","false","Ugwtk9-aNRKI4P2yaNp4AaABAg","keren","3865","false","https://www.youtube.com/watch?v=eOwtRnJemrg","8 months ago","0",,"Baru Lulus Udah Pengen Buka Bisnis?","comment","eOwtRnJemrg","0"
"@HumamMuz","false","UgwJ536DFWR9PKZjIhh4AaABAg","Saya adalah salah satu pebisnis yang terjun saat lulus kuliah, bertahan 4 tahun & gagal. Rugi ratusan juta, bahkan sekarang malah meninggalkan hutang :) Sekarang mau kerja mentok sama umur dan tidak punya pengalaman. 😊 Saya ikhlas semoga Allah mengganti semua perjuangan ini dengan hasil yang tidak terhingga :)","3865","false","https://www.youtube.com/watch?v=eOwtRnJemrg","8 months ago","0",,"Baru Lulus Udah Pengen Buka Bisnis?","comment","eOwtRnJemrg","0"
"@BANGIJOOFFICIAL","false","UgwfRYKK5g5As_lIrlN4AaABAg","saya frelencerr, dan saya nyaman sama pekerjaan itu","3865","false","https://www.youtube.com/watch?v=eOwtRnJemrg","8 months ago","0",,"Baru Lulus Udah Pengen Buka Bisnis?","comment","eOwtRnJemrg","0"
"@drmaker.official","false","UgxQKXELYj2xn0ImXVt4AaABAg","kalau yang bawa dr tirta gw demen mau nonton 1000 kali pun","3865","false","https://www.youtube.com/watch?v=eOwtRnJemrg","8 months ago","0",,"Baru Lulus Udah Pengen Buka Bisnis?","comment","eOwtRnJemrg","0"
"@Sakura-can13","false","UgyrN4Yv7OsAqy8Zeq54AaABAg","Lulusan cuma SD. 
Kerja dari dulu tpi generasi sandwich. 
Ayah seorang penghulu tpi 10 tahun lalu sekarang sudah tidak aktif lagi karna sudah gk ada ayahnya. 
Menguasai 3 bahasa internasional dan 2 bahasa daerah. Inggris, arab, Indonesia, sunda, melayu. 
Mau belajar bisnis agar bisa merubah hidup dan tidak terus-terusan bergantung sama gaji.","3865","false","https://www.youtube.com/watch?v=eOwtRnJemrg","8 months ago","0",,"Baru Lulus Udah Pengen Buka Bisnis?","comment","eOwtRnJemrg","0"
"@lutfiyoga3011","false","UgzOOTUhiEs3xlwEbj54AaABAg","Terimakasih","3865","false","https://www.youtube.com/watch?v=eOwtRnJemrg","8 months ago","0",,"Baru Lulus Udah Pengen Buka Bisnis?","comment","eOwtRnJemrg","0"
"@yuzokiromi","false","UgwNGmWiUZ5DuMpRGoJ4AaABAg","kalo SMK gimana dr.tirta 🙂","3865","false","https://www.youtube.com/watch?v=eOwtRnJemrg","8 months ago","0",,"Baru Lulus Udah Pengen Buka Bisnis?","comment","eOwtRnJemrg","0"
"@Mutafir_Official","false","UgxYgUnCqeFY5ADNM8d4AaABAg","Adanya keberadaan sistem ekonomi kapitalis, hal itu menciptakan hidup terasa survival, seperti berada di peradaban alam rimba, terasa hidup sendiri tak ada yang menolong. Sehingga hal itu juga mempengaruhi kemunculan teori cara bertahan hidup seperti teori yang telah di sampaikan dokter tirta, sesuai dan bagus diamalkan di era sistem kapitalis ini. Yang kaya semakin kaya dan yang miskin tetep miskin atau bahkan semakin miskin. Terjadilah ketidakadilan dimana2 dan kriminalitas.

Tubuh, harta, tahta, waktu itu kenapa kelak akan di pertanggung jawabkan? sebab semua itu titipan dan amanah dari investor Sang Pencipta, bukan milik diri sendiri semata. Dimana modal itu sewenang-wenang kita gunakan untuk hal pribadi atau hal lain yang tidak sesuai keinginan investor, maka jadilah hutang. Di kehidupan kelak kita mau bayar hutang pakai apa? Sedangkan modal dari investor tidak kita golangkan menjadi keuntungan. Sia-sialah hidup & matinya","3865","false","https://www.youtube.com/watch?v=eOwtRnJemrg","8 months ago (edited)","0",,"Baru Lulus Udah Pengen Buka Bisnis?","comment","eOwtRnJemrg","1"
"@RobocopReal","false","Ugy69uHG5zh_tLpuYBV4AaABAg","makasih dr. Tirta inputnya, gua jadi lebih yakin sama pilihan yang udah gua ambil

btw, ini ada lagunya lagi ga 23:44","3865","false","https://www.youtube.com/watch?v=eOwtRnJemrg","8 months ago (edited)","0",,"Baru Lulus Udah Pengen Buka Bisnis?","comment","eOwtRnJemrg","0"
"@abdursampit7929","false","UgwveFqjUowACJJ5uY54AaABAg","Berasa dimarahi bapak sendiri njir 😂","3865","false","https://www.youtube.com/watch?v=eOwtRnJemrg","8 months ago","0",,"Baru Lulus Udah Pengen Buka Bisnis?","comment","eOwtRnJemrg","0"
"@muhammadwafa7786","false","Ugwtkap00mRlVfoj_d94AaABAg","Bawahan gw, tiga-gitanya enggak. Tapi disuruh kerja malah ngambek, bener tiap hari push rank.","3865","false","https://www.youtube.com/watch?v=eOwtRnJemrg","8 months ago","0",,"Baru Lulus Udah Pengen Buka Bisnis?","comment","eOwtRnJemrg","0"
"@baksocolok","false","UgxLkaWuz1_EFJPRvlV4AaABAg","Jadi kaya raya yang kekayaannya berguna untuk dunia dan akhirat. 😊","3865","false","https://www.youtube.com/watch?v=eOwtRnJemrg","8 months ago (edited)","0",,"Baru Lulus Udah Pengen Buka Bisnis?","comment","eOwtRnJemrg","0"
"@bismillahtrader12345","false","UgzfUnJLMO_eV2MNb4J4AaABAg","Jossss","3865","false","https://www.youtube.com/watch?v=eOwtRnJemrg","8 months ago","0",,"Baru Lulus Udah Pengen Buka Bisnis?","comment","eOwtRnJemrg","0"
"@ravis77","false","Ugw8tY2MVZeNZ8pe_IF4AaABAg","Mksd dokter emyu juga bisa jd Juara premier league lg kan setelah lebih dari 10th 😊","3865","false","https://www.youtube.com/watch?v=eOwtRnJemrg","8 months ago","0",,"Baru Lulus Udah Pengen Buka Bisnis?","comment","eOwtRnJemrg","0"
"@Roxx-m2i","false","UgxIxS3lrJQs4HBWJRl4AaABAg","Kok ga buat dari dulu vidio ini😢","3865","false","https://www.youtube.com/watch?v=eOwtRnJemrg","8 months ago","0",,"Baru Lulus Udah Pengen Buka Bisnis?","comment","eOwtRnJemrg","0"
"@Nomadeun","false","UgxZTp_zl8nUFPSoGUR4AaABAg","Emang bangun pagi ga bikin kaya kalo cuma bangun aja gaada usaha 🫠","3865","false","https://www.youtube.com/watch?v=eOwtRnJemrg","8 months ago","0",,"Baru Lulus Udah Pengen Buka Bisnis?","comment","eOwtRnJemrg","0"
"@MiftahulArif-hh1df","false","UgyIb1SvudpkhVrJLRJ4AaABAg","Dok kalau lulusan SMA dan gak ada ketiganya gimana dok?","3865","false","https://www.youtube.com/watch?v=eOwtRnJemrg","8 months ago","0",,"Baru Lulus Udah Pengen Buka Bisnis?","comment","eOwtRnJemrg","0"
"@ardi3sanata","false","UgyEZu2m-hS1B4rVQIl4AaABAg","Seng penting yakin dan berusaha, pasrah kan ke Allah untuk takdir ya","3865","false","https://www.youtube.com/watch?v=eOwtRnJemrg","8 months ago","0",,"Baru Lulus Udah Pengen Buka Bisnis?","comment","eOwtRnJemrg","0"
"@bachtiarsaleh-1118","false","UgwBB70I4RHQH-BXMqB4AaABAg","Menit 7:46 s/d 7:60 tipikal PoV generasi Baby Boomers banget😂","3865","false","https://www.youtube.com/watch?v=eOwtRnJemrg","8 months ago","0",,"Baru Lulus Udah Pengen Buka Bisnis?","comment","eOwtRnJemrg","0"
"@mahottama3909","false","UgwEJhmzDVEVPR4n5Jd4AaABAg","cocote lee..","3865","false","https://www.youtube.com/watch?v=eOwtRnJemrg","8 months ago","0",,"Baru Lulus Udah Pengen Buka Bisnis?","comment","eOwtRnJemrg","0"
"@Pr3z3nt0-4ppr","false","UgzQuwNIRYGBb8N96ih4AaABAg","berarti dr. tirta mirip admiral kings pd2 amrik, baru ketemu padanan nya. gpp sih itu preferensi org","3865","false","https://www.youtube.com/watch?v=eOwtRnJemrg","8 months ago","1",,"Baru Lulus Udah Pengen Buka Bisnis?","comment","eOwtRnJemrg","0"
"@ArsanBadung","false","Ugwi7YyS9sVTpwRftap4AaABAg","ngakak mulu saya liat yg ini 😂","3865","false","https://www.youtube.com/watch?v=eOwtRnJemrg","8 months ago","0",,"Baru Lulus Udah Pengen Buka Bisnis?","comment","eOwtRnJemrg","0"
"@1mntpaham","false","UgwXvjS2uUs5QrK4tQ54AaABAg","channel terbaik 🤞","3865","false","https://www.youtube.com/watch?v=eOwtRnJemrg","8 months ago","0",,"Baru Lulus Udah Pengen Buka Bisnis?","comment","eOwtRnJemrg","0"
"@jackal-ghuroba6907","false","Ugy5Gma7qESQkXJx34d4AaABAg","Mau berbisnis,buat dapatin 60jt pertama untuk umrohin ibu.","3865","false","https://www.youtube.com/watch?v=eOwtRnJemrg","8 months ago","0",,"Baru Lulus Udah Pengen Buka Bisnis?","comment","eOwtRnJemrg","0"
"@irvandarmawan5706","false","UgzN2WbwGqv7MhMQ9NV4AaABAg","Mau tanya Dok, lahir jad Cindo privilage gk???, soalnya banyak orang ngomong cindo cari kerja lebih gampang.","3865","false","https://www.youtube.com/watch?v=eOwtRnJemrg","8 months ago","0",,"Baru Lulus Udah Pengen Buka Bisnis?","comment","eOwtRnJemrg","0"
"@Pos4metaL","false","UgxaEeQErV63s_3pKpV4AaABAg","Sangat relate... thank infonya","3865","false","https://www.youtube.com/watch?v=eOwtRnJemrg","8 months ago","0",,"Baru Lulus Udah Pengen Buka Bisnis?","comment","eOwtRnJemrg","0"
"@vinmatsuri8949","false","Ugy-q5FKxLV10k8eVA14AaABAg","Dulu Tirta mengejar validasi bahwa dirinya pintar, skrg sedang mengejar validasi bahwa dirinya sudah cukup bijak.. aman kok dok ngejar validasi.. karena hidup memang butuh pengakuan","3865","false","https://www.youtube.com/watch?v=eOwtRnJemrg","8 months ago","0",,"Baru Lulus Udah Pengen Buka Bisnis?","comment","eOwtRnJemrg","7"
"@ahmadamirudin5871","false","Ugzw4j7eIUzabwnZeGx4AaABAg","platform media sosial sekarang udah lumayan berkembang karena banyak konten edukatif jika dibanding 2015 an","3865","false","https://www.youtube.com/watch?v=eOwtRnJemrg","8 months ago","0",,"Baru Lulus Udah Pengen Buka Bisnis?","comment","eOwtRnJemrg","0"
"@gombalmukiyo5525","false","UgwAnLcjIqVXEpmo3Kd4AaABAg","22:27 kemungkinan yg di maksud dr tirta
Yasa Singgih
Gita Wirjawan
William Tanuwijaya","3865","false","https://www.youtube.com/watch?v=eOwtRnJemrg","8 months ago","0",,"Baru Lulus Udah Pengen Buka Bisnis?","comment","eOwtRnJemrg","0"
"@TOLHASMANGATURSIAGIAN","false","UgwKpj9Il8OdveKeAS94AaABAg","mau jadi pengusaha agar bermanfaat kesemua orang","3865","false","https://www.youtube.com/watch?v=eOwtRnJemrg","8 months ago","0",,"Baru Lulus Udah Pengen Buka Bisnis?","comment","eOwtRnJemrg","0"
"@Atetvchannel","false","Ugwa0Tp-aFohOMTbz3B4AaABAg","Dia tidak menjelaskan Agama, tetapi dia membuka Agama dengan sampul yg sederhana, Realistis itu sampulnya😉","3865","false","https://www.youtube.com/watch?v=eOwtRnJemrg","8 months ago","0",,"Baru Lulus Udah Pengen Buka Bisnis?","comment","eOwtRnJemrg","0"
"@irhamismail6225","false","UgygcmJjNmX1G1-PV854AaABAg","Banyak privilege.., saya berjuang dari nol, kepruk ndase.. 😄😄😄","3865","false","https://www.youtube.com/watch?v=eOwtRnJemrg","8 months ago","0",,"Baru Lulus Udah Pengen Buka Bisnis?","comment","eOwtRnJemrg","0"
"@jaingrecords","false","UgzRCr15OK0rajkThvR4AaABAg","Saya jd penasaran, apabila saya menonton video ini sebelum saya memulai kehancuran saya 5 tahun lalu, apakah saya bakal dengerin?","3865","false","https://www.youtube.com/watch?v=eOwtRnJemrg","8 months ago","0",,"Baru Lulus Udah Pengen Buka Bisnis?","comment","eOwtRnJemrg","0"
"@apkredit","false","UgweLkr0KqlBrRoaroB4AaABAg","Tutorial yg sangat realistis, memang itulah 3 pertimbangan penting sebelum mulai bisnis, dan pesan yg paling saya ingat di video ini, kalau baru lulus kuliah, jangan terjebak RUSH, terburu-buru mengejar idealisme fiktif, Tapi bekerjalah apapun itu tanpa prestis, itu sungguh tangga paling bagus,, btw : Mantapp","3865","false","https://www.youtube.com/watch?v=eOwtRnJemrg","8 months ago","0",,"Baru Lulus Udah Pengen Buka Bisnis?","comment","eOwtRnJemrg","0"
"@fluffyandsoft362","false","UgyHroDYq30bLbMPEJN4AaABAg","Bila jd enterpreneur karena kondisi sertifikasi pendidikan yg tidak mendukung,dan zaman sekarang mau kerja juga harus bayar biar masuk.
Gmn tuh dok peng?","3865","false","https://www.youtube.com/watch?v=eOwtRnJemrg","8 months ago","0",,"Baru Lulus Udah Pengen Buka Bisnis?","comment","eOwtRnJemrg","0"
"@cyrillusarief1014","false","UgyknyT1pR1boiVOI9V4AaABAg","sekarang saya berfikir realistis😊😊","3865","false","https://www.youtube.com/watch?v=eOwtRnJemrg","8 months ago","0",,"Baru Lulus Udah Pengen Buka Bisnis?","comment","eOwtRnJemrg","0"
"@biruuu.0i","false","UgzNte0zveb1xRpzDaF4AaABAg","Kamboja last option 😂","3865","false","https://www.youtube.com/watch?v=eOwtRnJemrg","8 months ago (edited)","0",,"Baru Lulus Udah Pengen Buka Bisnis?","comment","eOwtRnJemrg","0"
"@ocul3602","false","Ugx6-BhuXYiSrurNRNt4AaABAg","Terimakasih dok.","3865","false","https://www.youtube.com/watch?v=eOwtRnJemrg","8 months ago","0",,"Baru Lulus Udah Pengen Buka Bisnis?","comment","eOwtRnJemrg","0"
"@muhammaddzulkifli1423","false","Ugw5t6Iy7TedHuhawX54AaABAg","Kuncinya pembicaraan ini ada di menit 26. Cekidot","3865","false","https://www.youtube.com/watch?v=eOwtRnJemrg","8 months ago","0",,"Baru Lulus Udah Pengen Buka Bisnis?","comment","eOwtRnJemrg","0"
"@Pr3z3nt0-4ppr","false","UgzQuwNIRYGBb8N96ih4AaABAg.AOr7sK6Vg8jAOr7thkkZYz","/laksamana kings*","3865","false","https://www.youtube.com/watch?v=eOwtRnJemrg","8 months ago","0","UgzQuwNIRYGBb8N96ih4AaABAg","Baru Lulus Udah Pengen Buka Bisnis?","reply","eOwtRnJemrg","0"
"@ghostbuster8102","false","UgyX4Xc2bSOFqqhDSMV4AaABAg","MENTALITAS","3865","false","https://www.youtube.com/watch?v=eOwtRnJemrg","8 months ago","0",,"Baru Lulus Udah Pengen Buka Bisnis?","comment","eOwtRnJemrg","0"
"@learn-arabic_online","false","Ugz9JZd5_WyhKdz5v_p4AaABAg","makasi dok nasihatnya, memang harus ditampar realita dulu baru sadar diri.","3865","false","https://www.youtube.com/watch?v=eOwtRnJemrg","8 months ago","0",,"Baru Lulus Udah Pengen Buka Bisnis?","comment","eOwtRnJemrg","0"
"@AlizyanMalco","false","UgzFbIjuX-R_gbXYiXx4AaABAg","Thanks dok 🙏","3865","false","https://www.youtube.com/watch?v=eOwtRnJemrg","8 months ago","0",,"Baru Lulus Udah Pengen Buka Bisnis?","comment","eOwtRnJemrg","0"
"@AqilZaid-ws8pe","false","UgwUrXPDb5Nvd5oPMml4AaABAg","gw bisnis pengen nyari duit tapi tetep bebas untuk sholat dok, kalo kerja biasane masbuk dok 🗿","3865","false","https://www.youtube.com/watch?v=eOwtRnJemrg","8 months ago","1",,"Baru Lulus Udah Pengen Buka Bisnis?","comment","eOwtRnJemrg","0"
"@nunung456","false","Ugx08rSBRAqKefsgJ5V4AaABAg","Setuju dgn paparan dr tirta, dan sy suka dgn cara dr tirta menyampaikan paparan tsb, santay, dgn kata2 yg kadang kocak didengar, jadi muda dipahami, kuy kita langsung praktekkan","3865","false","https://www.youtube.com/watch?v=eOwtRnJemrg","8 months ago","0",,"Baru Lulus Udah Pengen Buka Bisnis?","comment","eOwtRnJemrg","0"
"@isakidris","false","UgzspgxEvIXLr6wNWUB4AaABAg","Saya mau kaya raya dok","3865","false","https://www.youtube.com/watch?v=eOwtRnJemrg","8 months ago","0",,"Baru Lulus Udah Pengen Buka Bisnis?","comment","eOwtRnJemrg","0"
"@satriodauhan6264","false","UgzT2rXvZPJcMZ5mj694AaABAg","Bapak-bapak lihat ini merasa terwakilkan. Makasi dok.","3865","false","https://www.youtube.com/watch?v=eOwtRnJemrg","8 months ago","0",,"Baru Lulus Udah Pengen Buka Bisnis?","comment","eOwtRnJemrg","0"
"@nathanwidhiarso8586","false","Ugwqy4DbZ4k95MMGfOZ4AaABAg","Hanya pekerja keras dan tekun dan tidak lupa bersyukur yang bisa menimati perjalanan hidupnya.","3865","false","https://www.youtube.com/watch?v=eOwtRnJemrg","8 months ago","0",,"Baru Lulus Udah Pengen Buka Bisnis?","comment","eOwtRnJemrg","0"
"@ZM777","false","UgxO9nY6dn3SC_mRDKZ4AaABAg","Top","3865","false","https://www.youtube.com/watch?v=eOwtRnJemrg","8 months ago","0",,"Baru Lulus Udah Pengen Buka Bisnis?","comment","eOwtRnJemrg","1"
"@mfaiqhaydar","false","UgxOAaFAn5WEcaq3rrJ4AaABAg","Bapakku tukang kayu,ibukku jualan bubur ayam,sekarang aku lagi bangun kost kotssan soalnya tahun kemaren bangun 8 kamar kost dan sekarang udah full,dan sekarang lagi kuliah semester 7,kuliah sambil kerja serabutan...minta doanya guys
 semoga cita cita ku terlaksana","3865","false","https://www.youtube.com/watch?v=eOwtRnJemrg","8 months ago","0",,"Baru Lulus Udah Pengen Buka Bisnis?","comment","eOwtRnJemrg","4"
"@activitiboy","false","Ugwj1HQP5z-NeJoF8lN4AaABAg","nah","3865","false","https://www.youtube.com/watch?v=eOwtRnJemrg","8 months ago","0",,"Baru Lulus Udah Pengen Buka Bisnis?","comment","eOwtRnJemrg","1"
"@Bekerat_666","false","UgzgeqlxIjWrJmKCfaJ4AaABAg","Tabung ada dok 10juta doang, bingung mau simpen di mana, 5juta saya pake untuk usaha jualan baju bekas, 5 juta nya saya simpen di saham bca buat jangka panjang. Saya ga punya privilege, org tua bapak meninggal , ibu ga bisa jalan gara gara jatuh di kamar mandi, tapi saya semangat bekerja trus, yg penting perut keisi dulu, ga peduli mau sukses apa ngak nantinya..","3865","false","https://www.youtube.com/watch?v=eOwtRnJemrg","8 months ago (edited)","1",,"Baru Lulus Udah Pengen Buka Bisnis?","comment","eOwtRnJemrg","5"
"@awisnu1322","false","UgxAJZYtgh6Zj97xcRt4AaABAg","Woyy lahh tenkyu pak tirtaa","3865","false","https://www.youtube.com/watch?v=eOwtRnJemrg","8 months ago","0",,"Baru Lulus Udah Pengen Buka Bisnis?","comment","eOwtRnJemrg","0"
"@tsanicl","false","UgyvUp5wSa2kmnAbzCR4AaABAg","""jangan buru buru nikah""","3865","false","https://www.youtube.com/watch?v=eOwtRnJemrg","8 months ago","0",,"Baru Lulus Udah Pengen Buka Bisnis?","comment","eOwtRnJemrg","1"
"@katroktelo","false","UgwN1yLNqDHNDonvF-B4AaABAg","saya baru lulus dagang komputer 
ibu bapak cuma PNS
uang saku kuliah cuma 500K
alhamdulillah usia 30 tahun aku udah dapat segalanya","3865","false","https://www.youtube.com/watch?v=eOwtRnJemrg","8 months ago","0",,"Baru Lulus Udah Pengen Buka Bisnis?","comment","eOwtRnJemrg","0"
"@rexevan6714","false","UgzlDrMiUbxbiCV4bt14AaABAg","Ilmu Mahal. Terima Kasih Banyak dokter Tirta dan Malaka Project","3865","false","https://www.youtube.com/watch?v=eOwtRnJemrg","8 months ago","0",,"Baru Lulus Udah Pengen Buka Bisnis?","comment","eOwtRnJemrg","0"
"@FahmihzaTech","false","Ugy9XwPhHYuo6YnV8u14AaABAg","ya under 50 wkwkw","3865","false","https://www.youtube.com/watch?v=eOwtRnJemrg","8 months ago","0",,"Baru Lulus Udah Pengen Buka Bisnis?","comment","eOwtRnJemrg","0"
"@TotokSugiarto-k3g","false","UgxOiYRr1dPGF1FtPC54AaABAg","Klo gk punya tabungan tapi punya aset gmna?
Apakah asetnya harus dijual untk modal usaha?","3865","false","https://www.youtube.com/watch?v=eOwtRnJemrg","8 months ago","0",,"Baru Lulus Udah Pengen Buka Bisnis?","comment","eOwtRnJemrg","0"
"@SazaiRe","false","UgyACB5AMIxfLltRT514AaABAg","Buat stable finance aja om","3865","false","https://www.youtube.com/watch?v=eOwtRnJemrg","8 months ago","0",,"Baru Lulus Udah Pengen Buka Bisnis?","comment","eOwtRnJemrg","0"
"@ermakurniawati7681","false","UgyXgt09mzWT2hiUiYx4AaABAg","Keren banget cok","3865","false","https://www.youtube.com/watch?v=eOwtRnJemrg","8 months ago","0",,"Baru Lulus Udah Pengen Buka Bisnis?","comment","eOwtRnJemrg","0"
"@muhammaddzulkifli1423","false","UgwUrXPDb5Nvd5oPMml4AaABAg.AOoAl27IeNHAOoO3AIk5Nl","Niat yg bagus, semoga di permudah bisnisnya...","3865","false","https://www.youtube.com/watch?v=eOwtRnJemrg","8 months ago","0","UgwUrXPDb5Nvd5oPMml4AaABAg","Baru Lulus Udah Pengen Buka Bisnis?","reply","eOwtRnJemrg","0"
"@khayrasiran","false","UgzgeqlxIjWrJmKCfaJ4AaABAg.AOmXL-AetFuAOujpVfBLGH","Sya modal 100rb😂 saat itu hanya jualan pulsa...bisa berlipat2;uang 100rb itu Bahakan pernah sampai 1 M.....bisnis itu ada polanya...dan gua gak pernah ikut kelas apapun😂😂","3865","false","https://www.youtube.com/watch?v=eOwtRnJemrg","8 months ago","0","UgzgeqlxIjWrJmKCfaJ4AaABAg","Baru Lulus Udah Pengen Buka Bisnis?","reply","eOwtRnJemrg","0"
"@SelakauSelindung","false","UgzxfFcXqU57iATT2ot4AaABAg","Saya kira motivasi dari wong fei hung","3865","false","https://www.youtube.com/watch?v=eOwtRnJemrg","8 months ago","0",,"Baru Lulus Udah Pengen Buka Bisnis?","comment","eOwtRnJemrg","0"
"@meliakhusnuzan4122","false","UgyL4PPsb9m_mBGJz954AaABAg","Gua ketawa sendiri saat dr tirta ngomongin privilage , di dapur sambil ngopi dan narik rokok gua ngakak gk da satupun privilage asu.. 😂😂😂
Yaudah saya punya pikiran terbuka, tubuh yang sehat badan yang kuat, akan saya buat privilage itu 😂😂😂😂😅","3865","false","https://www.youtube.com/watch?v=eOwtRnJemrg","8 months ago","0",,"Baru Lulus Udah Pengen Buka Bisnis?","comment","eOwtRnJemrg","0"
"@egiernadi2669","false","Ugzi4tHdwZR7xB555mJ4AaABAg","Banyak mkir sama ketawanya 😂","3865","false","https://www.youtube.com/watch?v=eOwtRnJemrg","8 months ago","0",,"Baru Lulus Udah Pengen Buka Bisnis?","comment","eOwtRnJemrg","0"
"@adhicahyono9795","false","Ugw5HI3Hr0Z5CTjIj4J4AaABAg","asem we dok ...pancet ae gayane 🤣🤣🤣🤣","3865","false","https://www.youtube.com/watch?v=eOwtRnJemrg","8 months ago","0",,"Baru Lulus Udah Pengen Buka Bisnis?","comment","eOwtRnJemrg","0"
"@AzizImammudinR","false","UgyoXGQgVe05jGc6pah4AaABAg","26:25

1. Ilmu
2. Anak
3. Amal

Ustadz. Tirta 😊👍","3865","false","https://www.youtube.com/watch?v=eOwtRnJemrg","8 months ago","0",,"Baru Lulus Udah Pengen Buka Bisnis?","comment","eOwtRnJemrg","0"
"@arifwibowo5828","false","UgycK7d93qVYQNtVnSJ4AaABAg","Kerja dulu cari ilmu,pengalaman,sambil mbangun usaha..jadi gaji bisa nyubsidi...kalo sudah siap usahanya...baru resign .","3865","false","https://www.youtube.com/watch?v=eOwtRnJemrg","8 months ago","0",,"Baru Lulus Udah Pengen Buka Bisnis?","comment","eOwtRnJemrg","0"
"@TeriDaily","false","UgxrHtr9bondeD0mbY94AaABAg","Saya kerja di bidang FNB 17 tahun
Merasa sudah paham segala hal tentang fnb.
Bisnis pertama dibidang fashion gagal total
Bisnis kedua dikuliner gagal lagi
Bisnis ke tiga dikuliner lg, rasanya baru ada tanda2 berkembang.","3865","false","https://www.youtube.com/watch?v=eOwtRnJemrg","8 months ago","0",,"Baru Lulus Udah Pengen Buka Bisnis?","comment","eOwtRnJemrg","0"
"@toko_media","false","UgyD2jJYtsBv-Z7vbT14AaABAg","Ya","3865","false","https://www.youtube.com/watch?v=eOwtRnJemrg","8 months ago","0",,"Baru Lulus Udah Pengen Buka Bisnis?","comment","eOwtRnJemrg","0"
"@Konoha-r5n","false","UgxpebRUvB98AHkEYRt4AaABAg","Anjer ngakak gue... 😂😂 nemu dosen begini, perut kenceng muluuu😅","3865","false","https://www.youtube.com/watch?v=eOwtRnJemrg","8 months ago","0",,"Baru Lulus Udah Pengen Buka Bisnis?","comment","eOwtRnJemrg","0"
"@karnobakso353","false","UgwtO0LsweZYe58O2FN4AaABAg","Simpel ,gak pingin kaya tapi pingin hidup tenang tanpa memikirkan biaya dan bisa melaksanakan hobi sambil uang aman","3865","false","https://www.youtube.com/watch?v=eOwtRnJemrg","8 months ago","0",,"Baru Lulus Udah Pengen Buka Bisnis?","comment","eOwtRnJemrg","0"
"@Rx7sttudio7233","false","UgyWorIFPKIj94MhvlR4AaABAg","ha..ha...sudah tahu konsep ini sejak lama. Logis dan realistis itulah cara""Survival"" sebenarnya. Beliau hanya menjabarkan secara detail. Nice dr. tirta.","3865","false","https://www.youtube.com/watch?v=eOwtRnJemrg","8 months ago","0",,"Baru Lulus Udah Pengen Buka Bisnis?","comment","eOwtRnJemrg","0"
"@nurmalavalentina","false","Ugzmjkh-hLEij836ggl4AaABAg","Dok kalo kerja di Pialang boleh?","3865","false","https://www.youtube.com/watch?v=eOwtRnJemrg","8 months ago","0",,"Baru Lulus Udah Pengen Buka Bisnis?","comment","eOwtRnJemrg","0"
"@renitria1831","false","Ugxunwe2VZUrlBw1gbR4AaABAg","Saya kerja mulai dari umur 20 tahun sampai sekarang 39 thn namun juga suka mencoba buka usaha, bangkrut coba lagi dan lagi, kuncinya selama selama saya punya tabungan saya tidak menyerah menemukan usaha yang cocok, selalu mencoba walapun gagal. Selama uang modal yang di pakai bukan hasil hutang, beban tidak doble beratnya jadi masih bisa di pakai muter untuk operasional. Dan saya juga masih belum berani lepas pekerjaan, alhamdulillah bisa hire karyawan. Karena tujuan saya membuka usaha adalah semoga saya di mampukan membuka lapangan kerja untuk orang2 yang tidak lulus sekolah Insha Alloh ingin menjadi manusia yang bisa bermanfaat untuk manusia lainnya, karena ijasah bukan yang utama buat saya.","3865","false","https://www.youtube.com/watch?v=eOwtRnJemrg","8 months ago (edited)","0",,"Baru Lulus Udah Pengen Buka Bisnis?","comment","eOwtRnJemrg","12"
"@muhammadrangga2071","false","Ugy8lCE0SHiqjSkgGd94AaABAg","Donnie yen versi jowo 😄🙏","3865","false","https://www.youtube.com/watch?v=eOwtRnJemrg","8 months ago","0",,"Baru Lulus Udah Pengen Buka Bisnis?","comment","eOwtRnJemrg","0"
"@ahmadfs1482","false","Ugy7X3tjNinnSsUhU7l4AaABAg","Tapi liverpool musin25/26 lgi gblok""nya dok wkwkwk:v","3865","false","https://www.youtube.com/watch?v=eOwtRnJemrg","8 months ago","0",,"Baru Lulus Udah Pengen Buka Bisnis?","comment","eOwtRnJemrg","0"
"@flowerbouquetinspiration","false","UgwL2L436etdC2rf64B4AaABAg","1. Tujuan harus jelas kalau mau jadi pengusaha","3865","false","https://www.youtube.com/watch?v=eOwtRnJemrg","8 months ago","0",,"Baru Lulus Udah Pengen Buka Bisnis?","comment","eOwtRnJemrg","0"
"@Yang_Mulia","false","UgwOJagLdym5S9xtzNF4AaABAg","gw udah cobak kerja > bisnis> bankrut > kerja > bisnis > bangkrut dan sekarang kerja lagi, bisnis itu susah bro! keras! setuju sekali 👍
mending kerja dulu cari ilmu cari pengalaman baru bisnis","3865","false","https://www.youtube.com/watch?v=eOwtRnJemrg","8 months ago (edited)","0",,"Baru Lulus Udah Pengen Buka Bisnis?","comment","eOwtRnJemrg","0"
"@miftahul5288","false","UgwDEIPbfdKK6KOJ_RV4AaABAg","Kalimat terakhirnya bole juga tuh 😂 #ynwa","3865","false","https://www.youtube.com/watch?v=eOwtRnJemrg","8 months ago","0",,"Baru Lulus Udah Pengen Buka Bisnis?","comment","eOwtRnJemrg","0"
"@ramzysummer","false","UgzD36imMDwZUIW8EkN4AaABAg","wah brarti gw ud crazy rich donk bisa beli waktu buat di abisin breng keluarga 1x24jem dirumah doank😌","3865","false","https://www.youtube.com/watch?v=eOwtRnJemrg","8 months ago","0",,"Baru Lulus Udah Pengen Buka Bisnis?","comment","eOwtRnJemrg","0"
"@safirmuhmmd25","false","UgzlYuOVjEyTg_y4aIl4AaABAg","tertampar gua dok, makasih dok thx juga buat tim Malaka sudah membuat chanel ini","3865","false","https://www.youtube.com/watch?v=eOwtRnJemrg","8 months ago","0",,"Baru Lulus Udah Pengen Buka Bisnis?","comment","eOwtRnJemrg","0"
"@arifwa3631","false","UgxwqCeuHLoMSeaRoCt4AaABAg","Sangar cak🔥","3865","false","https://www.youtube.com/watch?v=eOwtRnJemrg","8 months ago","0",,"Baru Lulus Udah Pengen Buka Bisnis?","comment","eOwtRnJemrg","0"
"@SUKMAwijayaTegalpapak","false","Ugzpm_l7EDZyFQrTa0h4AaABAg","Aku anak miskin, gak punya privilage ,  orang tua hanya ibu yang berusia 80 thn, aku seorang difabel lowvision. Aku berusia 30an sedang menempuh kukiah smester 7 dengan veasiswa, profesi hanya seorang terapi massage.","3865","false","https://www.youtube.com/watch?v=eOwtRnJemrg","8 months ago (edited)","0",,"Baru Lulus Udah Pengen Buka Bisnis?","comment","eOwtRnJemrg","1"
"@kadekartha8224","false","Ugyq5idQPNpb9RUPxId4AaABAg","Banyak yg kuliah karena ortunya asn","3865","false","https://www.youtube.com/watch?v=eOwtRnJemrg","8 months ago","0",,"Baru Lulus Udah Pengen Buka Bisnis?","comment","eOwtRnJemrg","0"
"@ejafahlevi3465","false","UgzdAvqiZSn2sEEY9YR4AaABAg","wkwkwk dari awal bener jawabanku, yang dicari jadi pengusaha itu waktu luangnya lebih banyak 😂😂

sekedar info saya kuliah ipk 3,3 ; privillege bapak pebisnis (sempet vakum saat saya kuliah) ; privillege networking juga dari bapak ; privillege ya ada lah uang tapi gk kaya banget

dari privillege itu, awalnya emang niatnya cuman kerja biasa aja, karena lulus kuliah langsung daftar kerja (dengan privillege networking bapak juga), cuman waktu saya kerja dibidang yang sama yaitu marine, saya merasa dalam pov saya menilai bagaimana nasib ""boss"" atau istilahnya disini subcontractor itu banyak yang ditipu oleh karyawan dan ditindas oleh maincontractor..

bertepatan dengan hal tersebut, walaupun perusahaan sebelumnya sudah dijual oleh bapak saya, privillege networking membuat bapak saya menjadi pengusaha lagi dengan PT baru, dikarenakan ada kekhawatiran yang saya rasakan sewaktu bekerja dengan orang lain serta saya rasa sedikit ilmu yang bertambah dapat membuat saya bisa membantu bapak saya agar tidak tertipu oleh karyawan.

jatuh bangunnya saya ikuti dari bapak saya, bahkan sempat rugi karena baru memulai lagi...

hingga saat ini semoga semakin stabil lagi profit yang kami dapat setelah kurang lebih 1 tahun sebagai pembelajaran kegagalan dalam berbisnis ❤❤","3865","false","https://www.youtube.com/watch?v=eOwtRnJemrg","8 months ago (edited)","1",,"Baru Lulus Udah Pengen Buka Bisnis?","comment","eOwtRnJemrg","0"
"@sonyprototype5216","false","UgwOISFH8dF1fik9ArR4AaABAg","Gue gak keberatan di ilokno kalo demi kebaikan gue sendiri 😅","3865","false","https://www.youtube.com/watch?v=eOwtRnJemrg","8 months ago","0",,"Baru Lulus Udah Pengen Buka Bisnis?","comment","eOwtRnJemrg","0"
"@mimauzaofficial9615","false","UgyUFa6qZ8cJkN-nOh54AaABAg","semua kembali kepada durabilitas buat survive.. privilage bisa dibilang cuma 1 dari yg dok tirta sebutkan, tapi kami masih bisa survive dan growt tiap tahun hingga sekarang, dan ingat durabilitas harus tinggi dan sangat tinggi..","3865","false","https://www.youtube.com/watch?v=eOwtRnJemrg","8 months ago","0",,"Baru Lulus Udah Pengen Buka Bisnis?","comment","eOwtRnJemrg","0"
"@SotoAyam-w6b","false","UgyJj0k7FxMZU8WmqlV4AaABAg","Orangtua gua pedagang, dari kecil udah liat susahnya orangtua gw buka usaha sendiri... Udahlah ditipu supplier, ditipu pembeli, ditipu saudara sendiri, dipalakin RT, dipalakin ormas dan akamsi... macem2 itu semua butuh modalll dan mental yang kuat... Kalo baru lulus sekolah, modal dengkul, mending kerja jadi budak korporat dulu, ngumpulin modal dulu baru deh sedikit-sedikit buka usaha sendiri...","3865","false","https://www.youtube.com/watch?v=eOwtRnJemrg","8 months ago","0",,"Baru Lulus Udah Pengen Buka Bisnis?","comment","eOwtRnJemrg","0"
"@muhammadadnan6280","false","UgwcHFfG5MtdzzTVMDh4AaABAg","Semangat adik-adik yang sekarang masih kuliah, emang hidup itu seperti ini adanya. Saya cuma punya 1 dari 3 Privilage yang disebutin dr. Tirta. Modal IPK diatas 3, kuliah pun karena dapet Bidik Misi. Emang baiknya kerja keras dan cari pengalaman kerja yang banyak. Kalaupun kalian emang getol pengen jadi pengusaha, coba buktiin saat kalian kuliah, kalian malu ga nawar-nawarin barang ke temen-temen kuliah mu? kalau itu aja malu mending fokus kuliah, dapetin intership di perusahaan sesuai dengan bidangmu. Ingat di Indonesia, kalian cuma punya waktu kurang lebih 3-4 tahun setelah lulus, karena loker rata2 sudah tutup untuk usia diatas 25 tahun, Good Luck!","3865","false","https://www.youtube.com/watch?v=eOwtRnJemrg","8 months ago","0",,"Baru Lulus Udah Pengen Buka Bisnis?","comment","eOwtRnJemrg","0"
"@RidhoMahesa-el4iy","false","Ugy6hVUJf_pIUKmqef54AaABAg","Saya umur 19thn 
kerja gajih dw 200rb perhari 
 kuliah ipk cuma 3
 investasi baru 3jt 
Trading ada 1jt  
bapa saya pns 
Saya Cuma ngasih jajan ke orang tua.","3865","false","https://www.youtube.com/watch?v=eOwtRnJemrg","8 months ago","0",,"Baru Lulus Udah Pengen Buka Bisnis?","comment","eOwtRnJemrg","1"
"@AndyChannelproperty","false","UgxmTrARhNtRN-MXo_l4AaABAg","edukasinya bersemangat berapi api sampe batuk😂","3865","false","https://www.youtube.com/watch?v=eOwtRnJemrg","8 months ago","0",,"Baru Lulus Udah Pengen Buka Bisnis?","comment","eOwtRnJemrg","0"
"@rahmatswandy9243","false","Ugx9Kwq33Wfo3iPfJPh4AaABAg","Kerja dari umur 20 tahun aampe 26 cmn terkumpul 40 juta, dgn catatan ngga rokok , minum, slot dan jajan aneh aneh. 
Caranya dapet 100 juta berat kalau ngandalin gaji umr😂. Kecuali beruntung","3865","false","https://www.youtube.com/watch?v=eOwtRnJemrg","8 months ago","1",,"Baru Lulus Udah Pengen Buka Bisnis?","comment","eOwtRnJemrg","1"
"@pelitatriano7350","false","UgzcJPm22E165jYFzMt4AaABAg","Trims, Dr Tirta atas ilmunya..","3865","false","https://www.youtube.com/watch?v=eOwtRnJemrg","8 months ago","0",,"Baru Lulus Udah Pengen Buka Bisnis?","comment","eOwtRnJemrg","0"
"@witadarmaiketut1325","false","Ugz74pmQqrHCtmMDY3t4AaABAg","Tim malaka coba bikin pembahasan ""bagaimana menjadi seorang kapitalis"" saya lagi pengen belajar menjadi kaum kapitalis atau bisnis kapitalis, dan apakah masih layak di tahun 2025 s/d 2030 kedipan?","3865","false","https://www.youtube.com/watch?v=eOwtRnJemrg","8 months ago","0",,"Baru Lulus Udah Pengen Buka Bisnis?","comment","eOwtRnJemrg","0"
"@riskyriswanto1733","false","UgwE8a3RlxoeFe6k0JN4AaABAg","mati itu cuman sekali hidupnya tiap hari","3865","false","https://www.youtube.com/watch?v=eOwtRnJemrg","8 months ago","0",,"Baru Lulus Udah Pengen Buka Bisnis?","comment","eOwtRnJemrg","0"
"@stanlygareng9912","false","UgxvPpV1oqJMqC1RqRR4AaABAg","Kenapa tidak ada yang menyarankan kerja di luar negeri?","3865","false","https://www.youtube.com/watch?v=eOwtRnJemrg","8 months ago","0",,"Baru Lulus Udah Pengen Buka Bisnis?","comment","eOwtRnJemrg","0"
"@AjiMasaid-r7w","false","UgydLAMfp35oyJbd0f54AaABAg","Ini baru hebat ...motifasi","3865","false","https://www.youtube.com/watch?v=eOwtRnJemrg","8 months ago","0",,"Baru Lulus Udah Pengen Buka Bisnis?","comment","eOwtRnJemrg","0"
"@Nining78-r3u","false","UgynOieLoPL7XDp_x0h4AaABAg","Aku dulu kuliah jg tdk terlalu pinter,  suka main saja,tdk menguasai  materi kuliahku ,tp begitu aku lulus kuliah krn aku jurusan akuntansi  aku beli buku akuntansi dan perpajkan trus aku belajar sendiri, jd begitu aku ujian masuk kerja aku bisa, alhamdulillah  tdk terlalu sulit dapat kerja, aku telateni  kerja,sampai sekarang aku masih kerja, sambil  bisnis kecil2 lan aja
Dulu prinsip ku ku ga mau menggantungkan hidup ku ke orang lain termasuk ortu ku....alhamdulillah dikabulkan oleh alloh","3865","false","https://www.youtube.com/watch?v=eOwtRnJemrg","8 months ago","0",,"Baru Lulus Udah Pengen Buka Bisnis?","comment","eOwtRnJemrg","0"
"@nokless2299","false","UgyyTP7JidUbw_bcFVB4AaABAg","dok kalo, privilege nggak ada tabungan belum ada, nggak kuliah ? gimana dong ngatasinnya.","3865","false","https://www.youtube.com/watch?v=eOwtRnJemrg","8 months ago","0",,"Baru Lulus Udah Pengen Buka Bisnis?","comment","eOwtRnJemrg","0"
"@GenOz-x6p","false","UgzhfmRZtor8Z5KBZG54AaABAg","Dari nol dari nol ,ndasmu😂","3865","false","https://www.youtube.com/watch?v=eOwtRnJemrg","8 months ago","0",,"Baru Lulus Udah Pengen Buka Bisnis?","comment","eOwtRnJemrg","0"
"@kevinmitnick-e2m","false","UgxZvaSEpjDhZqCpenh4AaABAg","NAMPAR BANGET KATA-KATANYA !!! :face-pink-tears:","3865","false","https://www.youtube.com/watch?v=eOwtRnJemrg","8 months ago","0",,"Baru Lulus Udah Pengen Buka Bisnis?","comment","eOwtRnJemrg","0"
"@kevinmitnick-e2m","false","UgyJpWWi3TD1Gxct46V4AaABAg","tokoh yg gw demen dari zaman covid","3865","false","https://www.youtube.com/watch?v=eOwtRnJemrg","8 months ago","0",,"Baru Lulus Udah Pengen Buka Bisnis?","comment","eOwtRnJemrg","0"
"@nandaekaputra325","false","UgxUaz-S-fQ2kSn2V_h4AaABAg","Yes,,,,
PENGALAMAN !!!!
Catat itu Kawan2 dan adik2,,,
Pengalaman.
Pengalaman baik ataupun pengalaman buruk.
Ada pelajaran dibalik itu semua.","3865","false","https://www.youtube.com/watch?v=eOwtRnJemrg","8 months ago","0",,"Baru Lulus Udah Pengen Buka Bisnis?","comment","eOwtRnJemrg","0"
"@FindHopeYT","false","UgzLV2zdYe8YZLt-IYp4AaABAg","Saya kalau ga diphk juga ga akan Freelance sekarang,Enakan kerja tinggal ngerjain apa yang orang suruh,ya meskipun susahnya di drama dengan orang orang","3865","false","https://www.youtube.com/watch?v=eOwtRnJemrg","8 months ago","0",,"Baru Lulus Udah Pengen Buka Bisnis?","comment","eOwtRnJemrg","0"
"@DzawinNur.","false","Ugzn90OkrTmttx8IbyF4AaABAg","Sungguh lucu sekali mas ini 😂😂😂","3865","false","https://www.youtube.com/watch?v=eOwtRnJemrg","8 months ago","3",,"Baru Lulus Udah Pengen Buka Bisnis?","comment","eOwtRnJemrg","119"
"@deden77720","false","Ugxks9vxkosJr0POV6R4AaABAg","Aku bingung

Kamu dokter apa tukang jualan","3865","false","https://www.youtube.com/watch?v=eOwtRnJemrg","8 months ago","0",,"Baru Lulus Udah Pengen Buka Bisnis?","comment","eOwtRnJemrg","0"
"@Pejuangrejekireceh321","false","Ugy4Ad2POk-RTMUtizZ4AaABAg","Aku sudah 15 tahun usaha. 
Sekarang buka cabang. Susah rame nya.. Lesu. 
Tp usaha yang sudah berjalan Alhamdulillah tetp rame.","3865","false","https://www.youtube.com/watch?v=eOwtRnJemrg","8 months ago","0",,"Baru Lulus Udah Pengen Buka Bisnis?","comment","eOwtRnJemrg","0"
"@kelvinhidayat1513","false","UgxwOc0L9797V0GDV6Z4AaABAg","Dapet ilmu sambil ngakak wkwk","3865","false","https://www.youtube.com/watch?v=eOwtRnJemrg","8 months ago","0",,"Baru Lulus Udah Pengen Buka Bisnis?","comment","eOwtRnJemrg","0"
"@satrianarandafa27","false","UgxBuBkHR4aM2c260jZ4AaABAg","Ayah ini arahnya kemana","3865","false","https://www.youtube.com/watch?v=eOwtRnJemrg","8 months ago","0",,"Baru Lulus Udah Pengen Buka Bisnis?","comment","eOwtRnJemrg","0"
"@ありがとうZX","false","Ugzad5AfLF_OG4cFsjp4AaABAg","Bapa e direktur bank
anak e wis tunggal 'cino' 
pelit pula 😆🤣

jleb banget...!!","3865","false","https://www.youtube.com/watch?v=eOwtRnJemrg","8 months ago (edited)","0",,"Baru Lulus Udah Pengen Buka Bisnis?","comment","eOwtRnJemrg","0"
"@Tokopilbiru","false","UgzE3hkE8Gi-sDGOy_l4AaABAg","gw selalu suka motivasi tirta walopun waktu dia masih ugal2an 😂. karena waktu beliau selalu relate sama dia","3865","false","https://www.youtube.com/watch?v=eOwtRnJemrg","8 months ago","0",,"Baru Lulus Udah Pengen Buka Bisnis?","comment","eOwtRnJemrg","0"
"@permadhiarya8326","false","Ugz5d51DoXTMcYcqVcZ4AaABAg","Wasu tenan ik, suwun dok... suwun tenan 🙏","3865","false","https://www.youtube.com/watch?v=eOwtRnJemrg","8 months ago","0",,"Baru Lulus Udah Pengen Buka Bisnis?","comment","eOwtRnJemrg","0"
"@muhammadalbertnasuroloh7733","false","UgynX_jnfPS6-bfVAP94AaABAg","Pehh dokter sangar iki","3865","false","https://www.youtube.com/watch?v=eOwtRnJemrg","8 months ago","0",,"Baru Lulus Udah Pengen Buka Bisnis?","comment","eOwtRnJemrg","0"
"@sekedarqodir4387","false","UgwLhcPbNgoVyX6qg3x4AaABAg","Gua 35, ga punya tabungan, ga punya privilege, IPK pas2an, kerja cuman ngojol 😅
Makanya gua ga pernah berani ngambil keputusan buat nikah, karna gamau ngebuat lingkaran kemiskinan, dan gua setuju banget sama omongan pa dokter ini, cuman ya susah kalo di lingkungan ga sedikit juga yg bilang kalo bujang ya rejekinya cuman buat satu orang, coba kalo nikah ""pasti ada aja rejekinya"" yaudah gabisa lanjut ngomong kalo dibenturinnya kearah situ karna endingnya pasti dikata ""kaya ga punya iman"" 😂
Pengen banget bisa minta solusi/arahan2 sama orang pinter kek gini 🙇🏾‍♂️","3865","false","https://www.youtube.com/watch?v=eOwtRnJemrg","8 months ago","0",,"Baru Lulus Udah Pengen Buka Bisnis?","comment","eOwtRnJemrg","0"
"@jajangdul","false","Ugwo43jUNTCFhIpHCLJ4AaABAg","Gua jualan Dok, apakah masuk bisnis? nyari kerja susah. Daripada nganggur jualan aja dok modal kecil kecilan.","3865","false","https://www.youtube.com/watch?v=eOwtRnJemrg","8 months ago","0",,"Baru Lulus Udah Pengen Buka Bisnis?","comment","eOwtRnJemrg","0"
"@syaondri14","false","Ugw-cfr2_ZjekXVlzAd4AaABAg","21:00 dok Kapal Listrik ada, mesinnya kayak mesin jet ski pakai sistem jet air tapi 40 megawatt hour XD","3865","false","https://www.youtube.com/watch?v=eOwtRnJemrg","8 months ago","0",,"Baru Lulus Udah Pengen Buka Bisnis?","comment","eOwtRnJemrg","0"
"@furqan8275","false","Ugzbqp84lgUMxtzqqnt4AaABAg","Terlalu kaya dibilang miskin, Terlalu miskin dibilang kaya. Menengah tanggung join the club","3865","false","https://www.youtube.com/watch?v=eOwtRnJemrg","8 months ago","0",,"Baru Lulus Udah Pengen Buka Bisnis?","comment","eOwtRnJemrg","0"
"@waningocehtv","false","UgzR_KJiNoC_gSpZEod4AaABAg","Saya sudah lulus kuliah, lahir dari tidak punya uang sama sekali bahkan disepelekan tetangga maupun saudara

1 mie instan selalu menjadi makanan pokok untuk tiga orang  ibu adik dan saya , kadangpun cari daundaunan diberikan air dan garam
Kendaraan hanya punya sepeda dan kaki
Sampai kuliah saya diberi kemudahan diboncengin teman sampai semester 4, semester 4 dapat beasiswa prestasi penganti

Tapi kerja : semuanya sudah saya coba 
Masuk radio sudah, tv (lokal) sudah, bikin film sudah, bikin naskah sudah, main film sudah, barista sudah, kerja sablon sudah, motivator sudah, crew film dan panggung sudah, bikin acara dari kementrian sudah (dulu namanya FBK), Cuci piring sudah, bisnis (kopi dan cuci sepatu) sudah tapi kurang beruntung, kerja nganter barang sudah,  menyelesaikan adiknya sampai s1 sudah

Akhir cerita, sekarang menjadi asn 

Setelah semua di lalui, intinya adalah ""Berusaha"" sisanya biar Tuhan yang memberikan jalan terbaik

Tapi sampai sekarang belum menikah karena memang belum mendapatkan biyaya lebih dan tak mau menyusahkan anak orang


Apakah saya puas dengan ini semua? ternyata tidak.
Kenapa ? 
Kalau pengen tau ya ,ayooo kita ngobrol mengenai Hidup hehe


Terimakasih
Maaf terlalu panjang dan mungkin tidak sama dengan kaliyan jalan hidup saya","3865","false","https://www.youtube.com/watch?v=eOwtRnJemrg","8 months ago (edited)","0",,"Baru Lulus Udah Pengen Buka Bisnis?","comment","eOwtRnJemrg","4"
"@pesantrendss","false","UgwDJMcxUxDm5k7bkuB4AaABAg","29:08 nahh ini the best quote Dok","3865","false","https://www.youtube.com/watch?v=eOwtRnJemrg","8 months ago","0",,"Baru Lulus Udah Pengen Buka Bisnis?","comment","eOwtRnJemrg","0"
"@lioneljordanyap9826","false","UgzWRv_B4mZC81A6GjJ4AaABAg","wejangan keras tapi memang inilah fakta kehidupan, saya lebi krg 30 thn dibisnis, belum bisa finansial freedom, omset milyar, tp seperti yg dr tirta blg, kita harus mikirkan cost karyawan, asset  , pajak, pungli, kejadian diluar dugaan dll... Yg baru mulai lsg bisa kaya raya, itu 100% ada privilege, menang lotere, money laundering atau bisnis mafia diawal trus cuci tangan dibisnis terang....bullshit klo rintis btr bisa kaya raya","3865","false","https://www.youtube.com/watch?v=eOwtRnJemrg","8 months ago (edited)","0",,"Baru Lulus Udah Pengen Buka Bisnis?","comment","eOwtRnJemrg","1"
"@millennialyouthofficial3779","false","UgwDhGzGvcohEfQQmQl4AaABAg","Tujuan jadi pengusaha + berbisnis untuk menambah income perbulan /perhari","3865","false","https://www.youtube.com/watch?v=eOwtRnJemrg","8 months ago","0",,"Baru Lulus Udah Pengen Buka Bisnis?","comment","eOwtRnJemrg","0"
"@ejafahlevi3465","false","UgzdAvqiZSn2sEEY9YR4AaABAg.AOh2eEJugopAOh32qAsq7l","ohhiya reminder : karena pembelajaran yang saya dapat dari 8 bulan bekerja di perusahaan orang lain itu, sewaktu saya ikut terlibat dalam perusahaan bapak saya, karyawan2 saya merasa betah bahkan selalu bertanya2 kapan mereka bisa join lagi dengan kami, sederhana tapi bikin bahagia ❤❤","3865","false","https://www.youtube.com/watch?v=eOwtRnJemrg","8 months ago","0","UgzdAvqiZSn2sEEY9YR4AaABAg","Baru Lulus Udah Pengen Buka Bisnis?","reply","eOwtRnJemrg","0"
"@aihub6639","false","Ugx9Kwq33Wfo3iPfJPh4AaABAg.AOfFtnFWC69AOoLZShXPOn"," @rahmatswandy9243  jelas bisnis 😂","3865","false","https://www.youtube.com/watch?v=eOwtRnJemrg","8 months ago","0","Ugx9Kwq33Wfo3iPfJPh4AaABAg","Baru Lulus Udah Pengen Buka Bisnis?","reply","eOwtRnJemrg","0"
"@ragileksbean","false","Ugzn90OkrTmttx8IbyF4AaABAg.AOe5TqqNxdxAP5JrLf0Zet","Lha.. akun aseli 🙏🏻","3865","false","https://www.youtube.com/watch?v=eOwtRnJemrg","8 months ago","0","Ugzn90OkrTmttx8IbyF4AaABAg","Baru Lulus Udah Pengen Buka Bisnis?","reply","eOwtRnJemrg","2"
"@alifmuhammadfahru12","false","Ugzn90OkrTmttx8IbyF4AaABAg.AOe5TqqNxdxAPgSpaUXOuj","🤣🤣🤣","3865","false","https://www.youtube.com/watch?v=eOwtRnJemrg","7 months ago","0","Ugzn90OkrTmttx8IbyF4AaABAg","Baru Lulus Udah Pengen Buka Bisnis?","reply","eOwtRnJemrg","2"
"@seenakzidat9339","false","Ugzn90OkrTmttx8IbyF4AaABAg.AOe5TqqNxdxAPovgKuaVgo","Lucu sama emosian si","3865","false","https://www.youtube.com/watch?v=eOwtRnJemrg","7 months ago","0","Ugzn90OkrTmttx8IbyF4AaABAg","Baru Lulus Udah Pengen Buka Bisnis?","reply","eOwtRnJemrg","1"
"@rizzyx.7030","false","UgwvNtfbkpmMWIHNEmZ4AaABAg","terimakasih dok","3865","false","https://www.youtube.com/watch?v=eOwtRnJemrg","8 months ago","0",,"Baru Lulus Udah Pengen Buka Bisnis?","comment","eOwtRnJemrg","1"
"@AHMADADITSAPUTRA-b6n","false","Ugwu5IoDX55CAwESG4R4AaABAg","Kalau yg cuma lulusan smk 
Gk punya privilege buat lanjut kuliah 
Gk punya tabungan gimana 
Cara buat bisa survive di era seperti ini 
Dan bisa bertahan","3865","false","https://www.youtube.com/watch?v=eOwtRnJemrg","8 months ago","2",,"Baru Lulus Udah Pengen Buka Bisnis?","comment","eOwtRnJemrg","0"
"@jefflokanata","false","UgzD2DU5bK-1gEL1XY14AaABAg","engga, bro . ending kita mungkin berbeda. aku mau buat piramid ah.. hahahaha...
tapi setelah saya cek kurang lebih biayanya , bahkan kalau pakai asuransi jiwa,, tidak akan ada perusahaan asuransi yang mau dan bisa honor the contract.","3865","false","https://www.youtube.com/watch?v=eOwtRnJemrg","8 months ago","0",,"Baru Lulus Udah Pengen Buka Bisnis?","comment","eOwtRnJemrg","0"
"@dinaatiffany","false","Ugxawb83I-xhrjlaJLB4AaABAg","Saya asli kota Solo dan suami asli Boyolali. Bapak mertua saya kepala desa & Ibu mertua saya petani. Selama 1,5th berumah tangga aku liat kehidupan Bapak Ibu mertua saya memang hemat ""Frugal Living To The Max"" impact nya apa? Tanah sawahnya banyak, mau ekonomi dihantam krisis? Tenang krn tabungannya banyak ada amunisi buat bertahan hidup. And one day, saya merenungkan hal itu & I'm realized that cara hidup Frugal Living seperti itu perlu saya contoh. Tetep hidup sederhana walaupun sudah punya apa-apa.","3865","false","https://www.youtube.com/watch?v=eOwtRnJemrg","8 months ago","0",,"Baru Lulus Udah Pengen Buka Bisnis?","comment","eOwtRnJemrg","0"
"@hallochanel45","false","UgxtEoKEu9aT1Yk9Xd54AaABAg","Olive fried chicken ngk sembarang orang bisa franchise dok😢","3865","false","https://www.youtube.com/watch?v=eOwtRnJemrg","8 months ago","0",,"Baru Lulus Udah Pengen Buka Bisnis?","comment","eOwtRnJemrg","0"
"@hallochanel45","false","Ugx0FQAC-QZtbjGMj1B4AaABAg","Mau jadi orang yang bermanfaat untuk sekitar","3865","false","https://www.youtube.com/watch?v=eOwtRnJemrg","8 months ago","0",,"Baru Lulus Udah Pengen Buka Bisnis?","comment","eOwtRnJemrg","1"
"@dwi.isjudono.2","false","UgyZyd2VUFoAfS_mjHZ4AaABAg","hahaha dr. Tirta asik 😅","3865","false","https://www.youtube.com/watch?v=eOwtRnJemrg","8 months ago","0",,"Baru Lulus Udah Pengen Buka Bisnis?","comment","eOwtRnJemrg","0"
"@kencurmas9661","false","UgxCUTi1-ymS8O8_5ad4AaABAg","Saya 30th. Hidup d lingkaran setan. Saya mau keluar dri lingkaran tp blm punya penghasilan lain. Dn mulai coba buka stan kecil. Meskipun kecil alhamdulilah cukup buat bayar tim dn nutup untuk kehidupan","3865","false","https://www.youtube.com/watch?v=eOwtRnJemrg","8 months ago","0",,"Baru Lulus Udah Pengen Buka Bisnis?","comment","eOwtRnJemrg","0"
"@jerseytr","false","Ugzfn-K4bzo1rF73mKR4AaABAg","yang tidaknya lebih dari satu, kamboja aja.... sattt","3865","false","https://www.youtube.com/watch?v=eOwtRnJemrg","8 months ago","0",,"Baru Lulus Udah Pengen Buka Bisnis?","comment","eOwtRnJemrg","0"
"@gowashsaljuseboto","false","Ugx70YbJoagovAiDE2N4AaABAg","Riel bangeettt","3865","false","https://www.youtube.com/watch?v=eOwtRnJemrg","8 months ago","0",,"Baru Lulus Udah Pengen Buka Bisnis?","comment","eOwtRnJemrg","0"
"@johanindrapermana7328","false","UgweVBMeHsPu4oU_vEJ4AaABAg","Bener banget sih factor luck itu","3865","false","https://www.youtube.com/watch?v=eOwtRnJemrg","8 months ago","0",,"Baru Lulus Udah Pengen Buka Bisnis?","comment","eOwtRnJemrg","0"
"@TheReinz18","false","UgxCbIgBtVdvCYHuIbR4AaABAg","kalau kata timothy yakin dulu dan ubah mindset","3865","false","https://www.youtube.com/watch?v=eOwtRnJemrg","8 months ago","0",,"Baru Lulus Udah Pengen Buka Bisnis?","comment","eOwtRnJemrg","0"
"@yodiputra8604","false","UgxXXXc9Uc73LIY0Bt54AaABAg","Saya Tidak semuanya dok, tapi alhamdulillah masih punya Luck jadi setidaknya gak di bawah bawah banget. Tapi masih mimpi buat buka usaha sendiri.","3865","false","https://www.youtube.com/watch?v=eOwtRnJemrg","8 months ago","2",,"Baru Lulus Udah Pengen Buka Bisnis?","comment","eOwtRnJemrg","0"
"@salimsumairi","false","UgyVP5sumKFsvjG_0kd4AaABAg","Saya salim. Umur saya 21 th, saya lulusan SMA, saya yatim sejak umur 5 th. Ibu saya IRT 
SAYA TIDAK PUNYA PRIVILEGE
 Alhamdulillah saya sekarang sedang merintis usaha kecil. Setelah nonton ini saya makin sadar. Terimakasih Dr. Tirta juga Malaka Project ❤️","3865","false","https://www.youtube.com/watch?v=eOwtRnJemrg","8 months ago","1",,"Baru Lulus Udah Pengen Buka Bisnis?","comment","eOwtRnJemrg","1"
"@Aldianasrullah","false","UgzCNPWSOXe_A28C3xx4AaABAg","Nice","3865","false","https://www.youtube.com/watch?v=eOwtRnJemrg","8 months ago","0",,"Baru Lulus Udah Pengen Buka Bisnis?","comment","eOwtRnJemrg","0"
"@eddysusanto17","false","UgzgvGsD9X61t8RrXhN4AaABAg","Ini baru motivasi based on reality. Bukan motivasi yang seakan-akan membuat semua hal terdengar mudah dan indah","3865","false","https://www.youtube.com/watch?v=eOwtRnJemrg","8 months ago","0",,"Baru Lulus Udah Pengen Buka Bisnis?","comment","eOwtRnJemrg","0"
"@dedenjunaedi3075","false","Ugy8bLHP_7fp4z3lTs54AaABAg","SEMUA YG INGIN KOU LAKUKN HRS JUJUR DGN DIRIMU,GA USAH MARAH DGN KEADAANMU,IHTIAR DGN SEKUAT TENAGA TANPA KELUHAN.HATI"" DGN NAFSU YG JUSTRU AKAN MMENJARAKNMU.JALANIN AJA ,SUDAH ADA YG NGATUR.GA USAH PERCAYA SAMA ORANG LAIN,KLO MAU CARI ILMU SEKOLAH AJA.JANGN JUSTRU CARI DUKUN ,CARI.MOTIFATOR ,KAGA ADA YG MEREKA BISA LAKUKN ,KLO PUN LO SUKSES ITU SUDAH JLN LO.PERCAYA SJ SAMA YG MENCIPTAKAN,USAHA YG MAKSIMAL SETELAH ITU PASRAHKN PD YG KUASA,KARNA BISA JD BUKAN LO SUKSES TP JUSTRU LO SAKIT,YG PENTING SEHAT PIKIRAN,PHISIK.","3865","false","https://www.youtube.com/watch?v=eOwtRnJemrg","8 months ago","0",,"Baru Lulus Udah Pengen Buka Bisnis?","comment","eOwtRnJemrg","0"
"@EdwardGiovanni-h7o","false","Ugzgq6pKeYb93AjDDCB4AaABAg","relasi none, finansial none, ipk ? mohon maaf, saya hanya lulusan SMA (tapi baru baru ini ambil kuliah yah walaupun hanya UT dan di umur yang relatif terlambat yah). doakan saja saya bisa naik level dalam hidup ini sebelum saya wafat.","3865","false","https://www.youtube.com/watch?v=eOwtRnJemrg","8 months ago","0",,"Baru Lulus Udah Pengen Buka Bisnis?","comment","eOwtRnJemrg","0"
"@Fixxti","false","Ugxyd0zOYIDWhybWbVR4AaABAg","11 12 dengan ilmu dari pak Chandra Putra Negara","3865","false","https://www.youtube.com/watch?v=eOwtRnJemrg","8 months ago","0",,"Baru Lulus Udah Pengen Buka Bisnis?","comment","eOwtRnJemrg","0"
"@farissulthon4877","false","UgyyvdGJIp5mzyNO2_Z4AaABAg","🎉🎉❤❤😊😊😊😊thanks peng peng","3865","false","https://www.youtube.com/watch?v=eOwtRnJemrg","8 months ago","0",,"Baru Lulus Udah Pengen Buka Bisnis?","comment","eOwtRnJemrg","0"
"@yodiputra8604","false","UgxXXXc9Uc73LIY0Bt54AaABAg.AObFFMRmcj0AObFL3_YAPB","Dan saya generasi sandwich","3865","false","https://www.youtube.com/watch?v=eOwtRnJemrg","8 months ago","0","UgxXXXc9Uc73LIY0Bt54AaABAg","Baru Lulus Udah Pengen Buka Bisnis?","reply","eOwtRnJemrg","0"
"@yodiputra8604","false","UgxXXXc9Uc73LIY0Bt54AaABAg.AObFFMRmcj0AObFQ5_5m8q","Dan saya generasi sandwich","3865","false","https://www.youtube.com/watch?v=eOwtRnJemrg","8 months ago","0","UgxXXXc9Uc73LIY0Bt54AaABAg","Baru Lulus Udah Pengen Buka Bisnis?","reply","eOwtRnJemrg","0"
"@softcookie5359","false","Ugwu5IoDX55CAwESG4R4AaABAg.AOb_KbAUyfGAOcY-mpazGf","@AHMADADITSAPUTRA-b6n  tetap masuk kategori kerja","3865","false","https://www.youtube.com/watch?v=eOwtRnJemrg","8 months ago","0","Ugwu5IoDX55CAwESG4R4AaABAg","Baru Lulus Udah Pengen Buka Bisnis?","reply","eOwtRnJemrg","0"
"@dafaday","false","Ugwu5IoDX55CAwESG4R4AaABAg.AOb_KbAUyfGAOddzRnQgH5","Main yt lah buat dapet uang","3865","false","https://www.youtube.com/watch?v=eOwtRnJemrg","8 months ago","0","Ugwu5IoDX55CAwESG4R4AaABAg","Baru Lulus Udah Pengen Buka Bisnis?","reply","eOwtRnJemrg","0"
"@yosepmukti1","false","UgyVP5sumKFsvjG_0kd4AaABAg.AObB-S1ZnZ4AP_lB_tjn-g","Ok kan","3865","false","https://www.youtube.com/watch?v=eOwtRnJemrg","7 months ago","0","UgyVP5sumKFsvjG_0kd4AaABAg","Baru Lulus Udah Pengen Buka Bisnis?","reply","eOwtRnJemrg","1"
"@DodiHermanto-g9q","false","UgxUo3goBOMP3PygOGh4AaABAg","Kalo bisnis mudah semua orang pasti terjun tolol","3865","false","https://www.youtube.com/watch?v=eOwtRnJemrg","8 months ago","0",,"Baru Lulus Udah Pengen Buka Bisnis?","comment","eOwtRnJemrg","0"
"@Samsudin-d8h8y","false","UgwHthJwz0fQRfV1n4h4AaABAg","damn","3865","false","https://www.youtube.com/watch?v=eOwtRnJemrg","8 months ago","0",,"Baru Lulus Udah Pengen Buka Bisnis?","comment","eOwtRnJemrg","0"
"@InitialD-s6k","false","Ugyy5p9Hceaa9cFVZ9p4AaABAg","Saya masih semester 5, mahasiswa Informatika di salah satu universitas swasta terbaik di Yogyakarta. Tabungan saya kurang dari 2 digit, tetapi orang tua punya kebun sawit lumayan luas di Sumatera dan relasi dengan banyak orang berpengaruh. IPK saya 3.64, punya pengalaman sebagai brand ambassador dari salah satu startup besar di bidang teknologi transportasi, dan lingkungan kampus saya diisi orang-orang cerdas dan berpengaruh.

Melihat insight dari dr. Tirta soal privilege, finansial, dan pengalaman kerja, saya ingin bertanya: Langkah apa yang sebaiknya saya ambil saat masih kuliah seperti sekarang? Lebih baik fokus menambah pengalaman kerja lewat magang/freelance, memanfaatkan networking keluarga untuk mulai belajar bisnis, atau sudah mulai usaha kecil dari sekarang? Sektor bisnis seperti apa yang cocok untuk mahasiswa Informatika agar tidak hanya mengandalkan privilege, tapi juga survive secara realistis dan tetap berkembang secara profesional?","3865","false","https://www.youtube.com/watch?v=eOwtRnJemrg","8 months ago","0",,"Baru Lulus Udah Pengen Buka Bisnis?","comment","eOwtRnJemrg","0"
"@bebeboyyyy","false","UgyJVChULpPAqw_uDe94AaABAg","Oke, mungkin aku telat 1 dekade untuk melihat video ini.
Mulai dari mimpi, dan prinsip hidup. ""Jujur dan terus gerakan tangan mu,maka tidak akan lapar"" dan aku sangat benci gagal, aku tidak punya semua 3 point itu.
aku punya 1 wanita hebat. 
But, so thanks dok, buat 1 kata, financiall steable.","3865","false","https://www.youtube.com/watch?v=eOwtRnJemrg","8 months ago","0",,"Baru Lulus Udah Pengen Buka Bisnis?","comment","eOwtRnJemrg","0"
"@myvacation9587","false","UgwEftQ3L8yRNnWcLdp4AaABAg","nyimak","3865","false","https://www.youtube.com/watch?v=eOwtRnJemrg","8 months ago","0",,"Baru Lulus Udah Pengen Buka Bisnis?","comment","eOwtRnJemrg","0"
"@whenyrolis9536","false","UgwO74mY9NAJBWCVinJ4AaABAg","Dok, kata2 sampean suka bener ya😂... Angkat AQ jadi muridmu @drtirta","3865","false","https://www.youtube.com/watch?v=eOwtRnJemrg","8 months ago","0",,"Baru Lulus Udah Pengen Buka Bisnis?","comment","eOwtRnJemrg","0"
"@al-farizi8756","false","UgxjNH93JKnpek0sbid4AaABAg","20 tahun  44 jt","3865","false","https://www.youtube.com/watch?v=eOwtRnJemrg","8 months ago","0",,"Baru Lulus Udah Pengen Buka Bisnis?","comment","eOwtRnJemrg","0"
"@lidaf2859","false","UgzV4mSVHSc2yUDm0bZ4AaABAg","bagus bgt woy!!!!!!!!!!!! bener2 realistis !!! keren dok! valid 10000000%","3865","false","https://www.youtube.com/watch?v=eOwtRnJemrg","8 months ago","0",,"Baru Lulus Udah Pengen Buka Bisnis?","comment","eOwtRnJemrg","0"
"@WfrsDesign","false","UgyLU9OW3uBNd5uH9UF4AaABAg","Bacot doank… menikah memacu pikiran dan otakmu untuk tidak malas malasan karena punya tanggung jawab..eh disuruh jangan nikah kalau gak punya duit..duit untuk nikah dibuat tak seberapa bisa, tapi perjuangan besar itu wajib..tirta lolll","3865","false","https://www.youtube.com/watch?v=eOwtRnJemrg","8 months ago","0",,"Baru Lulus Udah Pengen Buka Bisnis?","comment","eOwtRnJemrg","0"
"@andrianusagun5689","false","UgwzMunOuwDb8pjdkUR4AaABAg","Asli keren. Mudah2an yg menonton memahami ilmu mahal yg dr. Tirta bagikan","3865","false","https://www.youtube.com/watch?v=eOwtRnJemrg","8 months ago","0",,"Baru Lulus Udah Pengen Buka Bisnis?","comment","eOwtRnJemrg","0"
"@baper.negara","false","UgxkPjRPPNzJ1Fmdufp4AaABAg","saya fans MU. saya mampir karena liat fans Liverpool. (21okt25)","3865","false","https://www.youtube.com/watch?v=eOwtRnJemrg","8 months ago","0",,"Baru Lulus Udah Pengen Buka Bisnis?","comment","eOwtRnJemrg","0"
"@singomotongevlog7614","false","UgyX1F6D_b8mE6c6jpp4AaABAg","dok... ayo nobar ntar malam juventus vs real madrid wkwkwkw","3865","false","https://www.youtube.com/watch?v=eOwtRnJemrg","8 months ago","0",,"Baru Lulus Udah Pengen Buka Bisnis?","comment","eOwtRnJemrg","0"
"@Real-x1e","false","UgxvtrBj0lhVUOQrEKh4AaABAg","Jadikan bisnis kegiatan sehari-hari ajarkan sejak dini, jangan mengharap instan, tata demi masa depan ❤","3865","false","https://www.youtube.com/watch?v=eOwtRnJemrg","8 months ago","0",,"Baru Lulus Udah Pengen Buka Bisnis?","comment","eOwtRnJemrg","0"
"@MohAnggi2003","false","Ugx4NrAUeI2bJPo54814AaABAg","Bajunya khusus kayanya buat kelas pakar, soalnya sama kaya di video 6-7 bulan lalu","3865","false","https://www.youtube.com/watch?v=eOwtRnJemrg","8 months ago","0",,"Baru Lulus Udah Pengen Buka Bisnis?","comment","eOwtRnJemrg","0"
"@raysubandi6998","false","UgyNwvrhWIQYnQqVDoV4AaABAg","Baru nonton, jirr lah keren ni orang... ngena baget 🙏👍","3865","false","https://www.youtube.com/watch?v=eOwtRnJemrg","8 months ago","0",,"Baru Lulus Udah Pengen Buka Bisnis?","comment","eOwtRnJemrg","0"
"@IdunMcGG","false","UgypJdG__gpDTakO7YF4AaABAg","benar 
yang menghancur kan semua itu adalah ""RUSH""👏","3865","false","https://www.youtube.com/watch?v=eOwtRnJemrg","8 months ago","0",,"Baru Lulus Udah Pengen Buka Bisnis?","comment","eOwtRnJemrg","0"
"@tukangrepet118","false","UgwtVQj8WOGQCes79A94AaABAg","aku umur sudah Setengah Abad lebih😮😮😮bangga kan tepuktanganlah fuluuu😮😮😮.maka dari itu aku akan selalu katakan yang Benar ajaa yang ngak benar pasti aku protes jiklau nampak yaaa nyataaa yaaaaa😮😮😮","3865","false","https://www.youtube.com/watch?v=eOwtRnJemrg","8 months ago","0",,"Baru Lulus Udah Pengen Buka Bisnis?","comment","eOwtRnJemrg","0"
"@tukangrepet118","false","Ugx6q2yA75NpymU3rcZ4AaABAg","jikalau aku dagang laris aku mau lah hutang Banyak itu tandaNya aku lagi lariss😮😮😮sempat Bos Datang berapa tagihan Boss ngak adaa😢😢😢 nota nya hanya 1 ini ajaa😢😢😢 sama sama Mampuslah Kita Bos bentar lagikk😢😢😢","3865","false","https://www.youtube.com/watch?v=eOwtRnJemrg","8 months ago","0",,"Baru Lulus Udah Pengen Buka Bisnis?","comment","eOwtRnJemrg","0"
"@tukangrepet118","false","UgzkBAZRuK9Dna596-54AaABAg","makanya aku Bintang Toejoe😮😮😮ngak bakalan sakit Kelapa lahh Kaliann😮😮😮","3865","false","https://www.youtube.com/watch?v=eOwtRnJemrg","8 months ago","0",,"Baru Lulus Udah Pengen Buka Bisnis?","comment","eOwtRnJemrg","0"
"@tukangrepet118","false","Ugx6RnIO0wsr9S7WPHF4AaABAg","Ahmad Akbar dan Ucok aku juga tau ada Film Nya Duo Kribo😮😮😮 .Ada Rambut Kribo dou douuuuu😮😮😮 laguNya adaaa","3865","false","https://www.youtube.com/watch?v=eOwtRnJemrg","8 months ago","0",,"Baru Lulus Udah Pengen Buka Bisnis?","comment","eOwtRnJemrg","0"
"@adhisip","false","Ugz77BJC2eTCNVbzYDd4AaABAg","ha ndi subtittle e, malakane blong","3865","false","https://www.youtube.com/watch?v=eOwtRnJemrg","8 months ago","0",,"Baru Lulus Udah Pengen Buka Bisnis?","comment","eOwtRnJemrg","0"
"@tukangrepet118","false","UgyPT5S6UjHpF-NoTXd4AaABAg","Charles Bronson.TiLung.Fu sen.jiklau Bruce Lee ada tapi Copy Baru😮😮😮","3865","false","https://www.youtube.com/watch?v=eOwtRnJemrg","8 months ago","0",,"Baru Lulus Udah Pengen Buka Bisnis?","comment","eOwtRnJemrg","0"
"@tukangrepet118","false","UgwyTSmMg5wLf2uBmr54AaABAg","Dari Jaman Rhoma Irama Dan Arafiq main film aku sudah nonton😮😮😮","3865","false","https://www.youtube.com/watch?v=eOwtRnJemrg","8 months ago","0",,"Baru Lulus Udah Pengen Buka Bisnis?","comment","eOwtRnJemrg","0"
"@tukangrepet118","false","Ugyu3gwirKJ89sRQQth4AaABAg","dari Kecil Smp 1 aku berani lho jualan asongan di Bioskop😮😮Kalian berani ngakk😮😮malu kan makanya goblok dapat duit dapat nonton Gratis maka aku nonton film Bioskop banyak😮😮😮gratisss😮😮😮","3865","false","https://www.youtube.com/watch?v=eOwtRnJemrg","8 months ago","0",,"Baru Lulus Udah Pengen Buka Bisnis?","comment","eOwtRnJemrg","0"
"@tukangrepet118","false","UgwIqUX8ZBNLEUgn9ld4AaABAg","Sekarang kamu punya apa banggg😮😮😮apakh kau sudah kaya rayaaa😮😮😮 yaa😮😮😮 di tanyak.iya Bang aku dulu seea rumah sekarang punya rumah walau kredit😮😮aku dulu ngak punya Binik sekarang sudah Berkeluarga anak sudah Dewasa usaha sendiri Mamak Senang itulah kekayaan akau punya Pabrik ya belum adaa 😮😮😮","3865","false","https://www.youtube.com/watch?v=eOwtRnJemrg","8 months ago","0",,"Baru Lulus Udah Pengen Buka Bisnis?","comment","eOwtRnJemrg","0"
"@KaMis-w6x","false","UgxM-BO5KVet8uYGnMl4AaABAg","Celoteh dan lawaknya seru banget, se seru main bareng teman di 𝐉𝐀𝐋𝐀𝐊𝟒𝐃 nih","3865","false","https://www.youtube.com/watch?v=eOwtRnJemrg","8 months ago","0",,"Baru Lulus Udah Pengen Buka Bisnis?","comment","eOwtRnJemrg","0"
"@tukangrepet118","false","UgzNNoZHvYqHmphiqX94AaABAg","Ngak habis 9Nya duit aku belik rokok ajaa 30persen bersisa😮😮😮.korupsi ngak mau.menvuri ngak mauu komisi ngak ada SMA sekali.ngak adaa tapi bisa bertahan dan gaji naik terusss😂😂😂","3865","false","https://www.youtube.com/watch?v=eOwtRnJemrg","8 months ago","0",,"Baru Lulus Udah Pengen Buka Bisnis?","comment","eOwtRnJemrg","0"
"@tukangrepet118","false","Ugwau1hX7PAyjeQ8tyZ4AaABAg","Aku aja ngak tamat SmA😢😢😢 hanya kelas 1 setengah main bandel.Uang sekolah aku belanjakan jadi tuak😢😢😢.aku tipu  Mamak akuu😢😢😢tapi aku bisa sadar aku akan kembalikan Uang sekolah yang aku korup😢😢😢.aku kerjaa.7030Makk😮😮😮 aku 30 Mamak ambil 70","3865","false","https://www.youtube.com/watch?v=eOwtRnJemrg","8 months ago","0",,"Baru Lulus Udah Pengen Buka Bisnis?","comment","eOwtRnJemrg","0"
"@tukangrepet118","false","UgzP2mtduTbqi_YDssh4AaABAg","Aku Pakai alat terbaik yang ada walau milik Tetangga supaya Rdio9Nya Noramal😂😂😂","3865","false","https://www.youtube.com/watch?v=eOwtRnJemrg","8 months ago","0",,"Baru Lulus Udah Pengen Buka Bisnis?","comment","eOwtRnJemrg","0"
"@tukangrepet118","false","UgxKZrAIaR--LmWIZ4F4AaABAg","Aku pakai Casettes dan Mono😂😂😂","3865","false","https://www.youtube.com/watch?v=eOwtRnJemrg","8 months ago","0",,"Baru Lulus Udah Pengen Buka Bisnis?","comment","eOwtRnJemrg","0"
"@tukangrepet118","false","UgzLUMwy6XtBq-QE7Sh4AaABAg","intonasi suara harus Benar😮😮😮 Aku pakai Mols gimana","3865","false","https://www.youtube.com/watch?v=eOwtRnJemrg","8 months ago","0",,"Baru Lulus Udah Pengen Buka Bisnis?","comment","eOwtRnJemrg","0"
"@tukangrepet118","false","UgwJsS_hNfj87q8cZqJ4AaABAg","Makanya Go west😅😅😅😅","3865","false","https://www.youtube.com/watch?v=eOwtRnJemrg","8 months ago","0",,"Baru Lulus Udah Pengen Buka Bisnis?","comment","eOwtRnJemrg","0"
"@tukangrepet118","false","Ugxn8FAZezRhZ-q_oo54AaABAg","Jikalau Kamu Orang kaya atau sangguplah jikalau Anak Kamu lebih baik kirimkan kerja dulu sama Orang lain😮😮😮itu akan sangat Bergunaa😮😮.tapi ingat harus katakan biar tau Luar dan Dalam jangan di anggap anak tiri anak kandung itu sangat berbahaya ingat yaa resiko Nya ya ituu.sebelum itu kasih Penataran dulu yang supaya bisa ngerti yaa Naka Abak😮😮","3865","false","https://www.youtube.com/watch?v=eOwtRnJemrg","8 months ago","0",,"Baru Lulus Udah Pengen Buka Bisnis?","comment","eOwtRnJemrg","0"
"@meezmq","false","UgwaA0V0kAOqyzg5CcJ4AaABAg","Nice 🎉","3865","false","https://www.youtube.com/watch?v=eOwtRnJemrg","8 months ago","0",,"Baru Lulus Udah Pengen Buka Bisnis?","comment","eOwtRnJemrg","0"
"@lawarau","false","UgxusgvxrciHCoB4xg94AaABAg","Dok,  Tabungan untuk membuka usaha kira² minimal brapa ya , berapa ya?

Saya itungannya ""Ya (2)"" tetapi untuk yang masalah uang saya tidak tau brapa minimalnya","3865","false","https://www.youtube.com/watch?v=eOwtRnJemrg","8 months ago","0",,"Baru Lulus Udah Pengen Buka Bisnis?","comment","eOwtRnJemrg","0"
"@nurfaridahanum","false","UgwuJEtKcjqR2VzLQ9x4AaABAg","Rak jelas koe tir...
Koe ngmng itu sebagai apa..???
Motivator atau pengalaman hidup atau apa..

Fakta lapangan berbeda dengan apa yang kau katakan 
Ilmu sekolah beda dengan ilmu lapangan...","3865","false","https://www.youtube.com/watch?v=eOwtRnJemrg","8 months ago","0",,"Baru Lulus Udah Pengen Buka Bisnis?","comment","eOwtRnJemrg","0"
"@norfayoga","false","UgyKOiL7_5Ekp3UiegB4AaABAg","9:44 yatim piatu itu privilege loh, privilege of psikis 😂","3865","false","https://www.youtube.com/watch?v=eOwtRnJemrg","8 months ago (edited)","0",,"Baru Lulus Udah Pengen Buka Bisnis?","comment","eOwtRnJemrg","0"
"@padirarental5693","false","UgwO9XCG2OGJ9EdJ9Gt4AaABAg","Mau jd pengusaha biar tetap di rumah tapi dapat penghasilan juga","3865","false","https://www.youtube.com/watch?v=eOwtRnJemrg","8 months ago","0",,"Baru Lulus Udah Pengen Buka Bisnis?","comment","eOwtRnJemrg","0"
"@wateringheart","false","UgwGTjmAIxRncHEgwQh4AaABAg","Semua bisa, lulusan apapun bisa jadi pengusaha asalkan ada suntikan dana 71 Milyar😂","3865","false","https://www.youtube.com/watch?v=eOwtRnJemrg","8 months ago","0",,"Baru Lulus Udah Pengen Buka Bisnis?","comment","eOwtRnJemrg","0"
"@danangsujatmiko7903","false","Ugz0ZzlnhB49wGVk3Fd4AaABAg","Tahun 2015 saya jadi buruh pabrik dan punya 100 juta di usia 19 tahun. Tapi gabisa mengelolanya😂","3865","false","https://www.youtube.com/watch?v=eOwtRnJemrg","8 months ago","0",,"Baru Lulus Udah Pengen Buka Bisnis?","comment","eOwtRnJemrg","1"
"@vinssmokee27","false","UgwCUGdkP2G6jTNiTBB4AaABAg","daging semua isinya","3865","false","https://www.youtube.com/watch?v=eOwtRnJemrg","8 months ago","0",,"Baru Lulus Udah Pengen Buka Bisnis?","comment","eOwtRnJemrg","0"
"@jatmikobayu8026","false","Ugx5u3lPeFIdw3xa_T94AaABAg","Kenapa mualaf dok?","3865","false","https://www.youtube.com/watch?v=eOwtRnJemrg","8 months ago","0",,"Baru Lulus Udah Pengen Buka Bisnis?","comment","eOwtRnJemrg","0"
"@bijakramadhan428","false","UgyVXmIJzyafKp4cJlN4AaABAg","tolong infokan font yang dipakai di sini please🙏 para suhu🙏","3865","false","https://www.youtube.com/watch?v=eOwtRnJemrg","8 months ago","0",,"Baru Lulus Udah Pengen Buka Bisnis?","comment","eOwtRnJemrg","1"
"@RendiFebrian-r6n","false","UgzvXGHhZO9WEVsK2_54AaABAg","keren sekali ,sangat membantu untuk menghadapi realita kehidupan","3865","false","https://www.youtube.com/watch?v=eOwtRnJemrg","8 months ago","0",,"Baru Lulus Udah Pengen Buka Bisnis?","comment","eOwtRnJemrg","0"
"@hanggitafadmaputrapratama6373","false","UgxcfNIT4EM4tyWwOOt4AaABAg","YO YO HUD","3865","false","https://www.youtube.com/watch?v=eOwtRnJemrg","8 months ago","0",,"Baru Lulus Udah Pengen Buka Bisnis?","comment","eOwtRnJemrg","0"
"@VictorDicky","false","Ugw74LuLDjAIOl3e1z94AaABAg","ko yg sebelah kebalikannya ini ya bukan bertahan tapi menyerang 😅","3865","false","https://www.youtube.com/watch?v=eOwtRnJemrg","8 months ago","0",,"Baru Lulus Udah Pengen Buka Bisnis?","comment","eOwtRnJemrg","0"
"@adighazali7596","false","UgzttNudY-6Rvlr5_dp4AaABAg","Ganas bicaranya. Tapi termotivasi","3865","false","https://www.youtube.com/watch?v=eOwtRnJemrg","8 months ago","0",,"Baru Lulus Udah Pengen Buka Bisnis?","comment","eOwtRnJemrg","0"
"@arihyundaiaryahyundai","false","Ugz8b60UKaYB-1nuCxV4AaABAg","bermanfaat banget dok terimaksih semoga masih bisa dirubah jalan hidup saya aamiinn tetap semangat kawan","3865","false","https://www.youtube.com/watch?v=eOwtRnJemrg","8 months ago","0",,"Baru Lulus Udah Pengen Buka Bisnis?","comment","eOwtRnJemrg","1"
"@ajatstudiohaircut3389","false","UgxUHgCilGWNT4YuS7R4AaABAg","Saya mau jadi pengusaha karena pengen memanfaatkan kemampuan dan pengetahuan dari bekerja selama belasan tahun semaximal mungkin, saya merasa saat kerja di usaha orang lain banyak ide ide saya mentok hanya jadi ide , dan ketika ide saya berhasil saya mau hasilnya (keuntungan) lebih maximal saya dapetin demi masa depan anak anak saya","3865","false","https://www.youtube.com/watch?v=eOwtRnJemrg","8 months ago","1",,"Baru Lulus Udah Pengen Buka Bisnis?","comment","eOwtRnJemrg","0"
"@StarMoon-ce8ui","false","UgxAOuX3lxD1AjMEjUV4AaABAg","Sekarang saya masih semester 7, tapi belum ditahap skripsi karena masih harus ngulang semester yang sempat cuti, nilai banyak yang eror. Punya pengalaman kerja dua tahun dan sekarang pun kuliah sambil kerja juga tapi Alhamdulillah nya cuma masuk di hari Jumat sampai Minggu, nyesuain jadwal kuliah aja. Saya gen z, dengan kondisi keluarga yang broken home dan sedari kecil udah ngusahain keinginan sendiri. Alhamdulillah nya saya lagi ditahap ngembangin small business, kadang nggak yakin sama yang saya usahain tapi selalu megang prinsip setiap usaha tidak akan mengkhianati hasilnya. Alasan saya mau jadi pebisnis salah satunya karena ingin menciptakan lapangan kerja baru dan banyak alasan lainnya. Karena jujur jadi karyawan dengan bos yang seenaknya itu nyakitin, ya meskipun nggak semua bos seperti itu.","3865","false","https://www.youtube.com/watch?v=eOwtRnJemrg","8 months ago","0",,"Baru Lulus Udah Pengen Buka Bisnis?","comment","eOwtRnJemrg","1"
"@IchsanPutra-r8y","false","UgwjB98UpKwT2ISC-Wp4AaABAg","15:36 “ jadi perintis tu enak ngga ada yang ngarahin ngga ada yang membimbing , justru itu letak keasikan nya “ di keprok ae wong koyo ngene mas 😂","3865","false","https://www.youtube.com/watch?v=eOwtRnJemrg","8 months ago","0",,"Baru Lulus Udah Pengen Buka Bisnis?","comment","eOwtRnJemrg","1"
"@jolorians","false","Ugw7MXK1GkzHN4q-qRh4AaABAg","Bener yang diomongin Dr. Tirta, aku gaada previlege keluarga. Bapak nganggur dan ibu yang kerja dengan jualan. Dulu kuliah sambil kerja serabutan. pas jaman awal² kerja setelah lulus smk (2017) gaji masih 40 ribu sehari. Karena yups, sadar gaada previlege harus bisa kerja dan dapat pengalaman serta mentalitas. 2018 mulai kuliah dan gak pengen memperberat beban ibu. Jadi kuliah sambil kerja apa aja, jadi driver, kurir, sales, collector, ambil job design grafis, joki tugas dll. Sampe 2022 pas masa skripsi kek yang lagi dibahas dr. Tirta pengen punya usaha. Sebetulnya pengen punya usaha udah lama, karena pengen bantu orang² terdekat yang mungkin lagi nganggur biar tetep ada hasil. 2022 saudara baru PHK dan nawarin mau ngajak usaha service AC. Dia gaada modal, tapi punya ilmu. Aku ada modal dari tabungan dan ilmu basik elektronika (padahal aku kuliah komputer). Gak muluk², yang aku pikir kalo usaha itu yang penting konsisten dan gaboleh gagal/hilang modal. Alhamdulillah meskipun belum stabil, kadang rame dan kadang ngga sama sekali. Aku masih jalanin usahaku, malahan aku belum dapat kerja sesuai jurusan kuliahku😂 tapi ya bagi kalian yang mau usaha, pikirkan faktor resikonya dulu. Kalo kalian yakin bisa survive ya monggo. Kalo kalian masih ngandelin gaji bulanan tapi tengah bulan udah ilang entah kemana dan bingung trus minjem ke temen. Mending gausah mulai usaha dulu.","3865","false","https://www.youtube.com/watch?v=eOwtRnJemrg","8 months ago","0",,"Baru Lulus Udah Pengen Buka Bisnis?","comment","eOwtRnJemrg","0"
"@ginanjarpamungkas8357","false","UgwXqASEhLi9902zG1h4AaABAg","peng peng hahaha","3865","false","https://www.youtube.com/watch?v=eOwtRnJemrg","8 months ago","0",,"Baru Lulus Udah Pengen Buka Bisnis?","comment","eOwtRnJemrg","0"
"@OpikTaufikHidayat","false","UgxkGDYw_-cB7S30P5R4AaABAg","saya sejak lulus kuliah  nganggur 2 tahun lalu kerja sampai sekarang udah 13 tahun kerja, udah pengen buka usaha tapi bingung usaha apa 😒","3865","false","https://www.youtube.com/watch?v=eOwtRnJemrg","8 months ago (edited)","0",,"Baru Lulus Udah Pengen Buka Bisnis?","comment","eOwtRnJemrg","0"
"@PacuDiri","false","UgzsojfJ18XZdZ0bWwR4AaABAg","anjirr berasa di marahin terus. wkwk","3865","false","https://www.youtube.com/watch?v=eOwtRnJemrg","8 months ago","0",,"Baru Lulus Udah Pengen Buka Bisnis?","comment","eOwtRnJemrg","0"
"@muhammadarafatgaruda","false","UgyFEeH5FSLy0X2gUBB4AaABAg","thanks a million, may Allah reward you all with goodness","3865","false","https://www.youtube.com/watch?v=eOwtRnJemrg","8 months ago","0",,"Baru Lulus Udah Pengen Buka Bisnis?","comment","eOwtRnJemrg","2"
"@manullangparholong8932","false","Ugxb5F1jqwiprnwWD1V4AaABAg","KALAU ADA KESEMPATAN TETAP MEMILIH JADI PEGAWAI YG BERGAJI 500JT BERSih SEBULAN DI BANDING JADI PENGUSAHA INCOME KOTOR 2 MILYAR","3865","false","https://www.youtube.com/watch?v=eOwtRnJemrg","8 months ago","0",,"Baru Lulus Udah Pengen Buka Bisnis?","comment","eOwtRnJemrg","0"
"@Qun_project","false","UgzQN6G6L1TzF2M12Dh4AaABAg","Aku di antara miskin dan sederhana nih masse🥲","3865","false","https://www.youtube.com/watch?v=eOwtRnJemrg","8 months ago","0",,"Baru Lulus Udah Pengen Buka Bisnis?","comment","eOwtRnJemrg","0"
"@cleonjackson16","false","Ugw_8eam8Od0MTiPHS54AaABAg","saya gen z usia 24 tahun, putus sekolah di kelas 2 SMA, dan bekerja sebagai juru masak di berbagai tempat.. pada akhirnya memutuskan untuk berdagang di ditahun ini sempat jalan 3bulan dan akhirnya gagal, dan saya mencoba berdagang lagi.. terus terang saja tidak ada sepersen pun uang saya keluar buat memulai usaha.. modal pertama dari oom saya dan saya melobby nya, dan ke 2 saya dimodalkan oleh teman saya.. yang jadi masalah? dimana letak salah saya ketika saya mencoba bisnis dan berdagang padahal saya merasa di fase belajar?... menurut saya tidak.. kalau ada yang berbeda pendapat silahkan..","3865","false","https://www.youtube.com/watch?v=eOwtRnJemrg","8 months ago","0",,"Baru Lulus Udah Pengen Buka Bisnis?","comment","eOwtRnJemrg","0"
"@DimasBarnyo","false","UgzsxYkENE0qoe1K8tB4AaABAg","Apes banget hidup saya cuma lulusan SMP, privilage apapun gak punya, belum menikah tapi  apa boleh buat sukses itu subjektif yg penting gak stroke dan tetaplah hidup.😅","3865","false","https://www.youtube.com/watch?v=eOwtRnJemrg","8 months ago","0",,"Baru Lulus Udah Pengen Buka Bisnis?","comment","eOwtRnJemrg","0"
"@ajatstudiohaircut3389","false","UgxUHgCilGWNT4YuS7R4AaABAg.AOXyYWrltPiAOXysMt_2Z2","Di usia 30thn saya baru bisa merintis barbershop dan Sudah berjalan 2 tahun, saya gak Buru buru cari karyawan,","3865","false","https://www.youtube.com/watch?v=eOwtRnJemrg","8 months ago","0","UgxUHgCilGWNT4YuS7R4AaABAg","Baru Lulus Udah Pengen Buka Bisnis?","reply","eOwtRnJemrg","0"
"@EsensiCreative","false","UgzuGluPs4uCIE8HTVp4AaABAg","Mati sekali.. Hidup tiap hari... lambemu top dok","3865","false","https://www.youtube.com/watch?v=eOwtRnJemrg","8 months ago","0",,"Baru Lulus Udah Pengen Buka Bisnis?","comment","eOwtRnJemrg","0"
"@ojotawur","false","UgxQDhTJA4tnzOfqhlZ4AaABAg","Bener dok, doktrin motivator menggiring temen2 pemuda jadi pengusaha ""ORA UMUM"" yg di usung oleh perusahaan MLM di thn awal 2000an.
Yg mengiming imingi profit tinggi dan mimpi2 mobil mewah, jalan2 di luar negeri dll.
Ora umum tenan","3865","false","https://www.youtube.com/watch?v=eOwtRnJemrg","8 months ago","0",,"Baru Lulus Udah Pengen Buka Bisnis?","comment","eOwtRnJemrg","0"
"@endruxse","false","UgyUCv9gUUbXuv_dN9V4AaABAg","😂 acc","3865","false","https://www.youtube.com/watch?v=eOwtRnJemrg","8 months ago","0",,"Baru Lulus Udah Pengen Buka Bisnis?","comment","eOwtRnJemrg","0"
"@akbarberlian","false","Ugzw230M2yljt9S_nkB4AaABAg","10:20 ""Kalo anda punya ketiga ini, kalo anda bisnis , kemungkinan gagalnya kecil.. camkan itu"". Terjadi ke saya, belum gagal total sih udah 5 tahun jalan. Meski sempat tutup 1-2 bisnis.. tapi ekspansi juga engap-engap hahaha. Dan dengan modal segitu kalo jual waktu ke korporat internasional, dapetnya lebih banyak dan udah terjamin.. apalagi kalo mau pindah negara.. wkakakak... tapi balik lagi ke apa yg kita cari","3865","false","https://www.youtube.com/watch?v=eOwtRnJemrg","8 months ago (edited)","1",,"Baru Lulus Udah Pengen Buka Bisnis?","comment","eOwtRnJemrg","11"
"@jadiutuber4583","false","UgzUjNwsmhVfdWSGeoN4AaABAg","Bagus mana bro TIRTA, CHATGPT, GEMINI, atau GROK ??","3865","false","https://www.youtube.com/watch?v=eOwtRnJemrg","8 months ago","0",,"Baru Lulus Udah Pengen Buka Bisnis?","comment","eOwtRnJemrg","0"
"@mhmmdjnry","false","UgwK_w5pWL3dqzrNRdp4AaABAg","keren dok","3865","false","https://www.youtube.com/watch?v=eOwtRnJemrg","8 months ago","0",,"Baru Lulus Udah Pengen Buka Bisnis?","comment","eOwtRnJemrg","0"
"@petani_suka","false","Ugx9wN-Bz71_iFlSK-p4AaABAg","Saya petani,saya nonton sampe hbis & tida ada kategori itu di saya, namun ke inginan punya bnyak usaha/income itu selalu ada meski timbul & tenggelam,kepala isi terus dengan bagaimana cara kaya, ini puyeng meski jalani yng mana.","3865","false","https://www.youtube.com/watch?v=eOwtRnJemrg","8 months ago","0",,"Baru Lulus Udah Pengen Buka Bisnis?","comment","eOwtRnJemrg","0"
"@yudhaindra5453","false","UgwOvhvqDpjlGe4o8Ph4AaABAg","Gak bisa untuk membayar igd pak 😅😅😅","3865","false","https://www.youtube.com/watch?v=eOwtRnJemrg","8 months ago","0",,"Baru Lulus Udah Pengen Buka Bisnis?","comment","eOwtRnJemrg","0"
"@iw2205","false","Ugz82iD9AHRhuRk_leV4AaABAg","""Be First, Be Smarter, or Cheat""

-Margin Call","3865","false","https://www.youtube.com/watch?v=eOwtRnJemrg","8 months ago","0",,"Baru Lulus Udah Pengen Buka Bisnis?","comment","eOwtRnJemrg","0"
"@lailatulazizah-p1k","false","Ugy8SdhvDgsvZq59NzR4AaABAg","Tapi g salah juga usaha sejak kuliah atau setelah kuliah. Karena cari pekerjaan juga g mudah😅. Saya lulus kuliah sebulan baru dapat kerja, n kerjaannya juga g bikin kita makan kenyang malah tekor juga, ijazah di simpan perusahaan, bertahan cm setahun kena types, ya intinya habis kuliah lakukan apapun yg bisa dikerjakan,","3865","false","https://www.youtube.com/watch?v=eOwtRnJemrg","8 months ago","0",,"Baru Lulus Udah Pengen Buka Bisnis?","comment","eOwtRnJemrg","0"
"@opdisdsign5622","false","UgxlVXfboPWhFVDrded4AaABAg","Betul saya menikah dari nol sampai sekarang Alhamdulillah anak bisa sekolah sampai Univeraitas,tapi sampai sekarang saya masih ngontrak sampai sekarang
Mangkanya saya melihat motivator2 yg segitu mudahnya membalikkan segitu mudahnya utk berubah sukses segitu gampangnya
Tapi ya sampai sekarang saya syukuri aja,alhamuulillahnya saya gak punya utang,makan seadanya gak ngrepoti anak2 
Makasih dok cara berfikinya sehingga saya dpt mensyukuri hidup,saya percaya anak2 saya akan suksea","3865","false","https://www.youtube.com/watch?v=eOwtRnJemrg","8 months ago","0",,"Baru Lulus Udah Pengen Buka Bisnis?","comment","eOwtRnJemrg","0"
"@DrSarwo","false","UgzVDl7OG5qYg8sVGjZ4AaABAg","Ini logis keren dan terbukti.. berbahagialah kalian mendengarkan ini saat masih muda..","3865","false","https://www.youtube.com/watch?v=eOwtRnJemrg","8 months ago","0",,"Baru Lulus Udah Pengen Buka Bisnis?","comment","eOwtRnJemrg","4"
"@jolorians","false","UgyMTQiIyBYwJ9_fbld4AaABAg","Aku kerja sambil kuliah, kerja pun juga masih freelance. Jadi driver antar orang wisata, bus tour, kurir, design grafis dll. Pas semester 6,7 dan masa skripsi aku coba terus cari dan lamar pekerjaan yang dibawah sistem perusahaan tapi masih belum dapat. Sampai akhirnya ada tawaran dari saudara yang barusan PHK untuk buat usaha jasa service AC. Karena aku masih ada basic elektro ya akhirnya berani walau kuliah yang aku ambil adalah komputer. Alhamdulillah mulai dari modal kecil dan sedikit banyak ilmu ekonomi yang aku dapat selama masa kuliah kepakai dikit². Udah jalan 2 tahun walau order masih naik turun. Emang usaha diusia muda itu sangat berat dan melelahkan kalau emang bener² merintis dari awal. Tapi paling ngga selama masih bisa konsisten udah seneng. Sekarang masih struggle nyari kerjaan yang sesuai ijazah. Karena rata² sering ditolak karena perusahaan merasa ijazah sarjana terlalu tinggi untuk bagian diluar pendidikanku (padahal aku gak masalah juga kalo kerja bagian produksi) dan pengalaman masih kurang kalo yang sesuai ijazah (ya karena belum dapat kerja dan pengalaman tadi)","3865","false","https://www.youtube.com/watch?v=eOwtRnJemrg","8 months ago","0",,"Baru Lulus Udah Pengen Buka Bisnis?","comment","eOwtRnJemrg","0"
"@azkauwais","false","Ugzui646aE-C3mWkmv94AaABAg","Semakin kesini kenapa anak² muda yang tampil di youtube sok paling pinter & paling ngerti segala hal, padahal soal stable finance bahkan sukses tanpa sekolah juga ada, dia koar² banggain IPK nya, klu bapak & maknya kaya kenapa gak ambil spesialis dia, kenapa jadi dokter umum. Bijaklah bertutur. Gak semua anda tahu dan alami setiap peristiwa yg orang alami.","3865","false","https://www.youtube.com/watch?v=eOwtRnJemrg","8 months ago","1",,"Baru Lulus Udah Pengen Buka Bisnis?","comment","eOwtRnJemrg","0"
"@shansanjaya5907","false","Ugz2XtK3AY6vNoqY3Ld4AaABAg","Itu buka kopi dok,, gula rasa kopi😬","3865","false","https://www.youtube.com/watch?v=eOwtRnJemrg","8 months ago","0",,"Baru Lulus Udah Pengen Buka Bisnis?","comment","eOwtRnJemrg","0"
"@nekopantsu2806","false","UgxGk5wypVUpRcXyAmV4AaABAg","jangan maksa kuliah karena sekedar dorongan culture masyarakat","3865","false","https://www.youtube.com/watch?v=eOwtRnJemrg","8 months ago (edited)","0",,"Baru Lulus Udah Pengen Buka Bisnis?","comment","eOwtRnJemrg","0"
"@haliling5650","false","UgyMM0jz11EzD820OEp4AaABAg","Benar sekali hidup soal bertahan, inilah yg saya sdh lakukan selama ini hanya bertahan. Saya punya usaha tidak pernah bermimpi akan menjadi besar tapi yg saya tanamkan  cukup bertahan Alhamdulillah tidak pernah sampai gulung tikar walaupun beberapa kali bangkrut dan minus yg penting karyawan tidak boleh absen digaji dan pastikan mereka sudah makan. Mereka akan paham kondisi kita dan mereka akan semakin hormat dan menjaga usaha kita tetap berada dijalurnya. Sekarang usaha saya tanpa sadar semakin membesar tahun ke tahun semakin banyak pelanggan dan semakin dikenal dengan maskot karyawan itu sendiri yang menjaga usaha kita.","3865","false","https://www.youtube.com/watch?v=eOwtRnJemrg","8 months ago","0",,"Baru Lulus Udah Pengen Buka Bisnis?","comment","eOwtRnJemrg","0"
"@Khairimintorejo","false","UgyKv6teOGA7UWXaGi54AaABAg","Dok, saya miskin parah dan hanya punya sedikit knowladge dan experience, ip juga cuma 3,6 an jurusan keuangan + sanwich","3865","false","https://www.youtube.com/watch?v=eOwtRnJemrg","8 months ago (edited)","0",,"Baru Lulus Udah Pengen Buka Bisnis?","comment","eOwtRnJemrg","0"
"@YTJimz","false","UgxC3Fp18TsS3gWSRAl4AaABAg","saya suka cara ngomong kamu buat konten. tidak tekstual","3865","false","https://www.youtube.com/watch?v=eOwtRnJemrg","8 months ago","0",,"Baru Lulus Udah Pengen Buka Bisnis?","comment","eOwtRnJemrg","0"
"@nimomusicchanel","false","UgxibGZpLUk00FxPHqZ4AaABAg","Saya dokter umum.. lulus dgn IPK rata"" langsung kerja ikut orang dlu 2 tahun.. trus terjun bisnis udah berjalan 12 tahun.. 7 tahun pertama saya serba berlebihan.. dan 5 tahun terakir  kaya ngambang.. tanggungan dmn"".. apa yang jadi penyesalan??? 1. Ilmu management usaha.. seandainya saya bisa belajar dr awal.. mempertahankan sebuah bisnis lebih sulit drpda membangun.","3865","false","https://www.youtube.com/watch?v=eOwtRnJemrg","8 months ago","0",,"Baru Lulus Udah Pengen Buka Bisnis?","comment","eOwtRnJemrg","22"
"@request_nomor","false","Ugzui646aE-C3mWkmv94AaABAg.AOWj88Fhp6qAOWn3fR5HYU","Punya pikiran dicerna makanya. Yg disampaikan dr tirta itu untuk yg nilai ipk nya tinggi, ada modal, dan punya bekingan ortu kaya, kan dia tidak mengatakan tanpa sekolah tidak akan bisa sukses. Ente yg ngambil kesimpulan sendiri.😂","3865","false","https://www.youtube.com/watch?v=eOwtRnJemrg","8 months ago","0","Ugzui646aE-C3mWkmv94AaABAg","Baru Lulus Udah Pengen Buka Bisnis?","reply","eOwtRnJemrg","0"
"@dickynurohman","false","Ugzw230M2yljt9S_nkB4AaABAg.AOXAI4ioCwsAW2yHsXSPoT"," @akbarberlian  sebaiknya diperbaiki lokalnya dulu bro","3865","false","https://www.youtube.com/watch?v=eOwtRnJemrg","2 months ago","0","Ugzw230M2yljt9S_nkB4AaABAg","Baru Lulus Udah Pengen Buka Bisnis?","reply","eOwtRnJemrg","0"
"@AndiHarahap-p9j","false","UgzMmW8oGtZPk48cK0p4AaABAg","jadi gimana dengan orang tidak kuliah tapi langsung terjun di dunia pekerjaan namun disatu sisi dia masih belajar dari apapun yang dia bisa pelajari","3865","false","https://www.youtube.com/watch?v=eOwtRnJemrg","8 months ago","0",,"Baru Lulus Udah Pengen Buka Bisnis?","comment","eOwtRnJemrg","0"
"@KICLAMONGAN","false","Ugy4TrMLqvpiyg35ZgJ4AaABAg","Kelass king kata katanya 🔥🔥🔥","3865","false","https://www.youtube.com/watch?v=eOwtRnJemrg","8 months ago","0",,"Baru Lulus Udah Pengen Buka Bisnis?","comment","eOwtRnJemrg","0"
"@PintaBilyarta1479","false","Ugx4VqRUXo6GQcA5_aB4AaABAg","Biasa aja to ngomongnya haish","3865","false","https://www.youtube.com/watch?v=eOwtRnJemrg","8 months ago","0",,"Baru Lulus Udah Pengen Buka Bisnis?","comment","eOwtRnJemrg","0"
"@Latievo","false","UgyGFu_Qfgz2vM26dUR4AaABAg","Aku gur mbayangne dadi editore video iki 😂😂","3865","false","https://www.youtube.com/watch?v=eOwtRnJemrg","8 months ago","0",,"Baru Lulus Udah Pengen Buka Bisnis?","comment","eOwtRnJemrg","0"
"@inrinatalia2160","false","UgxHe1_eaEOW7GIlo6h4AaABAg","kata pak vier uang itu seperti air laut, makin diminum makin haus, hati-hati","3865","false","https://www.youtube.com/watch?v=eOwtRnJemrg","8 months ago","0",,"Baru Lulus Udah Pengen Buka Bisnis?","comment","eOwtRnJemrg","0"
"@ajomanorianto6367","false","UgxmH3vuxEGoKOz0HXF4AaABAg","Ibadah ada ilmunya
Bisnis pun ada ilmunya
Mending gak usah jalani semua bila gak ada ilmunya","3865","false","https://www.youtube.com/watch?v=eOwtRnJemrg","8 months ago","0",,"Baru Lulus Udah Pengen Buka Bisnis?","comment","eOwtRnJemrg","0"
"@vlogdaniel8","false","UgxUz6l665Yr1yz-HzN4AaABAg","😂😂😂","3865","false","https://www.youtube.com/watch?v=eOwtRnJemrg","8 months ago","0",,"Baru Lulus Udah Pengen Buka Bisnis?","comment","eOwtRnJemrg","0"
"@takim5909","false","Ugwv_EhrT7L8BLcaaix4AaABAg","""Semakin tinggi finansial mu, kamu memiliki alternatif pilihan yang banyak""

- dr Tirta","3865","false","https://www.youtube.com/watch?v=eOwtRnJemrg","8 months ago","0",,"Baru Lulus Udah Pengen Buka Bisnis?","comment","eOwtRnJemrg","616"
"@ZMicron","false","UgwOpo7nJby4QRMf21B4AaABAg","Saya bisnis bukan karena mau, tapi terpaksa karena lowongan kerja semua nya di ghosting 😅
Akhirnya pake tabungan 5jt, 1 tahun kemudian puji tuhan pure profitnya 3x umr. Jelas2 masih sangat kecil dibanding bisnis lain, tapi sudah lebih dari cukup buat saya dan keluarga.","3865","false","https://www.youtube.com/watch?v=eOwtRnJemrg","8 months ago","0",,"Baru Lulus Udah Pengen Buka Bisnis?","comment","eOwtRnJemrg","0"
"@TejoSetyoAtmojo","false","Ugx43d1fy4qrtPZsfup4AaABAg","Izin bertanya dok
 seberapa penting kuliah si dok?
Terimakasih","3865","false","https://www.youtube.com/watch?v=eOwtRnJemrg","8 months ago","0",,"Baru Lulus Udah Pengen Buka Bisnis?","comment","eOwtRnJemrg","0"
"@ahmadsyarofarrozul4183","false","UgyH7RZ3KhcGtzs2f2V4AaABAg","Pengen merdeka dan ingin banyak waktu luang","3865","false","https://www.youtube.com/watch?v=eOwtRnJemrg","8 months ago","0",,"Baru Lulus Udah Pengen Buka Bisnis?","comment","eOwtRnJemrg","0"
"@fulanbinfulan5113","false","UgzG8PQ3rsWL98Jotht4AaABAg","Wingi2 aku males ro awakmu tir. Rep muter video iki juga males. Alhamdulillah tak rungoke kok awakmu saiki keren ngene.. Joss..","3865","false","https://www.youtube.com/watch?v=eOwtRnJemrg","8 months ago","0",,"Baru Lulus Udah Pengen Buka Bisnis?","comment","eOwtRnJemrg","0"
"@dotfiles1","false","UgwMspdaEOWtpNHi9wN4AaABAg","salah satu 30 menit yang worth di hidup saya ini.","3865","false","https://www.youtube.com/watch?v=eOwtRnJemrg","8 months ago","0",,"Baru Lulus Udah Pengen Buka Bisnis?","comment","eOwtRnJemrg","2"
"@gattogotno","false","UgybUJWtTY2o_ol6E754AaABAg","Aku ingin menjadi pengusaha agar bisa membuktikan ke ortu ku","3865","false","https://www.youtube.com/watch?v=eOwtRnJemrg","8 months ago","0",,"Baru Lulus Udah Pengen Buka Bisnis?","comment","eOwtRnJemrg","0"
"@physioyuli7515","false","UgxFmpxZ1aluaEgp6Rl4AaABAg","Just keep your own pace","3865","false","https://www.youtube.com/watch?v=eOwtRnJemrg","8 months ago","0",,"Baru Lulus Udah Pengen Buka Bisnis?","comment","eOwtRnJemrg","0"
"@VanAguss","false","UgwlnK2gR_15iFV8V_Z4AaABAg","Liverpool sekarang nyungsep bos.dias di jual😂😂😂😂","3865","false","https://www.youtube.com/watch?v=eOwtRnJemrg","8 months ago","0",,"Baru Lulus Udah Pengen Buka Bisnis?","comment","eOwtRnJemrg","0"
"@sidoarjoalifibrahim379","false","Ugx9fFPDQWQcvWlI3gl4AaABAg","Financial stable butuh proses panjang, gak bisa dari makan seminar saja. Video ini untuk mahasiswa tingkat akhir ygy...

The most important thing in 20-25 th adalah experience (kerja sama orang) dan/atau lanjut kuliah lagi

Ada 3 indikator kalau mau ambil langkah
1 Financial, 2 privilege, 3 IPK
IF ya semua (3 indikator itu bagus), kau berbisnis kemungkinan failure kecil
IF tidaknya ada 1 (financial/privilege/IPK) maka bekerjalah 2-3 tahun
IF tidaknya lebih dari 1, misal hanya punya power IPK dan IPK mu pas pasan 2.8, kondisi ini generasi sandwich masuk ke kaum menengah tanggung atau kemiskinan struktural. Maka carilah kerja apapun asal dapat uang untuk membentuk mentalitas. Dan bekerjalah minimal 5 tahun

Untuk yang tidaknya 1 atau 2. Nikmati prosesmu jangan terburu-buru. Apalagi terburu-buru menikah atau impian ambil KPR

Andai video ini lebih cepat 2 th
But, tks Dok. Setidaknya saya tau kedepannya bakal seperti apa","3865","false","https://www.youtube.com/watch?v=eOwtRnJemrg","8 months ago","0",,"Baru Lulus Udah Pengen Buka Bisnis?","comment","eOwtRnJemrg","0"
"@ekogersang3d659","false","UgwbAog6-mjF6C4Bzy54AaABAg","makasih dr tirta,semoga saya bisa mengamalkan ilmu dan pemahaman yang anda coba tanamkan untuk bekal hidup saya
#tirta🙏","3865","false","https://www.youtube.com/watch?v=eOwtRnJemrg","8 months ago","0",,"Baru Lulus Udah Pengen Buka Bisnis?","comment","eOwtRnJemrg","0"
"@Adiiinug","false","Ugxx48lpRHLHW63bNf54AaABAg","Gue suka penyampaian elu dok langsung to the point.. Makan tuh yang suka dengerin motivator, urip realistis wae bro rak sah aneh aneh wkwk","3865","false","https://www.youtube.com/watch?v=eOwtRnJemrg","8 months ago","0",,"Baru Lulus Udah Pengen Buka Bisnis?","comment","eOwtRnJemrg","0"
"@crashoverride_","false","UgzzexMCxoC3SriSYiN4AaABAg","Demen ada motivator yang bahas-bahas privillage","3865","false","https://www.youtube.com/watch?v=eOwtRnJemrg","8 months ago","0",,"Baru Lulus Udah Pengen Buka Bisnis?","comment","eOwtRnJemrg","0"
"@ckn3009","false","UgyZDIwzagf-Rs5Ly354AaABAg","15:50 ""ndasmu dari 0"" 😂","3865","false","https://www.youtube.com/watch?v=eOwtRnJemrg","8 months ago","0",,"Baru Lulus Udah Pengen Buka Bisnis?","comment","eOwtRnJemrg","1"
"@sweetmartabak2202","false","Ugwwy2PW5Nx6QQ7PvyB4AaABAg","love this content,. dr.Tirta, i hear u and i listen to u.... thanks doc and Malaka","3865","false","https://www.youtube.com/watch?v=eOwtRnJemrg","8 months ago","0",,"Baru Lulus Udah Pengen Buka Bisnis?","comment","eOwtRnJemrg","0"
"@hadimanto9673","false","UgxugaTz350B7r_gv-p4AaABAg","Thn 98 lulus stm listrik langsung jadi sales Panci, sales plastik, sales apa aja.","3865","false","https://www.youtube.com/watch?v=eOwtRnJemrg","8 months ago","0",,"Baru Lulus Udah Pengen Buka Bisnis?","comment","eOwtRnJemrg","0"
"@yurezian","false","UgwJqVeid3XJnPRupj14AaABAg","Idih narsistik","3865","false","https://www.youtube.com/watch?v=eOwtRnJemrg","8 months ago","0",,"Baru Lulus Udah Pengen Buka Bisnis?","comment","eOwtRnJemrg","0"
"@noubatkewong1925","false","UgxxK5rkoQ-0M7jClG54AaABAg","Coba yang saya lakukan saat itu bahas bola, mungkin saya jadi koci 😅","3865","false","https://www.youtube.com/watch?v=eOwtRnJemrg","8 months ago","0",,"Baru Lulus Udah Pengen Buka Bisnis?","comment","eOwtRnJemrg","0"
"@HujanRiang","false","UgwSISWP1ztNWfQsu1t4AaABAg","gada yg bener bg yg bener itu hanya tuhan!! kalo didunia ini katanya 1+1 =2 kalo diplanet lain? jadi kebenaran hanya tuhan yg tau
\","3865","false","https://www.youtube.com/watch?v=eOwtRnJemrg","8 months ago","0",,"Baru Lulus Udah Pengen Buka Bisnis?","comment","eOwtRnJemrg","0"
"@muhammadqomaruzzaman4377","false","UgxvNDaw_0vTCtevmMZ4AaABAg","awalnya ga tertarik sama judul dan thumbnail nya, tapi karena sering keluar di beranda yt, mau gamau ku paksa buat nonton karena emang lagi mau nyoba² bisnis, di awal video sampe menit 8 asliii relate banget sama keadaan ku sekarang di usia 24 tahun inii.
thx dokter Tirta, suka banget sama omongan nya yang ceplas ceplos dan agak kasar, bikin ngena di hati, bikin makin sadar.","3865","false","https://www.youtube.com/watch?v=eOwtRnJemrg","8 months ago (edited)","0",,"Baru Lulus Udah Pengen Buka Bisnis?","comment","eOwtRnJemrg","0"
"@jimjimjerisna1823","false","UgxeN2zZTExhROoUmRJ4AaABAg","Privilege tidak ada, tabungan hanya 10 JT, kuliah 8 semester IPK 3.3, pengalaman kerja administrator 4 tahun. Untuk finansial masih minim dok, kalau bisnis masih kebilang baru dan memang bisnis kecil, saya jalankan pelan* hanya bisa makan dan jalan aja tanpa nombok udh Alhamdulillah. Saya perlu mentor saja dok tapi kebanyakan berbayar. Jdi saya sekarang sedang ngencengin doa dan ikhtiar dok agar dapat berkembang terus. Rumah juga saya belum punya, bener bener ngerasa setiap pergerakan itu harus hati hati banget jdi rasa ragu saya sangat tinggi","3865","false","https://www.youtube.com/watch?v=eOwtRnJemrg","8 months ago (edited)","0",,"Baru Lulus Udah Pengen Buka Bisnis?","comment","eOwtRnJemrg","0"
"@maydabqc","false","Ugx4HY27xAXYZTr-N5h4AaABAg","Dr. Tirta old style is back","3865","false","https://www.youtube.com/watch?v=eOwtRnJemrg","8 months ago","0",,"Baru Lulus Udah Pengen Buka Bisnis?","comment","eOwtRnJemrg","1"
"@fdyns","false","UgyxJYv-s84BormizuR4AaABAg","KAPAL API LARIS ,KARENA DIA YANG PERTAMA KALI JUAL KAPAL API . 💥🔥","3865","false","https://www.youtube.com/watch?v=eOwtRnJemrg","8 months ago","0",,"Baru Lulus Udah Pengen Buka Bisnis?","comment","eOwtRnJemrg","5"
"@septianekarh671","false","Ugzkec-soNLJZgTeWRZ4AaABAg","Kapan Maneh Dr. Tirta Push Rank Kehidupan :D . New Champion by Dr. Tirta :D iki gurung menepalkan diri Ke Himalaya kan Pak :D Indo Suhu Ne gak balance, Himalaya koyok e cair lek njejengan Muncak mrono :D","3865","false","https://www.youtube.com/watch?v=eOwtRnJemrg","8 months ago","0",,"Baru Lulus Udah Pengen Buka Bisnis?","comment","eOwtRnJemrg","0"
"@Betohofficial","false","UgzLUahyuQAGDE_1TFZ4AaABAg","Thanks dok","3865","false","https://www.youtube.com/watch?v=eOwtRnJemrg","8 months ago","0",,"Baru Lulus Udah Pengen Buka Bisnis?","comment","eOwtRnJemrg","0"
"@SobariBari-ul5vt","false","UgyddUzKeRuRBdhbQZx4AaABAg","Mantap kata kata orang pintar ini masuk logika jika kalian menyadarinya 👍👍👍","3865","false","https://www.youtube.com/watch?v=eOwtRnJemrg","8 months ago","0",,"Baru Lulus Udah Pengen Buka Bisnis?","comment","eOwtRnJemrg","0"
"@oppa_jay","false","UgwP9-SEWM1y8ZPjca54AaABAg","Makasih dok. 🙏🙏🙏","3865","false","https://www.youtube.com/watch?v=eOwtRnJemrg","8 months ago","0",,"Baru Lulus Udah Pengen Buka Bisnis?","comment","eOwtRnJemrg","0"
"@BarikRisandi","false","UgyMa1YHy72Ccvk8Z2l4AaABAg","Last bat not least, Khontool😂","3865","false","https://www.youtube.com/watch?v=eOwtRnJemrg","8 months ago","0",,"Baru Lulus Udah Pengen Buka Bisnis?","comment","eOwtRnJemrg","0"
"@konten-keren","false","UgzAOpRHnbjJzimiZn14AaABAg","BAJINGUK 100 EWU AMEH BISNIS 🔥🔥🔥🔥","3865","false","https://www.youtube.com/watch?v=eOwtRnJemrg","8 months ago","0",,"Baru Lulus Udah Pengen Buka Bisnis?","comment","eOwtRnJemrg","0"
"@novatsambodo","false","Ugz1ykJmBUv68Eju1RB4AaABAg","wkwkwk Ajurrrrr ""ngentek2ke duite wong tuwo kowe buossss!!!""","3865","false","https://www.youtube.com/watch?v=eOwtRnJemrg","8 months ago (edited)","0",,"Baru Lulus Udah Pengen Buka Bisnis?","comment","eOwtRnJemrg","0"
"@rq1771","false","UgxIOyZdcRqd1sQew1l4AaABAg","IPK  nol besar dok, 
pengalaman welder 2 tahun, 

note izin dengerin plus belajar bagaimana hidup ini dari dokter tirta,","3865","false","https://www.youtube.com/watch?v=eOwtRnJemrg","8 months ago","0",,"Baru Lulus Udah Pengen Buka Bisnis?","comment","eOwtRnJemrg","0"
"@habibifadhilm","false","Ugy8KbyD2GCA5KdYobN4AaABAg","INI VIDEO KESENANGAN CLIPPERRRR WKLKWKW","3865","false","https://www.youtube.com/watch?v=eOwtRnJemrg","8 months ago","0",,"Baru Lulus Udah Pengen Buka Bisnis?","comment","eOwtRnJemrg","0"
"@ArifverseID","false","UgxFjxzj3ZhBbxPQ67J4AaABAg","Kapal uap 😂","3865","false","https://www.youtube.com/watch?v=eOwtRnJemrg","8 months ago","0",,"Baru Lulus Udah Pengen Buka Bisnis?","comment","eOwtRnJemrg","0"
"@lluu1321","false","Ugy4CRDJWVqXk4JwweB4AaABAg","Keren banget mengukur titik awal kita. Sumpah jos","3865","false","https://www.youtube.com/watch?v=eOwtRnJemrg","8 months ago","0",,"Baru Lulus Udah Pengen Buka Bisnis?","comment","eOwtRnJemrg","1"
"@tehnikregmalam4504","false","UgzxfrjXkYjJBYDSTtd4AaABAg","saya serjana teknik 2017 ortu pedagang dan bapak sudah gak bisa bekerja,saya bayar kuliah Kemarin dengan jd drivel ojol . ipk saya 3,45 allhamdulilah 
saya untuk sekarang masih survival untuk kerja, impian saya punya bisnis dgn brand banyak dikenal, dan modal sekecil kecilnya untuk sebesarnya
pernah berbisnis tapi mental gak stabil jadi untuk sekarang kerja dulu untuk ngumpul kan modal lagi","3865","false","https://www.youtube.com/watch?v=eOwtRnJemrg","8 months ago","0",,"Baru Lulus Udah Pengen Buka Bisnis?","comment","eOwtRnJemrg","0"
"@junaidipasber7568","false","UgxhGDxnYvgPy3Ef79N4AaABAg","syarat hidup aman. Udah gk usah banyak gaya hidup.. jangan gengsi, merintis dari bawah, biar tau pengalaman dulu, gk usah buru-buru pengen kaya dan hidup hemat.","3865","false","https://www.youtube.com/watch?v=eOwtRnJemrg","8 months ago","0",,"Baru Lulus Udah Pengen Buka Bisnis?","comment","eOwtRnJemrg","0"
"@Mr_jijii","false","UgzKh4ARa6bHTXnyKjF4AaABAg","demi apapun gue tertampar banget sm kata"" lu dok","3865","false","https://www.youtube.com/watch?v=eOwtRnJemrg","8 months ago","0",,"Baru Lulus Udah Pengen Buka Bisnis?","comment","eOwtRnJemrg","0"
"@RonySugiarto-rt5pt","false","Ugz1Xn-6brzl3PMGp2d4AaABAg","Kemenangan itu bukan tentang siapa yang paling menyerang,tapi siapa yang paling kuat bertahan -dr Tirta.
(Towel harus lihat ini)","3865","false","https://www.youtube.com/watch?v=eOwtRnJemrg","8 months ago","1",,"Baru Lulus Udah Pengen Buka Bisnis?","comment","eOwtRnJemrg","0"
"@sutrisnop4687","false","Ugw3GO937IRfPvffKA14AaABAg","Alhamdulillah..Semoga beliau, kita Sehat

Barrakallah Ilmunya..matursuwun Dok","3865","false","https://www.youtube.com/watch?v=eOwtRnJemrg","8 months ago","0",,"Baru Lulus Udah Pengen Buka Bisnis?","comment","eOwtRnJemrg","0"
"@dnlariginyu","false","UgzOe95aiqWwSEuh3Lp4AaABAg","diluar sini banyak org yg ga punya ketiga previlege tadi tapi utk IPKnya bukan krna IPK rendah, tapi emg ga kuliah. gmna dong? :D","3865","false","https://www.youtube.com/watch?v=eOwtRnJemrg","8 months ago","0",,"Baru Lulus Udah Pengen Buka Bisnis?","comment","eOwtRnJemrg","1"
"@hanakotobarinda6838","false","UgwS-I-qVGMIfHJ07rt4AaABAg","🤣🤣🤣","3865","false","https://www.youtube.com/watch?v=eOwtRnJemrg","8 months ago","0",,"Baru Lulus Udah Pengen Buka Bisnis?","comment","eOwtRnJemrg","0"
"@Bruck10","false","UgzdwNO6ue1GanS7yQd4AaABAg","Jadi pembisnis krn ingin Menumbangkan rothschild wkwkwk","3865","false","https://www.youtube.com/watch?v=eOwtRnJemrg","8 months ago","0",,"Baru Lulus Udah Pengen Buka Bisnis?","comment","eOwtRnJemrg","0"
"@diantamasaputra1215","false","UgzeS36J3P2VcMtrLnZ4AaABAg","Bajiruuut..
Oomonganmu akeh benere dok.
😂
Disaat akeh wong do ngomong rejeki wes ono seng ngatur, jebule seng ngatur rejeki yo bose..
Dunia ini awalnya hutan rimba dan sekarang masih hutan rimba dok, cuma landscapee wae seng berubah.😂","3865","false","https://www.youtube.com/watch?v=eOwtRnJemrg","8 months ago","0",,"Baru Lulus Udah Pengen Buka Bisnis?","comment","eOwtRnJemrg","0"
"@otomotif_netizen","false","UgzEdV2-RUWDovSkcvR4AaABAg","saya punya privilege lingkungan orang kaya namun orang tua memilih jalan hidup ekonomi sederhana dan cukup. apakah bisa yaa mencapai kekayaan finansial dengan privilege orang terdekat?? 🙏🏼🙏🏼","3865","false","https://www.youtube.com/watch?v=eOwtRnJemrg","8 months ago","0",,"Baru Lulus Udah Pengen Buka Bisnis?","comment","eOwtRnJemrg","0"
"@lukmanwazza6539","false","Ugwejg3dkeVtJDjNtYl4AaABAg","dia bicara peluang / probabilitas, bagi sebagian orang realistis akan punya cara berfikir sama tapi ada sebagian orang berfikir lainnya, 1% tetep peluang yg bisa di sebut juga keberuntungan,

salam orang2 mumet cari uang","3865","false","https://www.youtube.com/watch?v=eOwtRnJemrg","8 months ago","0",,"Baru Lulus Udah Pengen Buka Bisnis?","comment","eOwtRnJemrg","0"
"@Akaminarui","false","UgxRImY-ey_PXTn2XPF4AaABAg","Gak semua dok, ga kuliah😄😀","3865","false","https://www.youtube.com/watch?v=eOwtRnJemrg","8 months ago","0",,"Baru Lulus Udah Pengen Buka Bisnis?","comment","eOwtRnJemrg","0"
"@FTRSPORTGAMING25","false","UgwLe08Gmrlm04bVzFd4AaABAg","Terimakasih Dok ❤","3865","false","https://www.youtube.com/watch?v=eOwtRnJemrg","8 months ago","0",,"Baru Lulus Udah Pengen Buka Bisnis?","comment","eOwtRnJemrg","0"
"@Semuakata","false","UgxJIJE-Oj3ugSWtNKh4AaABAg","Kelass bgt guru ip 🙏","3865","false","https://www.youtube.com/watch?v=eOwtRnJemrg","8 months ago","0",,"Baru Lulus Udah Pengen Buka Bisnis?","comment","eOwtRnJemrg","0"
"@muslimhaidar999","false","Ugwxdy3Inh7YkXDKrrx4AaABAg","Keren, konsep realistis dalam hidup, agar mendapatkan kehidupan yang sehat dan bahagia...","3865","false","https://www.youtube.com/watch?v=eOwtRnJemrg","8 months ago","0",,"Baru Lulus Udah Pengen Buka Bisnis?","comment","eOwtRnJemrg","0"
"@petanigagal9649","false","UgwlO7cF5gswrsVhefx4AaABAg","lord cipeng is the best. style nya pedes tapi ya soalnya bener.... pedes tapi tidak sombong dan merendahkan.","3865","false","https://www.youtube.com/watch?v=eOwtRnJemrg","8 months ago (edited)","0",,"Baru Lulus Udah Pengen Buka Bisnis?","comment","eOwtRnJemrg","1"
"@Testingacccountt","false","Ugz2nab2RE01GOoM8PB4AaABAg","Dr tirta on point bngt yaa","3865","false","https://www.youtube.com/watch?v=eOwtRnJemrg","8 months ago","0",,"Baru Lulus Udah Pengen Buka Bisnis?","comment","eOwtRnJemrg","0"
"@Hey-TriAyu","false","UgxrT041qeXyxcoYZbh4AaABAg","Klo menikah nomor 1,  kebutuhan batin nomor 1.","3865","false","https://www.youtube.com/watch?v=eOwtRnJemrg","8 months ago","0",,"Baru Lulus Udah Pengen Buka Bisnis?","comment","eOwtRnJemrg","0"
"@yusufmz5708","false","UgxlzFDe19cjKmng7aF4AaABAg","Terimakasih Dokter Tirta sudah memberi pencerahan.. 😊","3865","false","https://www.youtube.com/watch?v=eOwtRnJemrg","8 months ago","0",,"Baru Lulus Udah Pengen Buka Bisnis?","comment","eOwtRnJemrg","0"
"@bangyal6856","false","Ugz1Xn-6brzl3PMGp2d4AaABAg.AOSP-DkgF3MAOlQZm6bVZb","Parkir bus terus serang balik 😂","3865","false","https://www.youtube.com/watch?v=eOwtRnJemrg","8 months ago","0","Ugz1Xn-6brzl3PMGp2d4AaABAg","Baru Lulus Udah Pengen Buka Bisnis?","reply","eOwtRnJemrg","0"
"@okinoojoeng","false","UgxqJIhEz71JodYmkXx4AaABAg","Sebagai sutradara dan penulis dari dulu sampai motivator muncul di youtube saya tidak pernah suka dengan motivator terlebih motivator bisnis, buat saya pribadi hobi adalah bisnis nyata dari hati tanpa berpikir untung atau rugi yang terpenting kualitas","3865","false","https://www.youtube.com/watch?v=eOwtRnJemrg","8 months ago","1",,"Baru Lulus Udah Pengen Buka Bisnis?","comment","eOwtRnJemrg","1"
"@heppyharmoko7571","false","UgwI-crhjezryLQGR0V4AaABAg","Dokter aneh. Katanya anti motivasi tapi memberi saran 😂😂😂😂","3865","false","https://www.youtube.com/watch?v=eOwtRnJemrg","8 months ago","0",,"Baru Lulus Udah Pengen Buka Bisnis?","comment","eOwtRnJemrg","0"
"@ngajipusatid","false","UgyeR-VxKmboWyoreZl4AaABAg","18.20 yang nggak semua ke kamboja aja 😂😂","3865","false","https://www.youtube.com/watch?v=eOwtRnJemrg","8 months ago","0",,"Baru Lulus Udah Pengen Buka Bisnis?","comment","eOwtRnJemrg","0"
"@mirwanhamdy","false","UgxLdX3U-Tm2T7AqZUR4AaABAg","Ini kalau berdasarkan rasionalitas pola pikir manusia yg berakal lurus saya setuju. 
Tapi, ada juga manusia yang bermental keyakinan saja juga bisa, dan mengambil resiko dalam hidup meskipun tanpa pengalaman, pengatahuan yg cukup.","3865","false","https://www.youtube.com/watch?v=eOwtRnJemrg","8 months ago","0",,"Baru Lulus Udah Pengen Buka Bisnis?","comment","eOwtRnJemrg","0"
"@ubial","false","UgyshNwsMOZdRUutCEp4AaABAg","Uang 😊","3865","false","https://www.youtube.com/watch?v=eOwtRnJemrg","8 months ago","0",,"Baru Lulus Udah Pengen Buka Bisnis?","comment","eOwtRnJemrg","0"
"@muhammadmanshur5570","false","Ugw2_3i0Osh3T8409HR4AaABAg","Pingin maju, bantu negara menjadi negara maju, menginspirasi orang lain jadi entrepreneur","3865","false","https://www.youtube.com/watch?v=eOwtRnJemrg","8 months ago","0",,"Baru Lulus Udah Pengen Buka Bisnis?","comment","eOwtRnJemrg","0"
"@buatjajansendiri","false","UgwUe7XWaP-RgCZvGOZ4AaABAg","Dok, gimana kalau, 
1. IPK besar = diatas 3,9 bahkan pernah masuk 2 terbesar di Fakultas tapi berenti ditengah jalan (± semester 4) karena finansial keluarga yg tiba-tiba ancur
2. Privilege Jaringan : Ada tapi dulu, sekarang orang tua yg satu meninggal yg satu lagi pensiun otomatis banyak jaringan terputus
3. Financial not stable. 
Jadi, ga berlaku semua untuk mulai bisnis?
Kalau pilihannya kerja: Mau banget, pernah diterima di beberapa kerjaan yg selaras maupun tidak tapi punya skills, sayangnya ga dibolehin sama ortu karena katanya kasian, cape, sayang anak perempuan :'( it's very confused
Edit: But, pernah ikut jadi tentor teaching English di Bimbingan Belajar sambil kuliah waktu itu, dan itu aja yang dibolehin kerja waktu diperantauan, katanya karena bermanfaat dan melatih skill jadi ga hanya lelah. Tapi aku ingin mencari pekerjaan lain karena sudah tidak kuliah","3865","false","https://www.youtube.com/watch?v=eOwtRnJemrg","8 months ago (edited)","0",,"Baru Lulus Udah Pengen Buka Bisnis?","comment","eOwtRnJemrg","0"
"@MiftahulArif-o1m","false","UgwuRoptP4PJQoQLMsx4AaABAg","Kitahitung peruhan pajak penghasil dan dll","3865","false","https://www.youtube.com/watch?v=eOwtRnJemrg","8 months ago","0",,"Baru Lulus Udah Pengen Buka Bisnis?","comment","eOwtRnJemrg","0"
"@MiftahulArif-o1m","false","Ugxv1gnXnn0-AwoD6uF4AaABAg","Pajang bisnis","3865","false","https://www.youtube.com/watch?v=eOwtRnJemrg","8 months ago","0",,"Baru Lulus Udah Pengen Buka Bisnis?","comment","eOwtRnJemrg","0"
"@MiftahulArif-o1m","false","Ugy4PjoiEfmy-OiS8s54AaABAg","Ga muda kaya balikkan tangan ✋","3865","false","https://www.youtube.com/watch?v=eOwtRnJemrg","8 months ago","0",,"Baru Lulus Udah Pengen Buka Bisnis?","comment","eOwtRnJemrg","0"
"@balbalangeh","false","UgxS8vsDgdiG1HTS1fF4AaABAg","Sy setuju, sy cuman punya satu, pinter walopun IPK jeblok, sy kerja, alhamdulillah sekarang dah financial stabil, sekarang dah merambah ke bisnis, step by step brooo","3865","false","https://www.youtube.com/watch?v=eOwtRnJemrg","8 months ago","0",,"Baru Lulus Udah Pengen Buka Bisnis?","comment","eOwtRnJemrg","0"
"@fathurrizqi5955","false","UgxJdMfkdX0xtIORxEp4AaABAg","13 : 43 🤣","3865","false","https://www.youtube.com/watch?v=eOwtRnJemrg","8 months ago","0",,"Baru Lulus Udah Pengen Buka Bisnis?","comment","eOwtRnJemrg","0"
"@AkhaPangestu","false","Ugy0xcCM3j4IRB1TDCt4AaABAg","28:15
Saya udah 2rakaat sblum subuh + kerja gak kaya² sperti para HABIB.
Ternyata hanya KLISE.

OMONGAN HABIB JAFAR YANG KATANYA BIKIN KAYA BAHKAN KEKAYAANNYA MENGALAHKAN BILL GATES.
DUSTAAAA!!!!!!
😂","3865","false","https://www.youtube.com/watch?v=eOwtRnJemrg","8 months ago","1",,"Baru Lulus Udah Pengen Buka Bisnis?","comment","eOwtRnJemrg","1"
"@AkhaPangestu","false","Ugxo8B3ZusKVy6TZ4D54AaABAg","Aku menjadi berkerja apapun yg pnting dpet uang.
Gak UMR DIY pun gpp, lah gimana lagi skrng yg UMR mintanya kuliah & max umur 25thun.
😓","3865","false","https://www.youtube.com/watch?v=eOwtRnJemrg","8 months ago","0",,"Baru Lulus Udah Pengen Buka Bisnis?","comment","eOwtRnJemrg","0"
"@AkhaPangestu","false","UgxN7bpdwMd0aPC7Ygh4AaABAg","Dr. Tirtal kicep didepan Timoty gak bsa bantah argument² sang manusia tajir seIndonesia
😅","3865","false","https://www.youtube.com/watch?v=eOwtRnJemrg","8 months ago","0",,"Baru Lulus Udah Pengen Buka Bisnis?","comment","eOwtRnJemrg","0"
"@indahpur8747","false","UgxpMzJp_dvKsCJm2Gx4AaABAg","Back sound nya lucu banget... Makasih bapak tirtaaa 😄","3865","false","https://www.youtube.com/watch?v=eOwtRnJemrg","8 months ago","0",,"Baru Lulus Udah Pengen Buka Bisnis?","comment","eOwtRnJemrg","0"
"@straydog4557","false","UgzailQdgHqNvURRGzR4AaABAg","Kalian bayangin, jadi perut tuh meledak DAARRR wahhh itu 💩 Hooeekk","3865","false","https://www.youtube.com/watch?v=eOwtRnJemrg","8 months ago","0",,"Baru Lulus Udah Pengen Buka Bisnis?","comment","eOwtRnJemrg","0"
"@aqeelmirza4430","false","Ugzed0jLkIKl3kc_Dzl4AaABAg","asli mahal bangett ni statementnya","3865","false","https://www.youtube.com/watch?v=eOwtRnJemrg","8 months ago","0",,"Baru Lulus Udah Pengen Buka Bisnis?","comment","eOwtRnJemrg","0"
"@bagusscooterist","false","UgyFcVERz-Kqs2_ZL8B4AaABAg","Saya jadi Pengusaha, karena title sarjana saya tidak terpakai untuk CPNS di daerah saya, dan Saya merasa tidak cocok jadi Guru. Lalu  saya memulai usaha untuk menghidupi diri saya sendiri pada awalnya dan sekarang tetap jadi pengusaha demi menghidupi anak istri.. walau hidup pas pasan, yang penting tetap cukup setiap ada kebutuhan..","3865","false","https://www.youtube.com/watch?v=eOwtRnJemrg","8 months ago","0",,"Baru Lulus Udah Pengen Buka Bisnis?","comment","eOwtRnJemrg","0"
"@Halowyoutube","false","UgwX5wbdFYow7eSkhwd4AaABAg","Peng peng marah marah🤣 pemikiran kita sama usia kita sama gue sutuju harus marah marah ya peng","3865","false","https://www.youtube.com/watch?v=eOwtRnJemrg","8 months ago","0",,"Baru Lulus Udah Pengen Buka Bisnis?","comment","eOwtRnJemrg","0"
"@bahrunibnusyam3209","false","UgyzRryqwHHxy0HWmRx4AaABAg","Nyelamatin diri sendiri aja belum bisa, mau nyelamatin orang lain ... mantap","3865","false","https://www.youtube.com/watch?v=eOwtRnJemrg","8 months ago","0",,"Baru Lulus Udah Pengen Buka Bisnis?","comment","eOwtRnJemrg","56"
"@hadi-wicaksono","false","UgysckILDP5smoUELtd4AaABAg","Membuka lapangan pekerjaan sebanyak banyaknya untuk warga Indonesia. 🇮🇩","3865","false","https://www.youtube.com/watch?v=eOwtRnJemrg","8 months ago","0",,"Baru Lulus Udah Pengen Buka Bisnis?","comment","eOwtRnJemrg","1"
"@muhammadarafatgaruda","false","Ugzm74zVEQfXVoXUzxR4AaABAg","thanks a million, may Allah guide & reward you all with goodness","3865","false","https://www.youtube.com/watch?v=eOwtRnJemrg","8 months ago","0",,"Baru Lulus Udah Pengen Buka Bisnis?","comment","eOwtRnJemrg","2"
"@mindset_genius01","false","UgxTpPk8XYXjxz3plA94AaABAg","Luck tidak gratis. Luck tercipta dari usaha bahkan dari hal kecil sekalipun, karena tindakan kecil menghasilkan efek domino yang berdampak besar. Itu adalah hasil di luar kontrol kita, sebuah bonus dari kesempatan dan konsistensi","3865","false","https://www.youtube.com/watch?v=eOwtRnJemrg","8 months ago","10",,"Baru Lulus Udah Pengen Buka Bisnis?","comment","eOwtRnJemrg","83"
"@benyaminarga5662","false","UgyR8SLBqcTkTHc2OwR4AaABAg","Asli keren dok.. membangun mental banget... Mulai sekarang aku ga mau GOBLOK lagi","3865","false","https://www.youtube.com/watch?v=eOwtRnJemrg","8 months ago","0",,"Baru Lulus Udah Pengen Buka Bisnis?","comment","eOwtRnJemrg","1"
"@DAKWAHSANTAIINDONESIA","false","UgwUJmWmuJWfxnFFfp14AaABAg","ngopi tok,ora karo udud peng","3865","false","https://www.youtube.com/watch?v=eOwtRnJemrg","8 months ago","0",,"Baru Lulus Udah Pengen Buka Bisnis?","comment","eOwtRnJemrg","0"
"@deiofficial62","false","UgwlIPA2_-ejFQpVJgZ4AaABAg","Saya gen Z , dari keluarga biasa penuh kekuranga, lulusan SMK, tapi saya selalu mencoba terus, walaupun gagal. Yang saya pegang jika seseorang berusaha maka akan terwujud. Alhamdulillah saya membuka usaha dan bisa membuka peluang kerja walaupun punya 1 karyawan,,, yang penting berjuang, berdoa, belajar dari pada tidak ada perubahan","3865","false","https://www.youtube.com/watch?v=eOwtRnJemrg","8 months ago","0",,"Baru Lulus Udah Pengen Buka Bisnis?","comment","eOwtRnJemrg","0"
"@podcast087","false","UgyI__ZKBMOQS_uVH0J4AaABAg","Jadi lebih baik di keuangan❤","3865","false","https://www.youtube.com/watch?v=eOwtRnJemrg","8 months ago","0",,"Baru Lulus Udah Pengen Buka Bisnis?","comment","eOwtRnJemrg","0"
"@didimarlekgaming6974","false","UgzxkwDwIZp0PhkYnS14AaABAg","""Liverpool 30 tahun ajah juara sekali, bisa jadi kalian 30 tahun lagi baru sukses""
-dr Tirta (peng-peng)","3865","false","https://www.youtube.com/watch?v=eOwtRnJemrg","8 months ago (edited)","1",,"Baru Lulus Udah Pengen Buka Bisnis?","comment","eOwtRnJemrg","65"
"@nurimichael5259","false","UgzfnEMBr5XjUJ_CINF4AaABAg","Cerdas","3865","false","https://www.youtube.com/watch?v=eOwtRnJemrg","8 months ago","0",,"Baru Lulus Udah Pengen Buka Bisnis?","comment","eOwtRnJemrg","0"
"@bagus21pambudi43","false","UgxT8avVaFcJfDhU7bR4AaABAg","gua masih anak smk dari keluarga yg bisa di bilng kurang, tapi nekat buka usaha kecil kecilan jualan dimsum alhamdulillah udh berjalan 2bln dengan modal awal cuma 50K bisa buat beli aset, modal kedepan tujuannya cari pengalaman sama ningkatin skil karna di zaman skrg sulih buat cari kerja dgn skil minim klo stlh lulus smk😢","3865","false","https://www.youtube.com/watch?v=eOwtRnJemrg","8 months ago","3",,"Baru Lulus Udah Pengen Buka Bisnis?","comment","eOwtRnJemrg","12"
"@kevinadriyan71","false","UgwRPT0ZpXYlfdWrzRV4AaABAg","Bapa gw slalu ngomong gini untuk belajar keuangan dri orang cina 08:00","3865","false","https://www.youtube.com/watch?v=eOwtRnJemrg","8 months ago (edited)","0",,"Baru Lulus Udah Pengen Buka Bisnis?","comment","eOwtRnJemrg","0"
"@heroporo156","false","Ugzsymn8Xq4FGWfPRDZ4AaABAg","mohon maaf, disini ada yang tau kemeja yang dipake dokter Tirta ga? nyari belum ketemu-ketemu","3865","false","https://www.youtube.com/watch?v=eOwtRnJemrg","8 months ago","0",,"Baru Lulus Udah Pengen Buka Bisnis?","comment","eOwtRnJemrg","0"
"@salmadiskaiz","false","UgzOJ9h3EaTNN45zWDR4AaABAg","Orang tua kita harus mendengar video ini si, bahwa zaman sudah berubah","3865","false","https://www.youtube.com/watch?v=eOwtRnJemrg","8 months ago","0",,"Baru Lulus Udah Pengen Buka Bisnis?","comment","eOwtRnJemrg","0"
"@abangjonoskuy","false","UgwNROMnrkmBGfuDqYx4AaABAg","25:20 dicut kenapa woi wkwk","3865","false","https://www.youtube.com/watch?v=eOwtRnJemrg","8 months ago","0",,"Baru Lulus Udah Pengen Buka Bisnis?","comment","eOwtRnJemrg","0"
"@wiliamraharjo958","false","UgyL4oZIf0gdRT04-MR4AaABAg","Mending jadi youtuber 😂","3865","false","https://www.youtube.com/watch?v=eOwtRnJemrg","8 months ago","0",,"Baru Lulus Udah Pengen Buka Bisnis?","comment","eOwtRnJemrg","0"
"@Hari.Bersamanya","false","UgwA-pIMKVSaikflEBB4AaABAg","Udah berkali2 aku tonton ulang 👏🏻👏🏻","3865","false","https://www.youtube.com/watch?v=eOwtRnJemrg","8 months ago","0",,"Baru Lulus Udah Pengen Buka Bisnis?","comment","eOwtRnJemrg","0"
"@EDIAPRIANDI-ue3xs","false","Ugz7y091F1VcXKkThCt4AaABAg","Saran untuk umur 20 an","3865","false","https://www.youtube.com/watch?v=eOwtRnJemrg","8 months ago","0",,"Baru Lulus Udah Pengen Buka Bisnis?","comment","eOwtRnJemrg","0"
"@BONSAINDESO","false","UgxRHIQ3bX4cY51Pjlt4AaABAg","ASU GEK AKU TIDAK SEMUA KI DOK JOH NAN KAMBOJA IKI😭","3865","false","https://www.youtube.com/watch?v=eOwtRnJemrg","8 months ago","0",,"Baru Lulus Udah Pengen Buka Bisnis?","comment","eOwtRnJemrg","0"
"@fahmiridani9068","false","UgxEGXmcrNhskBRhe8Z4AaABAg","Terimakasih banyak","3865","false","https://www.youtube.com/watch?v=eOwtRnJemrg","8 months ago","0",,"Baru Lulus Udah Pengen Buka Bisnis?","comment","eOwtRnJemrg","0"
"@sopojarwo3483","false","Ugy0xcCM3j4IRB1TDCt4AaABAg.AORE23KhciVAOUEubmQOg3","2 rakaat sebelum subuh itu bukan untuk kaya darimana lu belajar begitu?? Itu kadar pahalanya yang lebih baik dari dunia dan seisinya alias untuk akhirat. Nabi aja masih berusaha alias berdagang ga tiba2 kaya karena solat lucu itu mah lu yang dibodoh2i atau emang bodoh.","3865","false","https://www.youtube.com/watch?v=eOwtRnJemrg","8 months ago","0","Ugy0xcCM3j4IRB1TDCt4AaABAg","Baru Lulus Udah Pengen Buka Bisnis?","reply","eOwtRnJemrg","1"
"@sopojarwo3483","false","UgxqJIhEz71JodYmkXx4AaABAg.AOS-JsHHqPxAOUGNDyFvB9","Gua heran kenapa lu bisa benci motivator padahal mereka kan motivator alias cuma penyemangat biar lu mau melakukan apapun itu yang lu belum lakukan. 

Seharusnya ketika lu udah mau melakukan sesuatu ya pergi ke ahlinya biar ga gagal atau meminimalisir jangan ke motivator lagi tapi kenyataan dilapangan kan lucu karena orang2 itu banyak yg bodoh atau halu gmn ga paham juga.... akhirnya mengira ikut motivator bisa kaya instant ketika gagal benci motivator wkwk","3865","false","https://www.youtube.com/watch?v=eOwtRnJemrg","8 months ago","0","UgxqJIhEz71JodYmkXx4AaABAg","Baru Lulus Udah Pengen Buka Bisnis?","reply","eOwtRnJemrg","0"
"@StarMoon-ce8ui","false","UgxT8avVaFcJfDhU7bR4AaABAg.AOQHJJAhQlGAOXyZsa2VD8","Gpp kakk, aku aja yang kuliah juga ttp nyoba bangun bisnis. Semangattt kk ✨","3865","false","https://www.youtube.com/watch?v=eOwtRnJemrg","8 months ago","0","UgxT8avVaFcJfDhU7bR4AaABAg","Baru Lulus Udah Pengen Buka Bisnis?","reply","eOwtRnJemrg","0"
"@mystryagle","false","UgxT8avVaFcJfDhU7bR4AaABAg.AOQHJJAhQlGAOlAW4pYfgr"," @bagus21pambudi43  Semangaat yaa disiplin bisnisnyaa, Yakin bisaa ❤️","3865","false","https://www.youtube.com/watch?v=eOwtRnJemrg","8 months ago","0","UgxT8avVaFcJfDhU7bR4AaABAg","Baru Lulus Udah Pengen Buka Bisnis?","reply","eOwtRnJemrg","0"
"@ghostbuster8102","false","UgxT8avVaFcJfDhU7bR4AaABAg.AOQHJJAhQlGAOoGyUrbcw7","Gapapa bang , belajar manage keuangan , jangan malu sama hal baru , ya walau kadang dibilang aneh kalau berinovasi  😂 so lah, aneh lah ,apa lah , maju terus ,semangat !!!","3865","false","https://www.youtube.com/watch?v=eOwtRnJemrg","8 months ago","0","UgxT8avVaFcJfDhU7bR4AaABAg","Baru Lulus Udah Pengen Buka Bisnis?","reply","eOwtRnJemrg","0"
"@yosepmukti1","false","UgzxkwDwIZp0PhkYnS14AaABAg.AOQRKSAfzvGAP_kcckTzpC","Usia 60 tahun","3865","false","https://www.youtube.com/watch?v=eOwtRnJemrg","7 months ago","0","UgzxkwDwIZp0PhkYnS14AaABAg","Baru Lulus Udah Pengen Buka Bisnis?","reply","eOwtRnJemrg","5"
"@doonthink","false","UgxTpPk8XYXjxz3plA94AaABAg.AOQbu0owdjLAQE6osOJZcg"," @mindset_genius01  sangat setuju, tugas kita untuk terus mencoba dan berusaha karena luck di ciptakan, bukan tiba-tiba datang","3865","false","https://www.youtube.com/watch?v=eOwtRnJemrg","7 months ago","0","UgxTpPk8XYXjxz3plA94AaABAg","Baru Lulus Udah Pengen Buka Bisnis?","reply","eOwtRnJemrg","3"
"@beritaviral-m2j","false","UgxTpPk8XYXjxz3plA94AaABAg.AOQbu0owdjLAQMe8QeDbWn","Luck itu gratis","3865","false","https://www.youtube.com/watch?v=eOwtRnJemrg","7 months ago","0","UgxTpPk8XYXjxz3plA94AaABAg","Baru Lulus Udah Pengen Buka Bisnis?","reply","eOwtRnJemrg","1"
"@agusgunawan5061","false","UgxTpPk8XYXjxz3plA94AaABAg.AOQbu0owdjLAQY5zAFILOu"," @beritaviral-m2j ada yg gratis ada yg harus diusahakan","3865","false","https://www.youtube.com/watch?v=eOwtRnJemrg","7 months ago","0","UgxTpPk8XYXjxz3plA94AaABAg","Baru Lulus Udah Pengen Buka Bisnis?","reply","eOwtRnJemrg","0"
"@agusgunawan5061","false","UgxTpPk8XYXjxz3plA94AaABAg.AOQbu0owdjLAOY4SxD_mOE","Nah ini😂 harus diusahakan juga","3865","false","https://www.youtube.com/watch?v=eOwtRnJemrg","8 months ago","0","UgxTpPk8XYXjxz3plA94AaABAg","Baru Lulus Udah Pengen Buka Bisnis?","reply","eOwtRnJemrg","0"
"@caniaazzahra7065","false","UgxTpPk8XYXjxz3plA94AaABAg.AOQbu0owdjLAQGx1CjR07h","Tindakan seperti apa??ayah saya nasi goreng selama 30thn sampai sekarang masih dgn gerobak yg sama menu yg sama cuman beda tempat??? Tindakan seorang pengusaha ke customer TDK mungkin melayani dgn TDK baik dong??? Tindakan positif seperti apa agar efek domino itu terjadi????","3865","false","https://www.youtube.com/watch?v=eOwtRnJemrg","7 months ago","0","UgxTpPk8XYXjxz3plA94AaABAg","Baru Lulus Udah Pengen Buka Bisnis?","reply","eOwtRnJemrg","0"
"@agusgunawan5061","false","UgxTpPk8XYXjxz3plA94AaABAg.AOQbu0owdjLAQY6xqqbLp2"," @caniaazzahra7065  😂 ayah lu ga melek investasi","3865","false","https://www.youtube.com/watch?v=eOwtRnJemrg","7 months ago","0","UgxTpPk8XYXjxz3plA94AaABAg","Baru Lulus Udah Pengen Buka Bisnis?","reply","eOwtRnJemrg","0"
"@Donal_Besari","false","UgxTpPk8XYXjxz3plA94AaABAg.AOQbu0owdjLAQx9mc8Tt2J","​ @caniaazzahra7065 belajar bikin nasi goreng dari ayahmu, nanti km akan tau cara berbisnis. Usaha keluarga itu bisa diwariskan.","3865","false","https://www.youtube.com/watch?v=eOwtRnJemrg","6 months ago","0","UgxTpPk8XYXjxz3plA94AaABAg","Baru Lulus Udah Pengen Buka Bisnis?","reply","eOwtRnJemrg","0"
"@ssunnyverse","false","UgxTpPk8XYXjxz3plA94AaABAg.AOQbu0owdjLAS7HEDLSL5v"," @caniaazzahra7065  tindakan kecil itu bisa berupa berani nyoba hal baru, belajar lagi (kuliah), inovasi, cari mentor, dan masih banyak hal lain kak. Kalo bertahun2 bergelud di hal yang sama tapi ga mau upgrade skill sama kaya bapak saya juga 😹","3865","false","https://www.youtube.com/watch?v=eOwtRnJemrg","5 months ago","0","UgxTpPk8XYXjxz3plA94AaABAg","Baru Lulus Udah Pengen Buka Bisnis?","reply","eOwtRnJemrg","0"
"@notfound5200","false","UgxTpPk8XYXjxz3plA94AaABAg.AOQbu0owdjLARjEflAlICF","Lucky day is doesn't come suddenly","3865","false","https://www.youtube.com/watch?v=eOwtRnJemrg","6 months ago","0","UgxTpPk8XYXjxz3plA94AaABAg","Baru Lulus Udah Pengen Buka Bisnis?","reply","eOwtRnJemrg","0"
"@nusaantara6077","false","UgwsfMV6wz1_BdcNuaJ4AaABAg","Percayalah teman-teman usaha itu 3x lebih berat dari karyawan.. saya pernah ngalamin apalagi saat merintis, beraatt","3865","false","https://www.youtube.com/watch?v=eOwtRnJemrg","8 months ago","0",,"Baru Lulus Udah Pengen Buka Bisnis?","comment","eOwtRnJemrg","0"
"@Controlgede","false","UgxnvEPjpaH01zTnPtF4AaABAg","25:18 always trust the proses, percaya bahwa dunia ini kadang gk adil, 
kalau kalian gk ada previlage gk ada yg perlu disalahkan, 
Kalau kalian terjebak di kemiskinan struktural ya sudah.","3865","false","https://www.youtube.com/watch?v=eOwtRnJemrg","8 months ago","0",,"Baru Lulus Udah Pengen Buka Bisnis?","comment","eOwtRnJemrg","0"
"@hiizie4328","false","UgzyXW_004fFpNjN8454AaABAg","21:27 udah kek rekrutmen baju pramuka sama kacang ijo","3865","false","https://www.youtube.com/watch?v=eOwtRnJemrg","8 months ago","0",,"Baru Lulus Udah Pengen Buka Bisnis?","comment","eOwtRnJemrg","3"
"@muhammadnurzakia498","false","UgxaAVWlArirgPbBKut4AaABAg","Bajindol wong iki😂😂😂😂😂 tapi sangar, suwun bos wes di elekne","3865","false","https://www.youtube.com/watch?v=eOwtRnJemrg","8 months ago","0",,"Baru Lulus Udah Pengen Buka Bisnis?","comment","eOwtRnJemrg","0"
"@mutiarafitriani5961","false","Ugwtf69Iwkh0j7gsZYR4AaABAg","Dokssssss terimakasih banyakkkk😢🙌💖✊","3865","false","https://www.youtube.com/watch?v=eOwtRnJemrg","8 months ago","0",,"Baru Lulus Udah Pengen Buka Bisnis?","comment","eOwtRnJemrg","0"
"@putrawijaya5704","false","UgwvtlBOgO40OubH-dJ4AaABAg","Terima kasih ilmu ya dok","3865","false","https://www.youtube.com/watch?v=eOwtRnJemrg","8 months ago","0",,"Baru Lulus Udah Pengen Buka Bisnis?","comment","eOwtRnJemrg","0"
"@Chiko-yen","false","Ugy_SY75wwqlpGQ-x5B4AaABAg","""Mati itu cuman sekali, hidup itu berkali kali""

-Dr Tirta","3865","false","https://www.youtube.com/watch?v=eOwtRnJemrg","8 months ago","0",,"Baru Lulus Udah Pengen Buka Bisnis?","comment","eOwtRnJemrg","0"
"@kingra_Id","false","UgysKcoqFRQ-KBIN2R94AaABAg","beh omonganmu fakta eh","3865","false","https://www.youtube.com/watch?v=eOwtRnJemrg","8 months ago","0",,"Baru Lulus Udah Pengen Buka Bisnis?","comment","eOwtRnJemrg","0"
"@mdikrykurniadi9369","false","Ugwy1KnoUPiRqlaPEyB4AaABAg","Mau menaikan harga diri gw, itu tujuan gw sebagai pengusaha","3865","false","https://www.youtube.com/watch?v=eOwtRnJemrg","8 months ago","0",,"Baru Lulus Udah Pengen Buka Bisnis?","comment","eOwtRnJemrg","0"
"@tHeLeMonnn-b2d","false","Ugz8yg6Rrj7eEyFDHS14AaABAg","Wahahahaha guyu teros tu 😂","3865","false","https://www.youtube.com/watch?v=eOwtRnJemrg","8 months ago","0",,"Baru Lulus Udah Pengen Buka Bisnis?","comment","eOwtRnJemrg","0"
"@habibpicoloal-nameki1357","false","Ugy7q1rZFaSOBbasBRR4AaABAg","robert kyosaki bilang dalam bukunya lu mau jadi pengusaha tanpa menjadi karyawan terlebih dahulu itu omong kososng hahah","3865","false","https://www.youtube.com/watch?v=eOwtRnJemrg","8 months ago","0",,"Baru Lulus Udah Pengen Buka Bisnis?","comment","eOwtRnJemrg","0"
"@dolananku4168","false","UgzzeIJCQvT6TJUf7HR4AaABAg","😂. Suwun tho. Analis yg punya motiv","3865","false","https://www.youtube.com/watch?v=eOwtRnJemrg","8 months ago (edited)","0",,"Baru Lulus Udah Pengen Buka Bisnis?","comment","eOwtRnJemrg","0"
"@wtb7778","false","UgyS6FlCMvkI3mjnz0V4AaABAg","i have no privilage at all , kuliah 14 smster ipk di bawah 3, pengangguran","3865","false","https://www.youtube.com/watch?v=eOwtRnJemrg","8 months ago","0",,"Baru Lulus Udah Pengen Buka Bisnis?","comment","eOwtRnJemrg","0"
"@cahyopriambodo4564","false","UgzupYnvX9MOsel6OVJ4AaABAg","dari video ini saya belajar kemampuan maksimal bekerja manusia hanya 6 profesi, klo 7 profesi jadi korslet kaya dr. Tirta 😅😂","3865","false","https://www.youtube.com/watch?v=eOwtRnJemrg","8 months ago","0",,"Baru Lulus Udah Pengen Buka Bisnis?","comment","eOwtRnJemrg","1"
"@hellx58","false","UgyuoY7ZMbffBs4LUbt4AaABAg","""Luck"" adalah Yonkou Bugy","3865","false","https://www.youtube.com/watch?v=eOwtRnJemrg","8 months ago","0",,"Baru Lulus Udah Pengen Buka Bisnis?","comment","eOwtRnJemrg","0"
"@fakhurrozi3835","false","Ugxu5F-pX_6IRLYq1ix4AaABAg","Harus punya tabungan berapa kalau mau buka bisnis","3865","false","https://www.youtube.com/watch?v=eOwtRnJemrg","8 months ago","0",,"Baru Lulus Udah Pengen Buka Bisnis?","comment","eOwtRnJemrg","0"
"@AliGucci-e3z","false","UgyNUG_QtdsbnIOFnL14AaABAg","Waktu remaja ( usia dibawah 25) saya di wanti2 ibu , bekerja jgn utamakan gaji karena itu salah besar

Utamakan dapat ilmu ,wawasan,pengalaman dan relasi saat muda

Jika sudah punya, buka usaha sendiri

Modal bisa pinjam

Tetapi Ilmu  harus di tempa sendiri 

Orang punya modal tidak bisa punya usaha dengan baik jika tanpa ilmu

Tetapi yg memiliki ilmu dan wawasan bisa menjalankan usaha walaupun pinjam modal


Dan  40 tahun saya hidup
Ternyata benar omongan ibu ku dulu❤","3865","false","https://www.youtube.com/watch?v=eOwtRnJemrg","8 months ago","0",,"Baru Lulus Udah Pengen Buka Bisnis?","comment","eOwtRnJemrg","0"
"@nabilpambudi5232","false","UgyW5DLYTZ1M3BkuV2t4AaABAg","Lulus Smk 2024
Umur 19
1.Seberapa stabil tabugan ? Tidak
2.Privelige ?
Bpak manol (Kulipanggul Di pasar)
Ibu rmh tngga/petani
Mybe kurang

3.ipk? Tidk pnya(Tidak kuliah)


Bekerjalah untuk punya privelige dan punya mentalitas 

Profesi  mekanik

FINANSIAL LITERASI
Kemampuan seseorang untuk memahami dan mengelola keuangan dengan efektif

Jl
Jika saya ounya uang maka saya akan memperbaiki otak saya?

Keberuntungan itu penting
JANGAN DI BODOHI SOCIETY
Mati cuma sekali, Hidup tiap hari

Episode selanjutnya Bahas yang Nggak kuliah om....
Terutama lulusan smk.","3865","false","https://www.youtube.com/watch?v=eOwtRnJemrg","8 months ago","0",,"Baru Lulus Udah Pengen Buka Bisnis?","comment","eOwtRnJemrg","0"
"@NietzRulz","false","UgzNmkDBjtNFgGAyOup4AaABAg","""liverpool 30 tahun juara sekali""","3865","false","https://www.youtube.com/watch?v=eOwtRnJemrg","8 months ago","0",,"Baru Lulus Udah Pengen Buka Bisnis?","comment","eOwtRnJemrg","0"
"@haeloproject6038","false","UgyAhBuz-Hp_lJGSk8R4AaABAg","Ra kuliah terus pie dok ? 😢","3865","false","https://www.youtube.com/watch?v=eOwtRnJemrg","8 months ago","0",,"Baru Lulus Udah Pengen Buka Bisnis?","comment","eOwtRnJemrg","0"
"@tikungan_tajam2756","false","UgztsbTTi6xvFMkEgMF4AaABAg","Uang itu power of choice yg kuat. Kerasa banget bedanya. Dulu gak ada penghasilan, mau makan di luar pikir 2 kali. Di sekolah selalu lapar. Sekarang punya penghasilan, lu mau buat bisnis, kuliah lagi, investasi, atau sekedar istirahat tanpa kawatir besok kenapa2. Damai bahkan butuh uang, kamu gak ngapa2 in itu ada costnya. Beranjak dari no value ke pemegang dana, terasa seperti kebebasan. Aku mau gimana, dan aku bisa.","3865","false","https://www.youtube.com/watch?v=eOwtRnJemrg","8 months ago","0",,"Baru Lulus Udah Pengen Buka Bisnis?","comment","eOwtRnJemrg","0"
"@Partajenny","false","UgyRv9ViLUWTzd94mwB4AaABAg","mhssw smt 11 nyimak pak dokter","3865","false","https://www.youtube.com/watch?v=eOwtRnJemrg","8 months ago","0",,"Baru Lulus Udah Pengen Buka Bisnis?","comment","eOwtRnJemrg","0"
"@Tiarkiswa","false","UgyYJWPx4rc-jL2LtaR4AaABAg","Kalo saya kuliah + bisnis gimana bisnis family tapi alhmdulilah ipk 3,5  dan bisa bayar kuliah sendiri","3865","false","https://www.youtube.com/watch?v=eOwtRnJemrg","8 months ago","0",,"Baru Lulus Udah Pengen Buka Bisnis?","comment","eOwtRnJemrg","1"
"@nitrazepunk","false","UgzTipdSD0Xu_ub2NPZ4AaABAg","lebih susah ketika bisnis hancur, mau lamar kerja ternyata umur udah 29 dan belum pernah kerja sama sekali, bahkan ijazah s1 belum di ambil karena terlalu fokus bisnis😂","3865","false","https://www.youtube.com/watch?v=eOwtRnJemrg","8 months ago","0",,"Baru Lulus Udah Pengen Buka Bisnis?","comment","eOwtRnJemrg","0"
"@jhonathanwuntuan5359","false","UgxgYNGitkkxSjNdMSd4AaABAg","👏👏👏👏👏👏👏","3865","false","https://www.youtube.com/watch?v=eOwtRnJemrg","8 months ago","0",,"Baru Lulus Udah Pengen Buka Bisnis?","comment","eOwtRnJemrg","0"
"@MuhammadAnwar-tm5mr","false","Ugx-sTMvCY7kvAaMOzt4AaABAg","Biar bisa makan","3865","false","https://www.youtube.com/watch?v=eOwtRnJemrg","8 months ago","0",,"Baru Lulus Udah Pengen Buka Bisnis?","comment","eOwtRnJemrg","0"
"@JOKIRX10","false","Ugzz1gX_Wvl-0M09QSh4AaABAg","Gausah gengsi jadi karyawan,kerja keras kalau mau sukses","3865","false","https://www.youtube.com/watch?v=eOwtRnJemrg","8 months ago (edited)","0",,"Baru Lulus Udah Pengen Buka Bisnis?","comment","eOwtRnJemrg","0"
"@ramadhan0712","false","Ugxr4BXALtGx99L4wKd4AaABAg","YA","3865","false","https://www.youtube.com/watch?v=eOwtRnJemrg","8 months ago","0",,"Baru Lulus Udah Pengen Buka Bisnis?","comment","eOwtRnJemrg","0"
"@CristopanGuitarCover","false","Ugw6GFNSksCxBYrOx014AaABAg","Mantep dok👍🏻","3865","false","https://www.youtube.com/watch?v=eOwtRnJemrg","8 months ago","0",,"Baru Lulus Udah Pengen Buka Bisnis?","comment","eOwtRnJemrg","0"
"@yono4147","false","UgydoGGDaY7WS7VGJGh4AaABAg","Dr tirta ini tipikal guru yang enak kalo ngajar. Gua yakin murid2 bakal diam dan dengerin sampek selesai.","3865","false","https://www.youtube.com/watch?v=eOwtRnJemrg","8 months ago","0",,"Baru Lulus Udah Pengen Buka Bisnis?","comment","eOwtRnJemrg","1"
"@rudiwicaksana6201","false","UgzvqWZQj4K8EXIIczZ4AaABAg","Ya jadi diri sendiri donk dok....","3865","false","https://www.youtube.com/watch?v=eOwtRnJemrg","8 months ago","0",,"Baru Lulus Udah Pengen Buka Bisnis?","comment","eOwtRnJemrg","0"
"@rudiwicaksana6201","false","UgyQzLkDRXmPOBjRLJV4AaABAg","Sekarang...., Mengajar Itu Untuk Mudah mendapatkan validasi.🤩 🤭😁😁😁","3865","false","https://www.youtube.com/watch?v=eOwtRnJemrg","8 months ago","0",,"Baru Lulus Udah Pengen Buka Bisnis?","comment","eOwtRnJemrg","0"
"@NOHARD_14","false","UgzWJckYo1C2KSM1B614AaABAg","Semua fakta dilapangan yg di katakan Dokter Tirta","3865","false","https://www.youtube.com/watch?v=eOwtRnJemrg","8 months ago","0",,"Baru Lulus Udah Pengen Buka Bisnis?","comment","eOwtRnJemrg","0"
"@06_ayuwandabela_xips15","false","UgzDAy1yPlSrCGrxWDR4AaABAg","damnnnnn soo preciousssssssss knowledge ❤❤❤❤","3865","false","https://www.youtube.com/watch?v=eOwtRnJemrg","8 months ago","0",,"Baru Lulus Udah Pengen Buka Bisnis?","comment","eOwtRnJemrg","0"
"@ariffvrs8491","false","UgwVaBV3Tp0pLO1a--54AaABAg","Wibu selamat enggak kena wkwkkw","3865","false","https://www.youtube.com/watch?v=eOwtRnJemrg","8 months ago","0",,"Baru Lulus Udah Pengen Buka Bisnis?","comment","eOwtRnJemrg","0"
"@muhammadocktha9336","false","UgwU69t6A0xMO1jLtC94AaABAg","Rada keras kata-katanya. Namun ini memang realita nya. Seandainya beberapa puluh tahun lalu mendengar kata-kata ini dulu ketimbang omongan manis motivator mar*o t*guh","3865","false","https://www.youtube.com/watch?v=eOwtRnJemrg","8 months ago","0",,"Baru Lulus Udah Pengen Buka Bisnis?","comment","eOwtRnJemrg","0"
"@abew_MC","false","UgzgD9j4xqHmMu7XgyZ4AaABAg","05:13","3865","false","https://www.youtube.com/watch?v=eOwtRnJemrg","8 months ago","0",,"Baru Lulus Udah Pengen Buka Bisnis?","comment","eOwtRnJemrg","0"
"@davidhysteric","false","UgyEOKAeTOnRvysBaYV4AaABAg","orang ""kaya"" membutuhkan orang ""belum kaya""","3865","false","https://www.youtube.com/watch?v=eOwtRnJemrg","8 months ago","0",,"Baru Lulus Udah Pengen Buka Bisnis?","comment","eOwtRnJemrg","0"
"@jevannurandi5355","false","Ugx7vhzCzJmbGJv_ZZB4AaABAg","poin penting tapi sering dilupakan orang: LUCK","3865","false","https://www.youtube.com/watch?v=eOwtRnJemrg","8 months ago","0",,"Baru Lulus Udah Pengen Buka Bisnis?","comment","eOwtRnJemrg","0"
"@yono4147","false","UgyJZ_xL_7sHCAKIT8d4AaABAg","Lucu banget dokter ini kalo lagi monolog, slengeannya gak pernah gagal bikin ketawa 😂","3865","false","https://www.youtube.com/watch?v=eOwtRnJemrg","8 months ago","0",,"Baru Lulus Udah Pengen Buka Bisnis?","comment","eOwtRnJemrg","0"
"@daniardiansyah2557","false","UgymfE2yRC47Kr7oiq54AaABAg","Kapal listrik wkwkwkw","3865","false","https://www.youtube.com/watch?v=eOwtRnJemrg","8 months ago","0",,"Baru Lulus Udah Pengen Buka Bisnis?","comment","eOwtRnJemrg","0"
"@jelajahkampung","false","UgyHDa5gl7sokT4xhOp4AaABAg","Kopi Kapal Api ne sing endi boosss? Lek sing sachet 1000 an yo kulit, jagung, dan essence. 😊

Masoookk omonganmu Tot","3865","false","https://www.youtube.com/watch?v=eOwtRnJemrg","8 months ago","0",,"Baru Lulus Udah Pengen Buka Bisnis?","comment","eOwtRnJemrg","0"
"@Max_200rev0","false","UgywMkFgN6SC9Xw4W154AaABAg","gua pengen jadi pengusaha biar tahu bagaimana cara bisnis bekerja","3865","false","https://www.youtube.com/watch?v=eOwtRnJemrg","8 months ago","0",,"Baru Lulus Udah Pengen Buka Bisnis?","comment","eOwtRnJemrg","0"
"@davidwijaya-1999","false","Ugzgh9tCrxLCUY-Lir14AaABAg","🫱🏻‍🫲🏿","3865","false","https://www.youtube.com/watch?v=eOwtRnJemrg","8 months ago","0",,"Baru Lulus Udah Pengen Buka Bisnis?","comment","eOwtRnJemrg","0"
"@dinegeriorang.podcast","false","UgxyqJFJKBSIIRUn-fR4AaABAg","Dok, punch lines-mua belajar di mana 😭🙏 P info kelas, dok.. 😭","3865","false","https://www.youtube.com/watch?v=eOwtRnJemrg","8 months ago","0",,"Baru Lulus Udah Pengen Buka Bisnis?","comment","eOwtRnJemrg","0"
"@cumabaca388","false","UgycvC0At3B15_pgT-t4AaABAg","Gilaaa, Banyak sekali yang bisa di ambil pelajaran 👏. ""Mimpi mimpi Stroke......""","3865","false","https://www.youtube.com/watch?v=eOwtRnJemrg","8 months ago","0",,"Baru Lulus Udah Pengen Buka Bisnis?","comment","eOwtRnJemrg","0"
"@KangMie-p4d","false","UgwA2KVJ9jWkFsny_sB4AaABAg","Suwun mas tirta,,,,sarkas ,tp masok akal,,umpatan mu medok mass😂😂","3865","false","https://www.youtube.com/watch?v=eOwtRnJemrg","8 months ago","0",,"Baru Lulus Udah Pengen Buka Bisnis?","comment","eOwtRnJemrg","0"
"@fatwa.wijaya","false","UgwCnLDIJLhLgF_aH0R4AaABAg","Isi videonya bener,yang salah adalah “fans liverpool”","3865","false","https://www.youtube.com/watch?v=eOwtRnJemrg","8 months ago","0",,"Baru Lulus Udah Pengen Buka Bisnis?","comment","eOwtRnJemrg","0"
"@AkunAwalDong","false","UgzE2Uk-kzNuZPw0-aB4AaABAg","From zero itu kalo lu di zaman batu 😅","3865","false","https://www.youtube.com/watch?v=eOwtRnJemrg","8 months ago","0",,"Baru Lulus Udah Pengen Buka Bisnis?","comment","eOwtRnJemrg","0"
"@syarifulmakhyar3246","false","UgzDDiQYqFAp64ZxpV14AaABAg","""Bangun shubuh, tidak akan membuat anda kaya""
😀
Pernyataan yang langsung menghantam bangunan Doktrin yang sudah ada sejak nenek moyang.
Gokss anda, Dok
Mkasih banyak, dok
Sehat dan Bahagia selalu
""Salam mawar merah""
🌹","3865","false","https://www.youtube.com/watch?v=eOwtRnJemrg","8 months ago","0",,"Baru Lulus Udah Pengen Buka Bisnis?","comment","eOwtRnJemrg","0"
"@Lighting414","false","Ugwp0vJyqHVo9NBtVdt4AaABAg","Fr bgt dok 😂","3865","false","https://www.youtube.com/watch?v=eOwtRnJemrg","8 months ago","0",,"Baru Lulus Udah Pengen Buka Bisnis?","comment","eOwtRnJemrg","0"
"@mongaja4192","false","UgzpxByr0wABXpEY-xB4AaABAg","Berasa kayak lagi diceramahi dosen di tongkrongan, which is very very impossible. I like this very much! Deep banget ini obrolannya 🎉","3865","false","https://www.youtube.com/watch?v=eOwtRnJemrg","8 months ago","0",,"Baru Lulus Udah Pengen Buka Bisnis?","comment","eOwtRnJemrg","0"
"@wawanisra-p2x4h","false","UgwRnuS96g_Qr1vP-_t4AaABAg","Betul, saya mulai usaha franchise ayam goreng, mpe skrg Alhamdulillah ekonomi membaik, dsamping gaji sbgai karyawan","3865","false","https://www.youtube.com/watch?v=eOwtRnJemrg","8 months ago (edited)","0",,"Baru Lulus Udah Pengen Buka Bisnis?","comment","eOwtRnJemrg","0"
"@apriantoys8571","false","UgyDh8LSReaL9ySFK314AaABAg","serasa di judge ama dosen","3865","false","https://www.youtube.com/watch?v=eOwtRnJemrg","8 months ago","0",,"Baru Lulus Udah Pengen Buka Bisnis?","comment","eOwtRnJemrg","0"
"@Lighting414","false","UgxsbvWXyBwEv32i8_Z4AaABAg","Privilage  : semangat 😂

Lulusan smp karna berbagai macam rintangan...
Dari umur 18 kerja 3 tahun bangun usaha di sektor kuliner rungkad akhir nya bertarung dengan kur wkwkw 😂
Walaupun g gede Alhamdulillah masih bertanhan 😂","3865","false","https://www.youtube.com/watch?v=eOwtRnJemrg","8 months ago (edited)","0",,"Baru Lulus Udah Pengen Buka Bisnis?","comment","eOwtRnJemrg","1"
"@tp3359","false","UgxXIfybIwmxE_lOXXp4AaABAg","Keren dokter Tirta. Hidup yang realistis itu memampukan diri untuk bertahan.","3865","false","https://www.youtube.com/watch?v=eOwtRnJemrg","8 months ago","0",,"Baru Lulus Udah Pengen Buka Bisnis?","comment","eOwtRnJemrg","1"
"@mayuto2","false","Ugz-uG7Y8T7bYqhXtnV4AaABAg","lari2 pas malem + tatoan dizaman SOEHARTO:face-purple-crying:","3865","false","https://www.youtube.com/watch?v=eOwtRnJemrg","8 months ago","0",,"Baru Lulus Udah Pengen Buka Bisnis?","comment","eOwtRnJemrg","0"
"@irfanfahmi1342","false","Ugyjpl23Ow5YUrDjH7p4AaABAg","inget dok temen temen anak Anda sedang menonton clip clip Anda","3865","false","https://www.youtube.com/watch?v=eOwtRnJemrg","8 months ago","0",,"Baru Lulus Udah Pengen Buka Bisnis?","comment","eOwtRnJemrg","0"
"@rosilestari1446","false","Ugx5a7YsDYiRDZ5be5N4AaABAg","Closing nya jleb🥲","3865","false","https://www.youtube.com/watch?v=eOwtRnJemrg","8 months ago","0",,"Baru Lulus Udah Pengen Buka Bisnis?","comment","eOwtRnJemrg","0"
"@Eserbu2","false","UgzBn7IveelZtGtSwd14AaABAg","bapakku ora ngeki opo2, tapi beliau ora jaluk hasil soko usahaku, due duit yo go aku dewe","3865","false","https://www.youtube.com/watch?v=eOwtRnJemrg","8 months ago","0",,"Baru Lulus Udah Pengen Buka Bisnis?","comment","eOwtRnJemrg","0"
"@Supayabesarki","false","UgwPxicDwtnbl0CXLGd4AaABAg","yg prnh full kerja online, tabungan ada, tpi ga kuliah gmn dok?","3865","false","https://www.youtube.com/watch?v=eOwtRnJemrg","8 months ago","0",,"Baru Lulus Udah Pengen Buka Bisnis?","comment","eOwtRnJemrg","0"
"@newbiesabi","false","UgwkrAKebbKb60bQYnt4AaABAg","Terkait modal dengkul, tergantung sebatas mana bisnis modelnya mau dikembangkan. Jadi makelar/affiliate masih cukup oke kok. Tapi modal dengkul jaman now it's mean modal minimal bukan gak pake modal samsek","3865","false","https://www.youtube.com/watch?v=eOwtRnJemrg","8 months ago","0",,"Baru Lulus Udah Pengen Buka Bisnis?","comment","eOwtRnJemrg","0"
"@mahfud-xz","false","UgwzSNzSWjzcvioHqmB4AaABAg","Makasih dok","3865","false","https://www.youtube.com/watch?v=eOwtRnJemrg","8 months ago","0",,"Baru Lulus Udah Pengen Buka Bisnis?","comment","eOwtRnJemrg","0"
"@army2673","false","UgwkuknTtAKIQ9LXWl14AaABAg","Saya suka kata2 ""pertemanan atau uang"" ketika saya masih berumur 22 gak tau landasanya apa kok saya pilih pertemanan ketika dihadapkan pilihan proyek kecil dan berebut sama teman, eh gaktau nya selang beberapa mggu ada proyek dari bos lain yg masuk tanpa bersaing dan lebih mudah pembayarannya🙂 dari situ saya berpikir ternyata mengalah gak selalu berahir jelek","3865","false","https://www.youtube.com/watch?v=eOwtRnJemrg","8 months ago","0",,"Baru Lulus Udah Pengen Buka Bisnis?","comment","eOwtRnJemrg","0"
"@maul6497","false","UgwFgblJFybgfu4LeaJ4AaABAg","Terimakasih Dr.Tirta semua isi sepanjang video ketangkap pesennya terutama yg pesan terakhir itu alasan yg kuambil sampai sekarang belum menikah karna realistis untuk tidak menciptakan kemiskinan yg lain.","3865","false","https://www.youtube.com/watch?v=eOwtRnJemrg","8 months ago","0",,"Baru Lulus Udah Pengen Buka Bisnis?","comment","eOwtRnJemrg","0"
"@fandypasaribu3075","false","Ugzfkoz_Gi1i5TjX-TF4AaABAg","Bisnis untuk memanjangakan modal selain cari profit. Bukankah S1 diciptakan untuk menjadi enterprenur?","3865","false","https://www.youtube.com/watch?v=eOwtRnJemrg","8 months ago","0",,"Baru Lulus Udah Pengen Buka Bisnis?","comment","eOwtRnJemrg","0"
"@sigitwibowo13b63","false","UgxKCLeCoCI3tBCC-s94AaABAg","Sekolah kuliah di ajarkan kerja gaji nabung 
Kalo investasi tidak di ajarkan di sekolah ....ataupun kuliyah doktor dan guru tidak mengajarkan ke saya","3865","false","https://www.youtube.com/watch?v=eOwtRnJemrg","8 months ago","0",,"Baru Lulus Udah Pengen Buka Bisnis?","comment","eOwtRnJemrg","0"
"@febyfebriyanto5670","false","UgwySjgrElkB75OaKt54AaABAg","kelas mahal ini🔥🔥🔥","3865","false","https://www.youtube.com/watch?v=eOwtRnJemrg","8 months ago","0",,"Baru Lulus Udah Pengen Buka Bisnis?","comment","eOwtRnJemrg","0"
"@Immanuella7","false","Ugxv0mXqu3uBsBcjbjB4AaABAg","Bener tuh dokter tirta","3865","false","https://www.youtube.com/watch?v=eOwtRnJemrg","8 months ago","0",,"Baru Lulus Udah Pengen Buka Bisnis?","comment","eOwtRnJemrg","0"
"@hendra_autoleather","false","UgxHJ1ETeqQldMaBpNp4AaABAg","saya tidak semua.. 

org tua ekonomi berantakan, sempat kuliah tp putus ditengah jalan karena biaya kerja sambil kuliah. pemikiran saya, saya berjuang untuk ank nanti semoga semua bisa punya.","3865","false","https://www.youtube.com/watch?v=eOwtRnJemrg","8 months ago (edited)","0",,"Baru Lulus Udah Pengen Buka Bisnis?","comment","eOwtRnJemrg","0"
"@syafiuddingubix9329","false","Ugw_bUdSSUfrllzGRFh4AaABAg","Bisa jadi 30 tahun lagi baru sukses. jika kesuksesan disini bisa dimaknai punya harta yang cukup, tidak punya hutang (yang mencekik karena bingung besok bayarnya gimana), dan bisa bayar iuran apapun yang berhubungan dengan kebutuhan pokok.
Kalo dihitung realitanya.... cukup masuk akal. dengan kondisiku saat ini, kondisi tempat kerja, kondisi usaha yang dijalankan di rumah, serta angka cicilan yang masih dan akan dijalani untuk menunjang upaya-upaya itu agar semakin menuju kenyataan.
Yah.... minimal 10 tahun lagi.","3865","false","https://www.youtube.com/watch?v=eOwtRnJemrg","8 months ago","0",,"Baru Lulus Udah Pengen Buka Bisnis?","comment","eOwtRnJemrg","0"
"@sevenblink","false","UgxveL1XCzBW9UzqhIl4AaABAg","Mantab, koyo Master Wing Chun","3865","false","https://www.youtube.com/watch?v=eOwtRnJemrg","8 months ago","0",,"Baru Lulus Udah Pengen Buka Bisnis?","comment","eOwtRnJemrg","0"
"@GaganGege","false","UgxHxKbrpC39S5CaKFt4AaABAg","Aku suka dia 
Karna dia itu pinter dan bijak","3865","false","https://www.youtube.com/watch?v=eOwtRnJemrg","8 months ago","0",,"Baru Lulus Udah Pengen Buka Bisnis?","comment","eOwtRnJemrg","0"
"@hudaaa0493","false","Ugx8DSQ1jo6MwG9wiCN4AaABAg","Mntap dokter panutan 😂","3865","false","https://www.youtube.com/watch?v=eOwtRnJemrg","8 months ago","0",,"Baru Lulus Udah Pengen Buka Bisnis?","comment","eOwtRnJemrg","0"
"@TheName-yr7fy","false","UgxzJ_3lVPf6EgpUnEl4AaABAg","Busnees dan jualan apakah beda dok","3865","false","https://www.youtube.com/watch?v=eOwtRnJemrg","8 months ago","0",,"Baru Lulus Udah Pengen Buka Bisnis?","comment","eOwtRnJemrg","0"
"@ryuzenshin8345","false","UgwO8XY0qdCO2LBsl4V4AaABAg","Gk punya semua tpi kerja udah cuman buat survive itulah saya sebagai generasi sandwich miskin structural pula 🗿🗿🗿
Ikut kerja di laundry 4tahun+sekarang cleaning service 7tahun makanya gk nikah-nikah gk mampu saya sue lem🤣😂🤣
Btw apaan Liverpool mending Arsenal 👍👍👍","3865","false","https://www.youtube.com/watch?v=eOwtRnJemrg","8 months ago (edited)","0",,"Baru Lulus Udah Pengen Buka Bisnis?","comment","eOwtRnJemrg","0"
"@pinkubu.official","false","UgxYQCaYaXZowCK5SMR4AaABAg","bisnis ayam GA MUDAH !!! PENGALAMAN!yg bilang failurenya kecil apaan oy:( enak bgt bilangnya","3865","false","https://www.youtube.com/watch?v=eOwtRnJemrg","8 months ago (edited)","0",,"Baru Lulus Udah Pengen Buka Bisnis?","comment","eOwtRnJemrg","0"
"@muhammadgalihprawiradilaga7020","false","Ugxp7q9bbCFsfVY7cD14AaABAg","min, nama background music pas menit 4:51 apa ya? 😁","3865","false","https://www.youtube.com/watch?v=eOwtRnJemrg","8 months ago","0",,"Baru Lulus Udah Pengen Buka Bisnis?","comment","eOwtRnJemrg","3"
"@BERLIANANUGERAHKUASA","false","Ugyq1eVsJOFB3p-5Awh4AaABAg","Kapal api di 2024 jadi ""Kapal Uap"" 😂😂😂","3865","false","https://www.youtube.com/watch?v=eOwtRnJemrg","8 months ago","0",,"Baru Lulus Udah Pengen Buka Bisnis?","comment","eOwtRnJemrg","0"
"@RIANSYAH-m2q","false","Ugy7slNDWJkseIMiiUF4AaABAg","I have no privilage , i have no title , i'm not go to college i just have a power of survive","3865","false","https://www.youtube.com/watch?v=eOwtRnJemrg","8 months ago","0",,"Baru Lulus Udah Pengen Buka Bisnis?","comment","eOwtRnJemrg","0"
"@abyankane4858","false","UgyYzQB6pWoSDWCB2ox4AaABAg","rasane koyok digegeri ebes","3865","false","https://www.youtube.com/watch?v=eOwtRnJemrg","8 months ago","0",,"Baru Lulus Udah Pengen Buka Bisnis?","comment","eOwtRnJemrg","0"
"@GojouSatoruuu-fo4yx","false","UgwLglnPpytwD4BLg0p4AaABAg","kaya","3865","false","https://www.youtube.com/watch?v=eOwtRnJemrg","8 months ago","0",,"Baru Lulus Udah Pengen Buka Bisnis?","comment","eOwtRnJemrg","0"
"@12ipa1rockyputramayapadalo5","false","Ugwda-i4L8uM-1zllcx4AaABAg","Alhamdulilah dok kena HOKI ipk gacor kerja gacor privilege Gacor akirnya punya usaha Hahay overall iPK Gacor","3865","false","https://www.youtube.com/watch?v=eOwtRnJemrg","8 months ago","0",,"Baru Lulus Udah Pengen Buka Bisnis?","comment","eOwtRnJemrg","0"
"@muhamadkazutora1066","false","UgxfRkT65YUO4LEimfp4AaABAg","Percaya proses, gak ada yang instant","3865","false","https://www.youtube.com/watch?v=eOwtRnJemrg","8 months ago (edited)","0",,"Baru Lulus Udah Pengen Buka Bisnis?","comment","eOwtRnJemrg","0"
"@jihadilislam2424","false","Ugwn8DioTOYosOVjRRh4AaABAg","Saya gak ada previlege 
Saya juga ga kuliah 
Saya cuman lulusan SMK 
Tapi Alhamdulillah sekarang saya bekerja di Jepang.
Punya impian ingin buat sekolah bahasa jepang untuk orang orang yng ingin bekerja di jepang.","3865","false","https://www.youtube.com/watch?v=eOwtRnJemrg","8 months ago","0",,"Baru Lulus Udah Pengen Buka Bisnis?","comment","eOwtRnJemrg","0"
"@zodiacdistrust","false","UgzzLVPix4lNgnDS9eZ4AaABAg","yang ""tidak""nya lebih dari 3 biasanya ga nonton beginian dok","3865","false","https://www.youtube.com/watch?v=eOwtRnJemrg","8 months ago","0",,"Baru Lulus Udah Pengen Buka Bisnis?","comment","eOwtRnJemrg","0"
"@indrasiregar000","false","Ugyd1FaKfluH239sMHd4AaABAg","Saya buat usaha pas sms 8 modal 600k bareng doi. Tabungan 9 juta dan dah gk dikirim ortu lagi gegara telat lulus  untungnya pas di bulan pertama modal berhasil ke puter dan terus menggulung samle sekarang dah 3 - 5× umr bersih sebulannya. Kenapa mau buat usaha? Sesimpel pengen buat gym sendiri tapi gk ada modal jadi deh jualan alat² fitness
Btw gue juga punya previlage ayah/ibu pengusaha dibidang keuangan + pakaian seragam sekolah
Jadi gue dah tau omset, lb dan marketing dari sd. Lucunya ortu malah nentang saya buat usaha wakk
Soal skill gue dah paham acounting dri smp gegara bokap punya buku² wirausaha dan gue baca dah. Gue bisa jualan karena di toko ikut bantu² mulai follow up customer croselling bisa. Ditambah hobi fitness jadi lah skillnya disana
Sekarang baru sadar ternyata previllage gue sebanyak itu makanya bisa lebih beda dri banyak orang","3865","false","https://www.youtube.com/watch?v=eOwtRnJemrg","8 months ago (edited)","0",,"Baru Lulus Udah Pengen Buka Bisnis?","comment","eOwtRnJemrg","0"
"@PAI.Ekstensi.A.3.UNUSIA","false","Ugx0D3x4dcKBrr7kR854AaABAg","Saya berusaha melakukan berbagai keberuntungan. Dengan membuat konten apapun, selama itu bermanfaat","3865","false","https://www.youtube.com/watch?v=eOwtRnJemrg","8 months ago","0",,"Baru Lulus Udah Pengen Buka Bisnis?","comment","eOwtRnJemrg","0"
"@K0pihitam","false","Ugybl5MhEpIIm0kuP314AaABAg","saya menjadi pengusaha bukan karna ""mau jadi apa"" tapi karna ""terpaksa""

jadi,lebih baik tidak memiliki previlege daripada memilikinya namun tak di""izinkan"" menggunakannya.","3865","false","https://www.youtube.com/watch?v=eOwtRnJemrg","8 months ago (edited)","0",,"Baru Lulus Udah Pengen Buka Bisnis?","comment","eOwtRnJemrg","0"
"@SidiqNotes","false","Ugxz2SYkoONWyRJ-4xJ4AaABAg","konten ini bener2 mukul real life banget. Dr tirta bener2 ngajarin kita terstruktur & realistis buat menimalisir failure","3865","false","https://www.youtube.com/watch?v=eOwtRnJemrg","8 months ago","0",,"Baru Lulus Udah Pengen Buka Bisnis?","comment","eOwtRnJemrg","0"
"@911amonly","false","Ugx1GPMnYBv5El59SSJ4AaABAg","kalo financial hancur, kuliah hancur di ujung di penyusunan karya ilmiah, tapi pengalaman kerja sudah lebih dari 2 tahun gimana itu broo","3865","false","https://www.youtube.com/watch?v=eOwtRnJemrg","8 months ago","0",,"Baru Lulus Udah Pengen Buka Bisnis?","comment","eOwtRnJemrg","0"
"@tutusdharmawan3311","false","UgwP6qZuYghyWgMhOQx4AaABAg","Deymmmm","3865","false","https://www.youtube.com/watch?v=eOwtRnJemrg","8 months ago","0",,"Baru Lulus Udah Pengen Buka Bisnis?","comment","eOwtRnJemrg","0"
"@Butter_Game","false","UgwQUbRpEtBJsWgNBV54AaABAg","Lagiii lagiiiii","3865","false","https://www.youtube.com/watch?v=eOwtRnJemrg","8 months ago","0",,"Baru Lulus Udah Pengen Buka Bisnis?","comment","eOwtRnJemrg","0"
"@ryendiwahyudi7782","false","Ugwus85mfda3wUuFys14AaABAg","Gw mau jadi pengusaha karena saya lihat cuan lebih banyak disana","3865","false","https://www.youtube.com/watch?v=eOwtRnJemrg","8 months ago","0",,"Baru Lulus Udah Pengen Buka Bisnis?","comment","eOwtRnJemrg","0"
"@sndyprnt","false","UgxcldOG6ua7xmoVDDR4AaABAg","terimakasih dok 🥲","3865","false","https://www.youtube.com/watch?v=eOwtRnJemrg","8 months ago","0",,"Baru Lulus Udah Pengen Buka Bisnis?","comment","eOwtRnJemrg","0"
"@21firee","false","UgxaWTyZnpbxvjbaI5x4AaABAg","Tidak sesulit yang kau bayangkan juga","3865","false","https://www.youtube.com/watch?v=eOwtRnJemrg","8 months ago","0",,"Baru Lulus Udah Pengen Buka Bisnis?","comment","eOwtRnJemrg","0"
"@erictheodoric6097","false","UgyJfMC3oNXXSAPNHYx4AaABAg","Ipk kecil bs jadi wapres ga dok?","3865","false","https://www.youtube.com/watch?v=eOwtRnJemrg","8 months ago","0",,"Baru Lulus Udah Pengen Buka Bisnis?","comment","eOwtRnJemrg","0"
"@Butter_Game","false","UgxU8aiyDEUmu0nWqhx4AaABAg","Seru banget klo dokter tirta yang ngomong, ngenaa banget","3865","false","https://www.youtube.com/watch?v=eOwtRnJemrg","8 months ago","0",,"Baru Lulus Udah Pengen Buka Bisnis?","comment","eOwtRnJemrg","0"
"@naufal_amirov","false","Ugz9UAFw9wYxGiziQeZ4AaABAg","Finally dr tirta join malaka project 😁😁","3865","false","https://www.youtube.com/watch?v=eOwtRnJemrg","8 months ago","0",,"Baru Lulus Udah Pengen Buka Bisnis?","comment","eOwtRnJemrg","2"
"@harryshikuinsa517","false","UgzoiM34OqxId9K9kzZ4AaABAg","Njiir gua tidak semua..","3865","false","https://www.youtube.com/watch?v=eOwtRnJemrg","8 months ago","0",,"Baru Lulus Udah Pengen Buka Bisnis?","comment","eOwtRnJemrg","0"
"@NoName-bl7fr","false","UgxpYs0sjV_9VJKR5nN4AaABAg","Motivator itu ngakunya pinter, tapi mereka ga bisa mikir kalo kehidupan semua orang itu berbeda-beda dan punya masalah masing-masing, 
Kalo emang hidup semua manusia itu sama dan punya pemikiran sama kek yg diomongin para motivator, udah pada kaya semua orang","3865","false","https://www.youtube.com/watch?v=eOwtRnJemrg","8 months ago","0",,"Baru Lulus Udah Pengen Buka Bisnis?","comment","eOwtRnJemrg","1"
"@briovanmerlin","false","Ugxx-rg1IGOn2N5MZnd4AaABAg","ya iyalah, bahkan ada motivator yang culik dan bunuh orang, karena bisnisnya seret kali.","3865","false","https://www.youtube.com/watch?v=eOwtRnJemrg","8 months ago","0",,"Baru Lulus Udah Pengen Buka Bisnis?","comment","eOwtRnJemrg","0"
"@pohyc8275","false","UgxJHy4HU3tVP4hcLgh4AaABAg","Jujur amat bro😢😢","3865","false","https://www.youtube.com/watch?v=eOwtRnJemrg","8 months ago","0",,"Baru Lulus Udah Pengen Buka Bisnis?","comment","eOwtRnJemrg","0"
"@Putuayusokaraja","false","UgyUV_zshYoO1zhXzex4AaABAg","Kalo jualnya taun depan jadi kapal""an😂😂","3865","false","https://www.youtube.com/watch?v=eOwtRnJemrg","8 months ago","0",,"Baru Lulus Udah Pengen Buka Bisnis?","comment","eOwtRnJemrg","0"
"@Putuayusokaraja","false","Ugy6gf23ftFnUnc9Z_14AaABAg","Kamboja aja😂😂","3865","false","https://www.youtube.com/watch?v=eOwtRnJemrg","8 months ago","0",,"Baru Lulus Udah Pengen Buka Bisnis?","comment","eOwtRnJemrg","0"
"@putramamang13","false","UgyTAMN5nLGKVelbrol4AaABAg","ferry irwandi punya 1 m buat apa? nantangin dukun santet dooong","3865","false","https://www.youtube.com/watch?v=eOwtRnJemrg","8 months ago","0",,"Baru Lulus Udah Pengen Buka Bisnis?","comment","eOwtRnJemrg","0"
"@SharonCounseling","false","UgyAwzosLh0tvK43LMl4AaABAg","kaya lagi dimarahin","3865","false","https://www.youtube.com/watch?v=eOwtRnJemrg","8 months ago","0",,"Baru Lulus Udah Pengen Buka Bisnis?","comment","eOwtRnJemrg","0"
"@cendolisme1928","false","UgylUyOLtx9RFi02hKF4AaABAg","Idealisme terlalu mahal, sampai ga bisa makan.","3865","false","https://www.youtube.com/watch?v=eOwtRnJemrg","8 months ago","0",,"Baru Lulus Udah Pengen Buka Bisnis?","comment","eOwtRnJemrg","0"
"@luthfi__raid","false","UgxkDl8JHyjN1cvYBdB4AaABAg","dok, melu ngepruk'i wong oleh ora dok?  17:17","3865","false","https://www.youtube.com/watch?v=eOwtRnJemrg","8 months ago","0",,"Baru Lulus Udah Pengen Buka Bisnis?","comment","eOwtRnJemrg","0"
"@imadedarmawan6584","false","UgwgdT-3csJJgfuU1q54AaABAg","Sebelum View Nya Banyak, Salam Dari Denpsar Sukses From Zero Itu Mustahil","3865","false","https://www.youtube.com/watch?v=eOwtRnJemrg","8 months ago","0",,"Baru Lulus Udah Pengen Buka Bisnis?","comment","eOwtRnJemrg","0"
"@lifesogood4138","false","UgyFJ1fDZ12mVbPJpuZ4AaABAg","Certain itu apa dok?","3865","false","https://www.youtube.com/watch?v=eOwtRnJemrg","8 months ago","0",,"Baru Lulus Udah Pengen Buka Bisnis?","comment","eOwtRnJemrg","0"
"@denisubagja5032","false","UgzhDOT32vjxcfitQlV4AaABAg","Donnie Yen","3865","false","https://www.youtube.com/watch?v=eOwtRnJemrg","8 months ago","0",,"Baru Lulus Udah Pengen Buka Bisnis?","comment","eOwtRnJemrg","0"
"@annaaskhoiri7143","false","Ugx9ip7Z6THZWP-fSS14AaABAg","Semoga semua dimudahkan kerjanya dan diridhoi Allah","3865","false","https://www.youtube.com/watch?v=eOwtRnJemrg","8 months ago","0",,"Baru Lulus Udah Pengen Buka Bisnis?","comment","eOwtRnJemrg","0"
"@JonPedro-n8p","false","Ugx8nvcwEI4NgLazTj14AaABAg","Ke kamboja juga butuh uang dok,

Saya, ngga punya skill, ngembangin skill pun butuh waktu dan sumber daya. Sedangkan sumber daya dan waktunya kepake buat ngisi perut. Mau berjuang lebih pun ngga bisa langsung hasil karna ngga tau apapun.","3865","false","https://www.youtube.com/watch?v=eOwtRnJemrg","8 months ago","0",,"Baru Lulus Udah Pengen Buka Bisnis?","comment","eOwtRnJemrg","0"
"@imadedarmawan6584","false","Ugy6R2bmzGfVB0abv1B4AaABAg","Bapak Saya Jurugan Duren 😭🤏","3865","false","https://www.youtube.com/watch?v=eOwtRnJemrg","8 months ago","0",,"Baru Lulus Udah Pengen Buka Bisnis?","comment","eOwtRnJemrg","0"
"@AlberthusPramudito","false","UgwkXqU1YhuLMmVxfnd4AaABAg","duta realistis indonesia","3865","false","https://www.youtube.com/watch?v=eOwtRnJemrg","8 months ago","0",,"Baru Lulus Udah Pengen Buka Bisnis?","comment","eOwtRnJemrg","0"
"@usless1332","false","UgztCXQfA-5Y9I6QoTN4AaABAg","Lawak terus dr titra","3865","false","https://www.youtube.com/watch?v=eOwtRnJemrg","8 months ago","0",,"Baru Lulus Udah Pengen Buka Bisnis?","comment","eOwtRnJemrg","0"
"@skuyskuy360","false","UgyujW8yjRvHP2qNkUx4AaABAg","Ipk ku semester saiki 2,9. Iki termasuk e bodo po ra yo? Wkwkwk goro2 semester 2 karo 3 linglung rajelas😂😂, tapi aku melu lomba pendanaan univ lolos owk, terus pye ki, cuman emang nduwe previlage sih, duit enek, mangan yo aman, cuman yo aku merasa ipk ku tok seng rodo wadidaw wkwkwkw","3865","false","https://www.youtube.com/watch?v=eOwtRnJemrg","8 months ago (edited)","0",,"Baru Lulus Udah Pengen Buka Bisnis?","comment","eOwtRnJemrg","0"
"@urongreti","false","UgxfBikjQBUn7WCvd4J4AaABAg","kenapa saya ingin jadi pengusaha karena saya ingin berguna di lingkungan saya","3865","false","https://www.youtube.com/watch?v=eOwtRnJemrg","8 months ago","0",,"Baru Lulus Udah Pengen Buka Bisnis?","comment","eOwtRnJemrg","0"
"@mamaspuput8860","false","UgyzQ3gsLsSCBKwJzqV4AaABAg","bang kok lu mirip ip man","3865","false","https://www.youtube.com/watch?v=eOwtRnJemrg","8 months ago","0",,"Baru Lulus Udah Pengen Buka Bisnis?","comment","eOwtRnJemrg","0"
"@educreative3430","false","UgyAIV7amg7gS2BhZbl4AaABAg","Bisa gak sih semua guru atau dosen kek gini semua ... gak nyangka aku betah banget sampe akhir","3865","false","https://www.youtube.com/watch?v=eOwtRnJemrg","8 months ago","0",,"Baru Lulus Udah Pengen Buka Bisnis?","comment","eOwtRnJemrg","0"
"@Kolimation_plankton","false","UgzD5ZeE-7Tv6Mx1tJ54AaABAg","Menurut gua megang duit 100jt di umur 25 itu bisa buat semua orang gausa jauh2 gua sndri contohnya ayah ibu gua buruh oke gua kuliah ipk ya standar di 3,2 skrang gua smter akhir gua berfikir buat mulai partime tpi setelah gua jalanin selama 1 tahun dengan gaji partime harian 80 menurut gua cape juga partime di Jogja bagi gua Jogja kalo buat kerja ga cocok tpi kalo buat buka usaha peluang gede disini gua memutuskan cabut dan gua pindah kerja  ke kantor IT sembari gua buka bisnis kenapa saya ambil keputusan ini karena market F&b di Jogja sangat luas menurut gua buat nyari duit 100jt pertama di umur gua yang baru 22 tahun gampang aja yah alhamdulillah omset bertahap naik sampe sekarang perbulan bisa di angka 140jt dengan tujuan market utama mahasiswa di waktu itu buat gua ga ada yang ga mungkin selagi orangnya mau jalani prosesnya","3865","false","https://www.youtube.com/watch?v=eOwtRnJemrg","8 months ago","0",,"Baru Lulus Udah Pengen Buka Bisnis?","comment","eOwtRnJemrg","0"
"@CowokYouTube","false","UgzXltQXQ4mQ5jtYblR4AaABAg","inti nya jangan buru buru nikah kalo masih miskin","3865","false","https://www.youtube.com/watch?v=eOwtRnJemrg","8 months ago","0",,"Baru Lulus Udah Pengen Buka Bisnis?","comment","eOwtRnJemrg","0"
