author,comment,publishedTimeText,replyCount,voteCount,comment_after_cleansing,cluster,label
@Sophiapandorah,"Bang Medy udah berubah.
 
Dulu dia kalem. Review mainan sendirian aja atau bareng editor & kameramen.

Sekarang dia lebih rusuh Dan heboh. Banyak Collab dgn YouTuber lain.

Gw rasa sih masa transisi Medy yang mulai lebih sering ikut tren dan collab  telah membawanya sampai ketitik ini",1 hour ago (edited),0,1,bang medy udah ubah kalem review main aja bareng editor kameramen rusuh heboh collab dgn youtuber gw sih transisi medy tren collab bawa titik,4,Promosi Judi
@rudolfmanik68,Baru tau ada podcastnya,2 hours ago,0,0,tau podcastnya,4,Promosi Judi
@annamlpride,"aku nonton bang jerome dari jaman smp,ga kerasa sekarang dah kuliah.makasih bang kontenya menghibur dan memotivasi",2 hours ago,0,0,nonton bang jerome jaman smpga rasa dah kuliahmakasih bang konte hibur motivasi,4,Promosi Judi
@SajjatHossain-u8q,Rezeki besar lagi-lagi datang dari P͟U͟L͟A͟U͟777.,3 hours ago,0,0,rezeki lagilagi pulau777,4,Promosi Judi
@SajjatHossain-u8q,"Dari kecil sampai gede JP, semua berawal dari𝙋𝙐𝙇𝘼𝙪777.",3 hours ago,0,0,gede jp dari777,4,Promosi Judi
@SayraBegum-r5u,PU LA U777emang bener-bener ngasih hasil real bukan omong kosong.,3 hours ago,0,0,pu la u777emang benerbener ngasih hasil real omong kosong,4,Promosi Judi
@SayraBegum-r5u,Sore tadi cuan deras lagi berkat𝓟𝓤𝓛𝓐𝓤777yang gak pernah zonk.,3 hours ago,0,0,sore cuan deras berkat777yang gak zonk,4,Promosi Judi
@SayraBegum-r5u,P͟U͟L͟A͟U͟777jadi tempat paling hoki minggu ini ❤️,3 hours ago,0,0,pulau777jadi hoki minggu,4,Promosi Judi
@SayraBegum-r5u,"MAXWYN lagi-lagi datang dari𝙋𝙐𝙇𝘼𝙪777, luar biasa.",3 hours ago,0,0,maxwyn lagilagi dari777,4,Promosi Judi
@SayraBegum-r5u,"Rezeki terus ngalir dari PU L AU 7 7 7, tiap hari ada aja ❤️",3 hours ago,0,0,rezeki ngalir pu l au 7 7 7 aja,4,Promosi Judi
@SayraBegum-r5u,"Gak bohong, ＰＵＬＡ𝙪777emang ngasih sensasi cuan tak terbatas.",3 hours ago,0,0,gak bohong 777emang ngasih sensasi cuan batas,4,Promosi Judi
@SayraBegum-r5u,Baru 10 menit main di𝓟𝓤𝓛𝓐𝓤777langsung meledak hasilnya.,3 hours ago,0,0,10 menit main di777langsung ledak hasil,4,Promosi Judi
@SayraBegum-r5u,P͟U͟L͟A͟U͟777emang rajanya JEPE cepat tanpa drama ❤️,3 hours ago,0,0,pulau777emang raja jepe cepat drama,4,Promosi Judi
@SayraBegum-r5u,Saldo langsung naik gila-gilaan gara-garaＰＵＬＡ𝙪777.,3 hours ago,0,0,saldo langsung gilagilaan garagara777,4,Promosi Judi
@SayraBegum-r5u,"Tadi pagi iseng login ke PU LA U777, hasilnya luar biasa.",3 hours ago,0,0,pagi iseng login pu la u777 hasil,4,Promosi Judi
@ABSSTRIKERS-h7r,😊😊😊,3 hours ago,0,0,,4,Promosi Judi
@ABSSTRIKERS-h7r,😮😮😮,3 hours ago,0,0,,4,Promosi Judi
@AlifBhuiya-fo1ms,Wow 😲,4 hours ago,0,0,wow,4,Promosi Judi
@Tanzilislam-h1j5i,Coba main modal receh di ＢＡＮ Ｔ ＥＮ ＧＨ Ｏ ＫＩ...ehh malah meledak🤑,4 hours ago,0,0,coba main modal receh ehh ledak,4,Promosi Judi
@Mr.SinatMondol,Gak nyesel udah percaya sama P͟U͟L͟A͟U͟777.,5 hours ago,0,0,gak nyesel udah percaya pulau777,4,Promosi Judi
@WadiZai-v4w,Bisnis mudah kok. Buktinya. Kaesang   langsung.  Duitnya banyak... Dari  pedagang pisang. Jadi pengusaha dan pemegang  saham di mana mana .   Gibran jualan martabak.  Langsung. Jadi wapres..  ..,12 hours ago,0,0,bisnis mudah bukti kaesang langsung duit dagang pisang usaha pegang saham gibran jual martabak langsung wapres,4,Promosi Judi
@rupindamanalu8297,"Betul dok, ""luck""",22 hours ago,0,0,dok luck,4,Promosi Judi
@DediJaya-s1g,13:44 ada privilege dok...privilege nya imortal😂,1 day ago,0,0,1344 privilege dokprivilege nya imortal,4,Promosi Judi
@kecantikanalamai123,6:00,1 day ago,0,0,600,4,Promosi Judi
@masarieiki7257,Santai pak santai 😂😂😂😂😂😂😂,2 days ago,0,0,santai santai,4,Promosi Judi
@ririyanderi5474,"Setuju.. saya pun jadi mulai dari sales & marketing dulu -+ 10tahun baru bisa jadi owner developer property.. sebuah perjalanan yg panjang

klo ada anak muda yg dari nol sukses 1-3th gak percaya klo bukan dr cuci cuci atau titipan😊",2 days ago,0,0,tuju sales marketing 10tahun owner developer property jalan yg klo anak muda yg nol sukses 13th gak percaya klo dr cuci cuci titip,1,Bukan PromosiJudi
@tonyydmg7836,"Wejangan yg SANGAT BERMANFAAAT... Thank you Dr. Tirta, Semoga Sehat Selalu dan Bahagia, moga ada NEXT wejangan lainnya lagi yg bisa membangun utk masyarakat 🙏",4 days ago,0,0,wejang yg bermanfaaat thank you dr tirta moga sehat bahagia moga next wejang yg bangun utk masyarakat,1,Bukan PromosiJudi
@keluargapejabat78,tp agama mengajarkan.....menikah dulu rejeki menyusul.....atau ada yg bilang anak rejekinya......tp nyatanya banyak perkawinan berantakan Krn ekonomi.......😂😅😂😅😂😅,5 days ago,0,0,tp agama mengajarkanmenikah rejeki menyusulatau yg bilang anak rejekinyatp kawin beranta krn ekonomi,4,Promosi Judi
@AkhmadSupriyanto-n3u,"Motivator mmberi ceramah,,inspirator adalah contoh,,,",5 days ago,0,0,motivator mmberi ceramahinspirator contoh,4,Promosi Judi
@YozCreator-zZ,"""nek tidak bisa menghidupi anak e orang lain, jangan buru2 nikah"" cataatttt!!",6 days ago,0,1,nek hidup anak e orang buru2 nikah cataatttt,4,Promosi Judi
@halit-e2k,limabalas SOROS yaman begus vivo,7 days ago,0,0,limabalas soros yaman begus vivo,4,Promosi Judi
@bowobrewok7664,28:00 orang arab bangun pada jam 11 12 siang mulai aktivitas pada kaya semua. Silite KOBONG,7 days ago,0,0,2800 orang arab bangun jam 11 12 siang aktivitas kaya silite kobong,4,Promosi Judi
@GMGAUTO2004-p1y,Saya bertanya kepada Dr.tirta.....Bagaimana pandangan dokter tentang generasi X pada saat ini yg secara kasat mata terjadi persaingan dg generasi z terutama persaingan dalam bisnis,7 days ago,0,0,drtirtabagaimana pandang dokter generasi x yg kasat mata saing dg generasi z saing bisnis,4,Promosi Judi
@hanacaraka8907,"Kalo menurut saya, mulai bisnis tidak selalu dengan nilai modal uang tertentu, karena apa? Karena tiap orang punya latar belakang yg berbeda. Jadi bisa jadi ada yg mulia bisnis tanpa modal uang, tapi ada yg baru bisa mulai bisnis dengan modal uang tertentu. So, berbisnis itu adalah berusaha untuk mempunyai penghasilan secara mandiri, salah satunya melalui jalur ""berdagang"" atau jual beli.  Jadi yg bisa mulai silahkan segera mulai  sesuai kemampuannya, bagi yg belum ya cari saat yang pas. Semangat Berusaha!",7 days ago (edited),0,0,kalo bisnis nilai modal uang orang latar yg beda yg mulia bisnis modal uang yg bisnis modal uang so bisnis usaha hasil mandiri salah satu jalur dagang jual beli yg silah sesuai mampu yg ya cari pas semangat usaha,1,Bukan PromosiJudi
@kizyumi-q7g,.,7 days ago,0,0,,4,Promosi Judi
@Quest58989,Motivator itu teori saja. Mereka cari uang dari tamu undangan.,8 days ago,0,0,motivator teori cari uang tamu undang,4,Promosi Judi
@nandajaya8209,"privilege lebih menjamin daripada luck, lu anak siapa, keluarga darimana, bahkan cerita manga one piece aja, seorang Mongkey D Luffy bukan orang sembarangan, Kakeknya seorang laksamana, bapaknya pemimpin pasukan revolusi, ya begitulah cara dunia bekerja wkwkwk",8 days ago,0,0,privilege jamin luck lu anak keluarga darimana cerita manga one piece aja mongkey d luffy orang sembarang kakek laksamana bapak pimpin pasu revolusi ya dunia wkwkwk,4,Promosi Judi
@AjiAji-w5j6t,Gw yg generasi sandwich bukan karna ortu pengen tpi mereka udh tua dan g mampu kerja jdi smua gw yg atur dan perkataan dokter sangat benarr kondisi yg kaya gw pasti bisanya survive atau bertahan dengan keadaan,8 days ago,0,0,gw yg generasi sandwich karna ortu ken tpi udh tua g kerja jdi smua gw yg atur kata dokter benarr kondisi yg kaya gw bisa survive tahan,1,Bukan PromosiJudi
@Quest58989,"Saat ini situasi sedang sangat sangat sangat sulit utk pengusaha dan rakyat. Rezim hanya ingin menyenangkan pendukung dengan mengangkatnya sebagai Komisaris, ASN bukan meritocracy. Kebencian kepada pengusaha, rakyat biasa, mahasiswa, akademisi, sangat sangat tajam. Rakyat pun diusir ke yemen. Masih melawan? Siram air keras? Demo? Tandingan demo, bahkan dibayar resmi utk berlawanan demi MBG. Kasus Ijazah yg jelas jelas pelanggaran nya pun tidak di bahas oleh DPR. Total diam DPR. Sama percis Puan dan Gibran, karbitan incompetence yg merasa bapake yg punya negara. 😂😂😂",9 days ago (edited),0,0,situasi sulit utk usaha rakyat rezim senang dukung angkat komisaris asn meritocracy benci usaha rakyat mahasiswa akademisi tajam rakyat usir yen lawan siram air keras demo tanding demo bayar resmi utk lawan mbg ijazah yg langgar nya bahas dpr total diam dpr percis puan gibran karbitan incompetence yg bapake yg negara,1,Bukan PromosiJudi
@Mr.SinatMondol,Dari JP kecil sampai gede semua aku dapet dari𝙋𝙐𝙇𝘼𝙪777. ❤️,5 hours ago,0,0,jp gede dapet dari777,4,Promosi Judi
@shis.bhai.yt_01,Mengisi harimu lebih indah diＢＡＮ Ｔ ＥＮ ＧＨ Ｏ ＫＩ...check google❤,5 hours ago,0,0,isi hari indah check google,4,Promosi Judi
@shis.bhai.yt_01,Aman terpercaya peminat terbanyakＢＡＮ Ｔ ＥＮ ＧＨ Ｏ ＫＩdi Indonesia💛,5 hours ago,0,0,aman percaya minat indonesia,4,Promosi Judi
@shis.bhai.yt_01,Terpopuler menang berapapun di bayarＢＡＮ Ｔ ＥＮ ＧＨ Ｏ ＫＩMember baru pasti jepee💛,5 hours ago,0,0,populer menang bayar member jepee,4,Promosi Judi
@shis.bhai.yt_01,peminat terbanyakＢＡ Ｎ Ｔ Ｅ Ｎ ＧＨ Ｏ ＫＩdi Indonesia❤bukan hanya kata tapi nyata menyala 🥰,5 hours ago,0,0,minat indonesiabukan nyata nyala,4,Promosi Judi
@shis.bhai.yt_01,peminat terbanyakＢＡＮ Ｔ ＥＮ ＧＨ Ｏ ＫＩdi Indonesia❤Bukti nyata psti jepee🥰,5 hours ago,0,0,minat indonesiabukti nyata psti jepee,4,Promosi Judi
@shis.bhai.yt_01,Coba main modal receh di ＢＡＮ Ｔ ＥＮ ＧＨ Ｏ ＫＩehh malah meledak🤑,5 hours ago,0,0,coba main modal receh ehh ledak,4,Promosi Judi
@shis.bhai.yt_01,peminat terbanyakＢ Ａ Ｎ Ｔ Ｅ Ｎ ＧＨ Ｏ ＫＩdi Indonesia❤bukan hanya kata tapi nyata menyala 🥰,5 hours ago,0,0,minat indonesiabukan nyata nyala,4,Promosi Judi
@shis.bhai.yt_01,Coba main modal receh di ＢＡＮ Ｔ ＥＮ ＧＨ Ｏ ＫＩ...ehh malah meledak🤑,5 hours ago,0,0,coba main modal receh ehh ledak,4,Promosi Judi
@shis.bhai.yt_01,Terpopuler ＢＡＮ Ｔ ＥＮ ＧＨ Ｏ ＫＩ Member baru pasti jepee❤,5 hours ago,0,0,populer member jepee,4,Promosi Judi
@shis.bhai.yt_01,ＢＡＮ Ｔ ＥＮ ＧＨ Ｏ ＫＩ..Gachorrrr nya kebangetan plssss❤,5 hours ago,0,0,gachorrrr nya banget plssss,4,Promosi Judi
@shis.bhai.yt_01,ＢＡＮ Ｔ ＥＮ ＧＨ Ｏ ＫＩ..Banyak bonus member auto betah❤,5 hours ago,0,0,bonus member auto betah,4,Promosi Judi
@shis.bhai.yt_01,ＢＡＮ Ｔ ＥＮ ＧＨ Ｏ ＫＩ..Member baru pasti jepe❤,5 hours ago,0,0,member jepe,4,Promosi Judi
@shis.bhai.yt_01,ＢＡＮ Ｔ ＥＮ ＧＨ Ｏ ＫＩ menang lebih mudah❤,5 hours ago,0,0,menang mudah,4,Promosi Judi
@shis.bhai.yt_01,Terpopuler BA N T EN GH OKI Member baru pasti jepee❤,5 hours ago,0,0,populer ba n t en gh oki member jepee,4,Promosi Judi
@AbuHussain-z3n6q,"PU LA U777emang gak pernah zonk, hasilnya selalu nyata.",5 hours ago,0,0,pu la u777emang gak zonk hasil nyata,4,Promosi Judi
@AbuHussain-z3n6q,Setiap main pasti ada aja rezeki baru dari𝓟𝓤𝓛𝓐𝓤777.,5 hours ago,0,0,main aja rezeki dari777,4,Promosi Judi
@afdhalmuhammad7198,"Saldo kosong
Semua kosong
😂😂😂😂",9 days ago,0,0,saldo kosong kosong,4,Promosi Judi
@inayahnuraini7745,"Video yang udah saya putar berkali-kali kalo lagi butuh tamparan dari Dokter Tirtawon. Aku sarjana pendidikan,26thn belum nikah, saat ini kerja sebagai karyawan swasta dan udah setahun nyambi merintis kolam pemancingan ikan bawal. Mental tergembleng banget ditengah ketidakpastian usaha. Oleh karena itu pantang resign, kalo blm ada back up kuat dan mending double job. Usaha udah mau setahun, badainya makin kenceng. fokus saat ini adalah bertahan, operasional jalan, tanpa utang. Banyak nasihat bisnis yang aku praktekan dokter tawon ini. Salah satunya bahwa kalimat ""Rezeki sudah ada yang ngatur"" Terasa menenangkan ketika diri kita sudah ikhtiar. Mantapp dokk",9 days ago,0,0,video udah putar berkalikali kalo butuh tampar dokter tirtawon sarjana pendidikan26thn nikah kerja karyawan swasta udah tahun nyambi rintis kolam pancing ikan bawal mental gembleng banget tengah ketidakpastian usaha pantang resign kalo blm back up kuat mending double job usaha udah tahun badai kenceng fokus tahan operasional jalan utang nasihat bisnis praktek dokter tawon salah satu kalimat rezeki ngatur tenang ikhtiar mantapp dokk,1,Bukan PromosiJudi
@violettargovytzkaya,"Penting banget tuh buat bisnis, gap of knowledge biar paham permintaan yg perlu di-supply.",10 days ago,0,0,banget tuh bisnis gap of knowledge biar paham minta yg disupply,4,Promosi Judi
@gorul925,"Gokss abis lanjutkan boss. Omongane step by step tingkatkan lg pedesnya, lumayan buat revil bahan pelumas🫀🧠💥",10 days ago,0,0,gokss abis lanjut boss omongane step by step tingkat lg pedesnya lumayan revil bahan lumas,4,Promosi Judi
@nexuz_truth,"Ingin jadi pengusaha untuk memulai dari kecil dulu, dan lama lama bisa menjadi besar usahanya, bisa memikiki pangsa pasar yang besar seiring berjalannya waktu, pengalaman.

Dan juga ingin mencoba siapa tau bisa sukses di usia muda agar bisa finansial stable untuk keluarga dan bisa jlcepat mendapatkan jodoh",11 days ago,0,0,usaha usaha memikiki pangsa pasar iring jalan alam coba tau sukses usia muda finansial stable keluarga jlcepat jodoh,4,Promosi Judi
@mahel2d,"""Dan angan buru-buru nikah ya kalau nggak punya uang, kalian yang akan menciptakan kemiskinan yang lain"" 🔥🔥",11 days ago,0,0,angan buruburu nikah ya nggak uang cipta miskin,4,Promosi Judi
@bagasabiyyu3176,Betul dok. Sy umur 26 tahun dan uang sudah 1M,12 days ago,0,0,dok sy umur 26 uang 1m,4,Promosi Judi
@vanylaagista,Sukaaaaa❤❤,13 days ago,0,0,sukaaaaa,4,Promosi Judi
@Goldenstaff-u1z,GK punya bapak,2 weeks ago,0,0,gk,4,Promosi Judi
@hendrikprayoga-525,UMURKU 25 MERASA TELAT MENGEJAR SEMUA NYA APA SALAH GUYS,2 weeks ago,1,0,umur 25 telat kejar nya salah guys,4,Promosi Judi
@arjunasatria8050,"Setuju banget, dok. Btw iki omongan wong sing idealis tapi koyok e kegetok relalita wkwkkw. Tq you dok",2 weeks ago,0,0,tuju banget dok btw iki omong sing idealis koyok e getok relalita wkwkkw tq you dok,4,Promosi Judi
@mohammadaldi3175,Wah boyolali sarang PKI dong,2 weeks ago,0,0,boyolali sarang pki,4,Promosi Judi
@AdiBagus-l1l,Saya 28 tahun bangun pagi gak juga jadi konglomerat 😅,2 weeks ago,0,0,28 bangun pagi gak konglomerat,4,Promosi Judi
@miftachulilmi4217,"Untuk menjadi pengusaha
1. Tidak selalu dari lulusan bangku kuliahan
2. Tidak bisa dari seorang motivator 
Pengusaha itu harus punya spirit yg kuat pantang menyerah dan mampu membaca peluang
Bisnis itu bukan tentang uang tetapi tentang integritas, peluang dan kesempatan yg di lakukan
Banyak pengusaha yg latar belakang pendidikannya cuma
S1= SD
S2= SD/SMP
S3= SD/SMP/SMA
Pendidikan memang penting tapi tidak menjamin hidup kaya
Selagi sistem pendidikan di Indonesia menciptakan masyarakat pekerja dan tidak menciptakan masyarakat pencipta kerja mungkin 100 tahun kedepan Indonesia tidak akan pernah maju
Orang super kaya di Indonesia mungkin cuma sekitar 20 orang 
Kaya menengah yg punya pabrik mungkin cuma sekitar 5000 orang 
Dan yg paling banyak sekitar 69% itu usaha mikro mikro dan mikro (yg jualan cilok dan gorengan dll di pinggir jalan)
Banyak orang maunya jadi pengusaha tapi pola pikirnya pekerja 
Kalau punya spirit pengusaha uang 1 jt pun bisa berkembang bahkan mungkin tidak punya modal sama sekali asal punya spirit yg kuat di dalam diri nya
Tentukan tujuanmu dan lakukan meskipun harus jalan kaki dan butuh waktu yg lama  niscaya tujuan mu akan tercapai juga
Tidak selalu perlu punya privilege untuk menjadi pengusaha, banyak anak pengusaha hancur meskipun baru generasi ke dua
Untuk jadi pengusaha tidak butuh texs akademis apalagi butuh seorang motivator yg di butuhkan hanya pola pikir dan spirit yg kuat
1. Professional= Orang yg bekerja untuk orang lain
2. Pedagang= orang yg bekerja untuk dirinya sendiri
3. Pengusaha= orang yg membikin sistem dan ke uangan biarkan orang lain yg bekerja 
4. Investor= punya uang biarkan orang lain yg membikin sistem dan orang lain juga yg bekerja 

Tetap bersyukur apa yg di dapat hari ini, mau jadi pekerja ataupun pengusaha atau apapun itu, sama saja dan kebahagiaan itu tidak selalu di ukur dengan uang",2 weeks ago,0,0,usaha 1 lulus bangku kuliah 2 motivator usaha spirit yg kuat pantang serah baca peluang bisnis uang integritas peluang sempat yg laku usaha yg latar didik s1 sd s2 sdsmp s3 sdsmpsma didik jamin hidup kaya selagi sistem didik indonesia cipta masyarakat kerja cipta masyarakat cipta kerja 100 depan indonesia maju orang super kaya indonesia 20 orang kaya tengah yg pabrik 5000 orang yg 69 usaha mikro mikro mikro yg jual cilok goreng dll pinggir jalan orang mau usaha pola pikir kerja spirit usaha uang 1 jt kembang modal spirit yg kuat nya tentu tuju laku jalan kaki butuh yg niscaya tuju mu capai privilege usaha anak usaha hancur generasi usaha butuh texs akademis butuh motivator yg butuh pola pikir spirit yg kuat 1 professional orang yg orang 2 dagang orang yg 3 usaha orang yg bikin sistem uang biar orang yg 4 investor uang biar orang yg bikin sistem orang yg syukur yg kerja usaha apa bahagia ukur uang,3,Bukan PromosiJudi
@SyarifHidayatullahTamrin,agar tidak menyuhsahkan keluarga serta bisa membantu di sekitar agar bisa berkembang belajar belajar terus hingga jadi teliuner dan satu lagi supaya bisa berdampak bagi pebisnis pebisnis pemula kalo saya jadi pebisnis sukses itu aja makasi,2 weeks ago,0,0,menyuhsahkan keluarga bantu kembang ajar ajar teliuner dampak bisnis bisnis mula kalo bisnis sukses aja makas,4,Promosi Judi
@mariasinambela4007,Gila keren banget ini video,2 weeks ago,0,0,gila keren banget video,4,Promosi Judi
@kehidupanpenuhdrama0,Usaha karena ingin memutar kebutuhan dan hidup tenang,2 weeks ago,1,0,usaha putar butuh hidup tenang,4,Promosi Judi
@jessKD-14,ijin klip,2 weeks ago,0,0,ijin klip,4,Promosi Judi
@diva_chan,"kalo bisanya beli bekas, kenapa harus beli yang baru?
kalo bisa cash, ngapain harus kredit?
-dr. Tirta",2 weeks ago,0,0,kalo bisa beli bekas beli kalo cash ngapain kredit dr tirta,4,Promosi Judi
@Bayhaqi_Iqbal,Ilmu daging semua ini. Mantap👍🏻👍🏻👍🏻,2 weeks ago,0,0,ilmu daging mantap,4,Promosi Judi
@AbuHussain-z3n6q,TerimakasihP͟U͟L͟A͟U͟777 atas malam cuan penuh keberuntungan ❤️,5 hours ago,0,0,terimakasihpulau777 malam cuan penuh untung,4,Promosi Judi
@AbuHussain-z3n6q,🎉🎉🎉,5 hours ago,0,0,,4,Promosi Judi
@paddynathaniel9397,01:01udah gw ingetin kalo tempat yg gacorr itu BA N T EN GH OKI,6 hours ago,0,0,0101udah gw ingetin kalo yg gacorr ba n t en gh oki,4,Promosi Judi
@paddynathaniel9397,poko nya gw ingetin nama nya BA N T EN GH OKI,6 hours ago,0,0,poko nya gw ingetin nama nya ba n t en gh oki,4,Promosi Judi
@endahthoughts,Ketika komdigi gak kerja. Youtube isinya judol semua,7 hours ago,0,0,komdigi gak kerja youtube isi judol,4,Promosi Judi
@TrianaAnggreani,❤❤❤❤❤❤❤❤❤,7 hours ago,0,0,,4,Promosi Judi
@lyrical_mahmud5x,P͟U͟L͟A͟U͟777bikin aku percaya keberuntungan itu nyata.,7 hours ago,0,0,pulau777bikin percaya untung nyata,4,Promosi Judi
@lyrical_mahmud5x,"Setiap kali login keＰＵＬＡ𝙪777, selalu ada hasil manis ❤️",7 hours ago,0,0,kali login ke777 hasil manis,4,Promosi Judi
@lyrical_mahmud5x,"Gak pernah gagal,𝙋𝙐𝙇𝘼𝙪777selalu kasih hasil real.",7 hours ago,0,0,gak gagal777selalu kasih hasil real,4,Promosi Judi
@Praim.Mahadi,PU L AU 7 7 7emang tempatnya MAXWIN sejati.,8 hours ago,0,0,pu l au 7 7 7emang tempat maxwin sejati,4,Promosi Judi
@Praim.Mahadi,"PULAU777atas hoki malam ini, makasih banget ❤️",8 hours ago,0,0,pulau777atas hoki malam makasih banget,4,Promosi Judi
@eshulslam,Gak nyangka pagi ini bisa JEPE 3x di𝓟𝓤𝓛𝓐𝓤777 ❤️,8 hours ago,0,0,gak nyangka pagi jepe 3x di777,4,Promosi Judi
@eshulslam,Rezeki besar lagi-lagi datang dari P͟U͟L͟A͟U͟777.,8 hours ago,0,0,rezeki lagilagi pulau777,4,Promosi Judi
@eshulslam,"Dari kecil sampai gede JP, semua berawal dari𝙋𝙐𝙇𝘼𝙪777.",8 hours ago,0,0,gede jp dari777,4,Promosi Judi
@itsmerthkwl,"kereen bangett sih kata gua , bener2 bisa melihat dengan mata terbuka , orang2 yg bener2 pemikir kedepan terus tanpa nengok ke belakang , terus berusaha dan ikhtiar tidak putus asa . dan skrng tau apa aja yg di korbankan mereka bisa sampai se suksez sekarang ini , emg harus ada yf di korbankan entah materi / waktu tp skrng mereka berdua bisa sampai di titik akrng inu .. besstttt 🎉🎉🎉",9 hours ago,0,3,kereen bangett sih gua bener2 mata buka orang2 yg bener2 pikir depan nengok usaha ikhtiar putus asa skrng tau aja yg korban suksez emg yf korban materi tp skrng dua titik akrng inu besstttt,1,Bukan PromosiJudi
@Md-Ruzel11,01:01 serius yang belum pernah jepe bagus langsung gass di BA N T EN GH OKI.,12 hours ago,0,0,0101 serius jepe bagus langsung gass ba n t en gh oki,4,Promosi Judi
@Md-Ruzel11,ＢＡＮ Ｔ ＥＮ ＧＨ Ｏ ＫＩ ..Modal sedikit hasil maksimal❤ 0:10,12 hours ago,0,0,modal hasil maksimal 010,4,Promosi Judi
@Md-Ruzel11,peminat terbanyakＢＡＮ Ｔ ＥＮ ＧＨ Ｏ ＫＩdi Indonesia❤ 0:09,12 hours ago,0,0,minat indonesia 009,4,Promosi Judi
@Md-Ruzel11,TerpopulerＢＡＮ Ｔ ＥＮ ＧＨ Ｏ ＫＩ Member baru pasti jepee❤,12 hours ago,0,0,populer member jepee,4,Promosi Judi
@Md-Ruzel11,ＢＡＮ Ｔ ＥＮ ＧＨ Ｏ ＫＩ..Member baru pasti jepe❤,12 hours ago,0,0,member jepe,4,Promosi Judi
@fajaroke3586," @hendrikprayoga-525  aman bang masih bisa itu semangat,gas aja umpung belum umur 30 ke atas 😂",10 days ago,0,0,hendrikprayoga525 aman bang semangatgas aja umpung umur 30,4,Promosi Judi
@kehidupanpenuhdrama0,"Tapi tidak semudah perkataan ini,",2 weeks ago,0,0,mudah kata,4,Promosi Judi
@editsz-w5m,saya umur 13 thn dan 5 thn lagi saya lulus dan kerja jd saya akan siapkan ilmu sebelum memulai segalanya😅😅,3 weeks ago,0,1,umur 13 thn 5 thn lulus kerja jd siap ilmu,4,Promosi Judi
@MuhammadNaufal-v6p,"Diumur 19 tahun, saya tidak hanya IPK... karena saya tidak kuliah, dan pengalaman kerja saya sudah ±1,5 tahun... kira kira bagaimana?",3 weeks ago,0,0,umur 19 ipk kuliah alam kerja 15,4,Promosi Judi
@januszaidan7489,"Saya terlahir dari keluarga yang ga punya, lulusan SMA 2021 gak kuliah, lulus langsung kerja ikut sodara jadi tukang kayu di bekasi cuma di gaji 1,2jt/bulan, bertahan 2 tahun, terus pulang ke jateng kerja di pabrik, gaji umr, ngerasa kalo di jalanin gini terus gimana nanti kalo udah punya anak istri, gaji aja cukup buat diri sendiri, abis itu keluar pengen buka usaha kecil”an tapi belum ada modal, alhamdulillah sekarang proses mau kerja ke jepang buat cari modal, tapi untuk menuju kesitu masih ada proses dan perjuangan yang menguras energi tenaga dan pikiran, tapi saya selalu meyakinkan diri saya sendiri bahwa saya pasti bisa, dengan mengandalkan keyakinan, mau berusaha, tidak menyerah dan mau survive, untuk kalian semua yang ingin bangkit dari kemiskinan, tanpa backingan, tanpa donatur, tanpa orang dalam, tetep semangat walaupun mustahil🔥",3 weeks ago,0,0,lahir keluarga ga lulus sma 2021 gak kuliah lulus langsung kerja sodara tukang kayu bekas gaji 12jtbulan tahan 2 pulang jateng kerja pabrik gaji umr ngerasa kalo jalanin gin gimana kalo udah anak istri gaji aja abis ken buka usaha kecil modal alhamdulillah proses kerja jepang cari modal kesitu proses juang uras energi tenaga pikir andal yakin usaha serah survive bangkit miskin backingan donatur orang tetep semangat mustahil,0,Bukan PromosiJudi
@glinko_food,Keren bgt dokter satu ini🔥,3 weeks ago,0,0,keren bgt dokter,4,Promosi Judi
@avrillinaputri,"Aku kuliah sambil kerja dari semester 1, kerja apa adanya. Banyak orang bilang kamu anak orang berada tapi milih kerja padahal kuliah aja enak. Tapi aku punya prinsip kalo kuliah aja ga menjamin apalagi sekarang banyak lulusan sarjana. 
Pulang kuliah langsung kerja, habis kerja lanjut belajar, kadang bantuin usaha bapak sama ibu. Capek pol tapi pengen ngelanjutin usaha bapak ibu makanya harus kuat dalam hal apapun itu",3 weeks ago,0,0,kuliah kerja semester 1 kerja orang bilang anak orang milih kerja kuliah aja enak prinsip kalo kuliah aja ga jamin lulus sarjana pulang kuliah langsung kerja habis kerja ajar kadang bantuin usaha capek pol ken ngelanjutin usaha kuat apa,0,Bukan PromosiJudi
@anangsuyanto5999,Karena saya ingin kondisi ekonomi saya tetap stabil.,3 weeks ago,0,0,kondisi ekonomi stabil,4,Promosi Judi
@aghoestsantoso8879,Koh tirta keren kalo rambutnya panjang,3 weeks ago,0,0,koh tirta keren kalo rambut,4,Promosi Judi
@zidankafabih2099,"dengan usaha, aku bisa mendapatkan uang lebih banyak walaupun banyak uncertainly, tapi menjadi pengusaha itu sangat addiktif menurut saya, dan saya suka.",3 weeks ago,0,0,usaha uang uncertainly usaha addiktif suka,4,Promosi Judi
@MartaYulia-m4r,"Dok saya dulu berawal usaha dari jual barang orang dulu tanpa modal tapi saya juga kerja sama orang. Sambil usaha sambil kerja alhamdulillah skrg punya usaha sndri dengan modal sndri walaupun masih sangat kecil tapi saya bersyukur. Banyak sekali yg meniru, yg ingin menjatuh kan tapi alhamdulillah saya masih bertahan ☺",3 weeks ago,1,0,dok usaha jual barang orang modal kerja orang usaha kerja alhamdulillah skrg usaha sndri modal sndri syukur yg tiru yg jatuh alhamdulillah tahan,1,Bukan PromosiJudi
@iqionly,"saya ingin punya usaha karena ingin berjualan produk saya, yang saya pengen jual kebanyakan seperti sayuran dan buah buahan yang saya tanam sendiri. Kenapa gak kerja aja? karena capek kerja dibawah intruksi orang lain",3 weeks ago (edited),0,0,usaha jual produk ken jual banyak sayur buah buah tanam gak kerja aja capek kerja bawah intruksi orang,4,Promosi Judi
@andilani7832,Bener malah aku bangun sebelum subuh karna aku jualan sayur,3 weeks ago,0,0,bener bangun subuh karna jual sayur,4,Promosi Judi
@nosexret1356,"tamat SMA saya bekerja umur 30 memulai usaha sendiri
Alhamdulillah hasilnya jauh lebih baik daripada bekerja kantoran",3 weeks ago,0,0,tamat sma umur 30 usaha alhamdulillah hasil kantor,4,Promosi Judi
@miftahmuttoyib3857,"mulai dari 0. tabungan, privilage, pengalaman kerja, ipk gak ada semua
kemudian dpt kerja dengan gaji minim, hemat dan akhirnya bisa kuliah karyawan kampus biasa itupun muahal. berusaha cari kerja sesuai jurusan dan dapat. makin lama pengalaman kekumpul. kulaih jadi lebih gampang. dan boom yang semula semua poin 0 sekarang. pengalaman ada, ipk 3.4 (jujur ini gak ngaruh samsek), tabungan ada. privilage belum ada karena masih menstabilkan pengalaman dan tabungan. setelah itu saya mau coba tipis2 pake uang+pengalaman kerja untuk cari privilage. anw total ini kira2 11 tahun.",3 weeks ago,0,0,0 tabung privilage alam kerja ipk gak dpt kerja gaji minim hemat kuliah karyawan kampus itu muahal usaha cari kerja sesuai jurus alam kumpul kulaih gampang boom poin 0 alam ipk 34 jujur gak ngaruh samsek tabung privilage stabil alam tabung coba tipis2 pake uangpengalaman kerja cari privilage anw total kira2 11,0,Bukan PromosiJudi
@dianabstrack8625,💜,3 weeks ago,0,0,,4,Promosi Judi
@dulkimso,betul mentalitas bekerjalah. karena anda hidup setiap hari.,3 weeks ago,0,0,mentalitas kerja hidup,4,Promosi Judi
@AliGokil-x9i,BELUUUMMMM,4 weeks ago,0,0,beluuummmm,4,Promosi Judi
@agungpurwantoro4361,"Previlage ""Tidak""
Finansial ""Tidak""
IPK 2,72
Alhamdulillah dapat partner bisnis super visioner, Tugas ku support semua yg dibutuhkan dengan pengalaman dan keahlian yg ku punya sehingga pencapaianku saat ini sudah jauh melampaui mimpiku dulu. mungkin ini yg disebut ""LUCK"" ☺",4 weeks ago,0,0,previlage finansial ipk 272 alhamdulillah partner bisnis super visioner tugas ku support yg butuh alam ahli yg ku capai lampau mimpi yg luck,1,Bukan PromosiJudi
@SarjuManda-z8t,"Tapi kalau tak berani memulai bagaimana akan tahu kesulitan, tantangan, suka duka dan proses perjalanan sebuah usaha ( gagal, turun naik). Musti nunggu ceramah lu dulu???",4 weeks ago,0,1,berani sulit tantang suka duka proses jalan usaha gagal turun musti nunggu ceramah lu,4,Promosi Judi
@aca4282,Arogan kalo pintar gapapa: gue banget!! 😌,4 weeks ago,0,0,arogan kalo pintar gapapa gue banget,4,Promosi Judi
@ReallAyamWoku,4:00 Cause fkn brokee gng🥀,1 month ago,0,1,400 cause fkn brokee gng,4,Promosi Judi
@ruhul-37,Bener-bener hoki parah diＰＵＬＡ𝙪777hari ini ❤️,15 hours ago,0,0,benerbener hoki parah di777hari,4,Promosi Judi
@ruhul-37,Setiap main pasti ada aja rezeki baru dari𝓟𝓤𝓛𝓐𝓤777.,15 hours ago,0,0,main aja rezeki dari777,4,Promosi Judi
@esha-m1f4q,TerimakasihP͟U͟L͟A͟U͟777 atas malam cuan penuh keberuntungan ❤️,15 hours ago,0,0,terimakasihpulau777 malam cuan penuh untung,4,Promosi Judi
@esha-m1f4q,MAXWIN beruntun lagi berkat𝙋𝙐𝙇𝘼𝙪777.,15 hours ago,0,0,maxwin untun berkat777,4,Promosi Judi
@esha-m1f4q,"Hujan JEPE terus dari PU L AU 7 7 7, gila sih ini ❤️",15 hours ago,0,0,hujan jepe pu l au 7 7 7 gila sih,4,Promosi Judi
@esha-m1f4q,"Dari pagi sampai malam, ＰＵＬＡ𝙪777gak berhenti kasih hasil.",15 hours ago,0,0,pagi malam 777gak henti kasih hasil,4,Promosi Judi
@esha-m1f4q,𝓟𝓤𝓛𝓐𝓤777emang gak main-main soal cuan ❤️,15 hours ago,0,0,777emang gak mainmain cuan,4,Promosi Judi
@IsratJahan-z7g1x,P͟U͟L͟A͟U͟777bikin aku percaya keberuntungan itu nyata.,15 hours ago,0,0,pulau777bikin percaya untung nyata,4,Promosi Judi
@IsratJahan-z7g1x,"Setiap kali login keＰＵＬＡ𝙪777, selalu ada hasil manis ❤️",15 hours ago,0,0,kali login ke777 hasil manis,4,Promosi Judi
@IsratJahan-z7g1x,"Gak pernah gagal,𝙋𝙐𝙇𝘼𝙪777selalu kasih hasil real.",15 hours ago,0,0,gak gagal777selalu kasih hasil real,4,Promosi Judi
@Hasib.wishker8118,Makasih banyakＰＵＬＡ𝙪777udah bikin hari-hariku cerah ❤️,15 hours ago,0,0,makasih banyak777udah bikin harihariku cerah,4,Promosi Judi
@Alamin2.2-t4g,peminat terbanyakＢ Ａ Ｎ Ｔ Ｅ Ｎ ＧＨ Ｏ ＫＩdi Indonesia❤bukan hanya kata tapi nyata menyala 🥰,16 hours ago,0,0,minat indonesiabukan nyata nyala,4,Promosi Judi
@Alamin2.2-t4g,Gak nyangka pagi ini bisa JEPE 3x di𝓟𝓤𝓛𝓐𝓤777 ❤️,16 hours ago,0,0,gak nyangka pagi jepe 3x di777,4,Promosi Judi
@Alamin2.2-t4g,Rezeki besar lagi-lagi datang dari P͟U͟L͟A͟U͟777.,16 hours ago,0,0,rezeki lagilagi pulau777,4,Promosi Judi
@Alamin2.2-t4g,"Dari kecil sampai gede JP, semua berawal dari𝙋𝙐𝙇𝘼𝙪777.",16 hours ago,0,0,gede jp dari777,4,Promosi Judi
@Md.NurulAjim,"Gak bohong, ＰＵＬＡ𝙪777emang ngasih sensasi cuan tak terbatas.",16 hours ago,0,0,gak bohong 777emang ngasih sensasi cuan batas,4,Promosi Judi
@hashtagshabnur,Cuma di PUL AU777bisa ngerasain MAXWYN beruntun!,16 hours ago,0,0,pul au777bisa ngerasain maxwyn untun,4,Promosi Judi
@hashtagshabnur,Setiap malam selalu ada rezeki baru dari PULAU 7 7 7.,16 hours ago,0,0,malam rezeki pulau 7 7 7,4,Promosi Judi
@hashtagshabnur,Gak ngerti lagi kenapa selalu hoki di𝓟𝓤𝓛𝓐𝓤777. ❤️,16 hours ago,0,0,gak ngerti hoki di777,4,Promosi Judi
@MartaYulia-m4r,Saya juga kerja sama orang dr lulus SMA sampai sekarang walaupun sudah ada usaha sndri,3 weeks ago,0,0,kerja orang dr lulus sma usaha sndri,4,Promosi Judi
@IsratJahan-p2d4s,"Hasilnya gak main-main, ＰＵＬＡ𝙪777emang gacor abis!",16 hours ago,0,0,hasil gak mainmain 777emang gacor abis,4,Promosi Judi
@IsratJahan-p2d4s,"Baru aja dapet MAXWIN sore ini, makasih𝙋𝙐𝙇𝘼𝙪777.",16 hours ago,0,0,aja dapet maxwin sore makasih777,4,Promosi Judi
@IsratJahan-p2d4s,Tiap login selalu ada kejutan dari P͟U͟L͟A͟U͟777❤️,16 hours ago,0,0,login kejut pulau777,4,Promosi Judi
@MdAlamin.m-p5m1t,Sore ini aku masih gak nyangka bisa menang di𝓟𝓤𝓛𝓐𝓤777.,16 hours ago,0,0,sore gak nyangka menang di777,4,Promosi Judi
@MdAlamin.m-p5m1t,"Dari iseng malah jadi JP besar di PULAU 7 7 7, mantap banget.",17 hours ago,0,0,iseng jp pulau 7 7 7 mantap banget,4,Promosi Judi
@BuzzBangla_001,❤❤y,17 hours ago,0,0,y,4,Promosi Judi
@BuzzBangla_001,223rd,17 hours ago,0,0,223rd,4,Promosi Judi
@BuzzBangla_001,Rt4😂,17 hours ago,0,0,rt4,4,Promosi Judi
@MohitGurjar-p4g,"Gila sih, ＰＵＬＡ𝙪777beneran kasih rezeki tanpa batas!",17 hours ago,0,0,gila sih 777beneran kasih rezeki batas,4,Promosi Judi
@MohitGurjar-p4g,Baru aja login langsung disambut cuan gede dari PU L AU 7 7 7.,17 hours ago,0,0,aja login langsung sambut cuan gede pu l au 7 7 7,4,Promosi Judi
@Tanzilislam-h1j5i,Terimakasih𝙋𝙐𝙇𝘼𝙪777atas MAXWYN tercepat minggu ini ❤️,17 hours ago,0,0,terimakasih777atas maxwyn cepat minggu,4,Promosi Judi
@aldianriski2376,"Kayanya gw tau tuh politisi yang dekat dengan mainan wkwkwkwkkw untung gk jadi dateng ke tempat lu bang medi, kalo gk di goreng lu kemaren wkwkwk",18 hours ago,0,1,kaya gw tau tuh politis main wkwkwkwkkw untung gk dateng lu bang medi kalo gk goreng lu kemaren wkwkwk,4,Promosi Judi
@zalty_acc,bang Medy waktu serius Aura nya kuat sekaliii,20 hours ago,0,1,bang medy serius aura nya kuat sekaliii,4,Promosi Judi
@obitouchiha735-l7y,peminat terbanyakＢＡＮ Ｔ ＥＮ ＧＨ Ｏ ＫＩdi Indonesia❤,20 hours ago,0,0,minat indonesia,4,Promosi Judi
@obitouchiha735-l7y,TerpopulerＢＡＮ Ｔ ＥＮ ＧＨ Ｏ ＫＩ Member baru pasti jepee❤,20 hours ago,0,0,populer member jepee,4,Promosi Judi
@obitouchiha735-l7y,ＢＡＮ Ｔ ＥＮ ＧＨ Ｏ ＫＩ..Member baru pasti jepe❤,20 hours ago,0,0,member jepe,4,Promosi Judi
@obitouchiha735-l7y,Coba main modal receh di ＢＡＮ Ｔ ＥＮ ＧＨ Ｏ ＫＩ...ehh malah meledak🤑,20 hours ago,0,0,coba main modal receh ehh ledak,4,Promosi Judi
@revalalmurshalat6628,🎉🎉,20 hours ago,0,0,,4,Promosi Judi
@BuchariMuslim-li7pw,Kak Jerome masuk jadi guest star di coc plis 😊,20 hours ago,0,0,kak jerome masuk guest star coc plis,4,Promosi Judi
@Md.JisanIslam-s4j,Terimakasih𝙋𝙐𝙇𝘼𝙪777 udah kasih MAXWIN manis malam ini.,20 hours ago,0,0,terimakasih777 udah kasih maxwin manis malam,4,Promosi Judi
@ReallAyamWoku,2:36 Cause i'm Broke🥀,1 month ago,0,1,236 cause im broke,4,Promosi Judi
@IyaZ-b3v,"disclaimer: yang males baca ga usah baca, kalo mau kasih kritik saran buat aku makasih bgtt <3

ini jawaban buat pertanyaan dr. Tirta yang pertama dan mungkin bakal lanjut ke mana gataw aku 😭

Aku pengen sukses karna pengen jadi orang yang bisa beli hal hal yang aku pengen sendiri, bisa menyenangkan hati  orang tua, bisa memberi kehidupan yang lebih baik buat anakku nanti, dan bisa membantu orang yang susah. 
Aku tau aku masih sekolah, tapi aku juga tau sekolah itu penting (ga kayak orgil yang ngomong ""sekolah itu bullshit""). Aku masih pengen sekolah dan aku juga mau sukses di sekolah. maksud dari sukses ku disini adalah bisa menjadi murid yang baik dan  sekompeten yang aku bisa. 

Aku liat video ini karna aku mau nyicil belajar buat masa depan ku nanti pas mau berbisnis dan nambah pengalaman, bukan buat sekarang karna aku tau, sewajarnya anak yang masih sekolah, aku bakal sekolah dengan sebaik yang aku bisa. 
Makasih dr. Tirta, aku belajar banyak sama you <3 😘",1 month ago,0,0,disclaimer males baca ga baca kalo kasih kritik saran makasih bgtt 3 dr tirta gataw ken sukses karna ken orang beli ken senang hati orang tua hidup anak bantu orang susah tau sekolah tau sekolah ga kayak orgil ngomong sekolah bullshit ken sekolah sukses sekolah maksud sukses ku murid kompeten liat video karna nyicil ajar ku pas bisnis nambah alam karna tau wajar anak sekolah sekolah makasih dr tirta ajar you 3,0,Bukan PromosiJudi
@Lek_ZEN,Aq buka usaha karena sudah jenuh dan mikir besok kalo sudah gak bisa kerja dengan tenaga bagaimanan,1 month ago,0,0,aq buka usaha jenuh mikir besok kalo gak kerja tenaga bagaimanan,4,Promosi Judi
@xmtrading-j9z,makasih🥰,1 month ago,0,0,makasih,4,Promosi Judi
@zulkarnaenalamsyah9993,Its nice...wajib tonton ulang ni 👍👍👍,1 month ago,0,0,its nicewajib tonton ulang ni,4,Promosi Judi
@juwantv8094,"Orang nganggur waktu lebih banyak,yang jadi tujuan puncak orang kaya adalah menjadi seperti orang pengangguran...ibarat orang desa dan orang kota ,orang kaya butuh suasana desa yang sejuk alami,membeli hasil panen dari desa karena orang kota hanya punya duit tidak punya barang yang ada di desa berbanding terbalik dengan orang desa menginginkan kota yang tidak ada di desa,menukar  hasil panen dengan duit..",1 month ago,0,0,orang nganggur banyakyang tuju puncak orang kaya orang pengangguranibarat orang desa orang kota orang kaya butuh suasana desa sejuk alamimembeli hasil panen desa orang kota duit barang desa banding balik orang desa kota desamenukar hasil panen duit,0,Bukan PromosiJudi
@IsanTegar-y9l,"Alasan saya memulai usaha untuk meningkatkan penghasilan di usia saya yang masih 18 tahun. saya mencari jalan tercepat untuk menggapai impian saya dengan menaikan penghasilan dan mengantisipasi adanya kehilangan pekerjaan tetap yang berarti kehilangan pemasokan utama.
Dan saya ingin membuat kedua orang tua saya bangga karena masih ada seorang putra yang bisa sukses karena mendengarkan mereka berdua... Dan tidak hanya bersedih karena sikap anak-anaknya yang lain.",1 month ago,0,0,alas usaha tingkat hasil usia 18 cari jalan cepat gapai impi naik hasil antisipasi hilang kerja hilang pasok utama orang tua bangga putra sukses dengar dua sedih sikap anakanaknya,4,Promosi Judi
@nugrahaaja5128,"Menurut saya bebas finansial itu, saya bisa temuin anak saya tanpa mikirin persentase duit yang saya keluarin, karena saya kerja jauh dari anak",1 month ago,0,0,bebas finansial temuin anak mikirin persentase duit keluarin kerja anak,4,Promosi Judi
@nildln8141,Aku mau jadi pengusaha supaya bisa bermanfaat untuk orang lain dan jadi orang yang fardhuain. Minta doanya kawan Kwan 🙏,1 month ago,0,0,usaha manfaat orang orang fardhuain doa kawan kwan,4,Promosi Judi
@zidanpriatama8169,OKE PAK SAYA SUDAH KERJA,1 month ago,0,0,oke kerja,4,Promosi Judi
@Lumpur-L4pind0,Dari Jakarta ✈️ channel yang sangat berguna ✅ channel yang sangat ditunggu tunggu upLoadnya ✈️🤙🚀✈️,1 month ago,0,1,jakarta channel guna channel tunggu tunggu uploadnya,4,Promosi Judi
@nunggunaryono1704,sama dengan hidup tak semudah cocote mario teguh,1 month ago,0,0,hidup mudah cocote mario teguh,4,Promosi Judi
@taufiqhidayat2070,25:15,1 month ago,0,1,2515,4,Promosi Judi
@AangChunaivi,"Kalo mau usaha, Pahami produk lu apa, target pasarnya lu dimana, harga pantasnya lu berapa, liat harga internya berapa, cari sampingan buat perluas pasar lu, dan di akhir tujuan lu apa, sisanya doa sama usaha lebih (sampai di mana gua kerja 15 - 16 jam tidur cuma 5-6 jam) 
Dari semua jatuh bangun, yang gua pelajari cuma ini, hingga sampe di titik ini ..
Gua bukan orang ber privilege, tahun 2016 rumah gua di gusur karena di bangun di pinggir kali Ciliwung motor pun cuma punya supra butut warisan bokap ..",1 month ago,0,0,kalo usaha paham produk lu target pasar lu mana harga pantas lu liat harga internya cari samping luas pasar lu tuju lu sisa doa usaha gua kerja 15 16 jam tidur 56 jam jatuh bangun gua ajar sampe titik gua orang ber privilege 2016 rumah gua gusur bangun pinggir kali ciliwung motor supra butut waris bokap,1,Bukan PromosiJudi
@KututLowoijo,Iki YouTube channel e #drtirta sing beneran that???,1 month ago,0,0,iki youtube channel e drtirta sing beneran that,4,Promosi Judi
@bela_bernum,Seneng bgt konten dr. Tirta yg begini ini,1 month ago,0,0,neng bgt konten dr tirta yg,4,Promosi Judi
@Aliyahcomell,TERIMAKASIH DOKTER TIRTA❤,1 month ago,0,0,terimakasih dokter tirta,4,Promosi Judi
@aimusiclab_off,"Soft spoken banget dok, makasih yaa",1 month ago,0,0,soft spoken banget dok makasih yaa,4,Promosi Judi
@sehatsantaii,Pengpengpeng,1 month ago,0,0,pengpengpeng,4,Promosi Judi
@mamifahma4239,DOKTERRRRRR AYO BAHAS LAW OF ATTRACTION SECARA REALISTISSSSS,1 month ago (edited),0,0,dokterrrrrr ayo bahas law of attraction realistisssss,4,Promosi Judi
@Md.JisanIslam-s4j,Rezeki ngalir tanpa henti dari PU L AU 7 7 7 ❤️,20 hours ago,0,0,rezeki ngalir henti pu l au 7 7 7,4,Promosi Judi
@Md.JisanIslam-s4j,Setiap hari selalu dikasih kejutan manis samaＰＵＬＡ𝙪777.,20 hours ago,0,0,kasih kejut manis sama777,4,Promosi Judi
@Md.JisanIslam-s4j,Cuan harian aman terus berkat𝓟𝓤𝓛𝓐𝓤777 ❤️,20 hours ago,0,0,cuan hari aman berkat777,4,Promosi Judi
@Md.JisanIslam-s4j,P͟U͟L͟A͟U͟777selalu jadi tempat pulang buat cari rezeki.,20 hours ago,0,0,pulau777selalu pulang cari rezeki,4,Promosi Judi
@Md.JisanIslam-s4j,Rezeki datang terus tanpa henti dari𝙋𝙐𝙇𝘼𝙪777.,20 hours ago,0,0,rezeki henti dari777,4,Promosi Judi
@Md.JisanIslam-s4j,Dari iseng malah dapet MAXWIN lagi di PU LA U777 ❤️,20 hours ago,0,0,iseng dapet maxwin pu la u777,4,Promosi Judi
@Md.JisanIslam-s4j,𝓟𝓤𝓛𝓐𝓤777emang rumahnya cuan sejati.,20 hours ago,0,0,777emang rumah cuan sejati,4,Promosi Judi
@Md.JisanIslam-s4j,Gak nyesel udah percaya sama P͟U͟L͟A͟U͟777.,21 hours ago,0,0,gak nyesel udah percaya pulau777,4,Promosi Judi
@Md.JisanIslam-s4j,Dari JP kecil sampai gede semua aku dapet dari𝙋𝙐𝙇𝘼𝙪777. ❤️,21 hours ago,0,0,jp gede dapet dari777,4,Promosi Judi
@Md.JisanIslam-s4j,"PU LA U777emang gak pernah zonk, hasilnya selalu nyata.",21 hours ago,0,0,pu la u777emang gak zonk hasil nyata,4,Promosi Judi
@Md.JisanIslam-s4j,Bener-bener hoki parah diＰＵＬＡ𝙪777hari ini ❤️,21 hours ago,0,0,benerbener hoki parah di777hari,4,Promosi Judi
@khadafii8155,judol hama,21 hours ago,0,1,judol hama,4,Promosi Judi
@MizanurRahman-bm1bm,"PULAU777atas hoki malam ini, makasih banget ❤️",22 hours ago,0,0,pulau777atas hoki malam makasih banget,4,Promosi Judi
@irdinamarsyanazifaofc,Udah tayang @nihongomantappu,22 hours ago,0,0,udah tayang nihongomantappu,4,Promosi Judi
@AdibJaman-u4d,❤,22 hours ago,0,0,,4,Promosi Judi
@mdmobarakhossain1062,"Tadi pagi iseng login ke PU LA U777, hasilnya luar biasa.",22 hours ago,0,0,pagi iseng login pu la u777 hasil,4,Promosi Judi
@mdmobarakhossain1062,Terimakasih𝙋𝙐𝙇𝘼𝙪777 udah bantu aku nutup bulan dengan cuan ❤️,22 hours ago,0,0,terimakasih777 udah bantu nutup cuan,4,Promosi Judi
@mdmobarakhossain1062,Cuma di PUL AU777bisa ngerasain MAXWYN beruntun!,22 hours ago,0,0,pul au777bisa ngerasain maxwyn untun,4,Promosi Judi
@mdmobarakhossain1062,Setiap malam selalu ada rezeki baru dari PULAU 7 7 7.,22 hours ago,0,1,malam rezeki pulau 7 7 7,4,Promosi Judi
@mdmobarakhossain1062,Gak ngerti lagi kenapa selalu hoki di𝓟𝓤𝓛𝓐𝓤777. ❤️,22 hours ago,0,40,gak ngerti hoki di777,4,Promosi Judi
@mamifahma4239,"""DOUBLE PROFESI IS THE BEST, KERJA 9 TO 5 TAPI PUNYA BISNIS"" NOTEDDDDDDDDDD!!!!",1 month ago,0,0,double profesi is the best kerja 9 to 5 bisnis notedddddddddd,4,Promosi Judi
@mamifahma4239,BERJUANG DARI NOL NDASMU -dr. Tirta,1 month ago (edited),0,0,juang nol ndasmu dr tirta,4,Promosi Judi
@mamifahma4239,"Nah motivasi tu begini, realistis, ada solusi, menghargai keadaan orang lain yang berbeda, BUKAN JUDGING DOANG KAYAK SI BITCOIN ITUUUUUUUUUUUUU. LOVE DR TIRTAAAAAAAAAAA",1 month ago,0,0,motivasi tu realistis solusi harga orang beda judging doang kayak si bitcoin ituuuuuuuuuuuuu love dr tirtaaaaaaaaaaa,4,Promosi Judi
@mamifahma4239,INI HARUS DITONTON SEMUA ANAK MUDA DI INDONESIA!,1 month ago,0,2,tonton anak muda indonesia,4,Promosi Judi
@brossignature,jika saya merasakan sensasi tidak bermanfaat atau tidak menumbuhkan pribadi saya itu langkah untuk keluar gimana dok?,1 month ago,0,0,rasa sensasi manfaat tumbuh pribadi langkah gimana dok,4,Promosi Judi
@nakor1608,"Saya tidaknya 3

Awal kerja mungkin hoki dpt kerjaan 2 perusahaan. Dan saat itu lagi zaman startup tech. Tapi gobloknya saya gak ada literasi keuangan ancur semua kalo mungkin ada literasi financial 3 tahun dah kekumpul 500jt.

Skg gaji 4jt, gas youtube juga dengan niche tertentu masih naik turun gila2an. Tapi ini saya masih perjuangin karena  buay dptin 3jt ajah hanya butuh 3 - 4 video dengan view minim avg 10k views dah bisa belasan juta.

Disini saya cuman ingin bisa bertahan dulu kasih makan istri dan anak. Ketika youtube lancar saya akan ketat sama keuangan saya. Karena pengalaman keuangan saya dlu ancur pdahal gaji gede",1 month ago,0,0,tidak 3 kerja hoki dpt kerja 2 usaha zaman startup tech goblok gak literasi uang ancur kalo literasi financial 3 dah kumpul 500jt skg gaji 4jt gas youtube niche turun gila2an perjuangin buay dptin 3jt ajah butuh 3 4 video view minim avg 10k views dah bas juta cuman tahan kasih makan istri anak youtube lancar ketat uang alam uang dlu ancur pdahal gaji gede,4,Promosi Judi
@andradautami1581,Keren dok... Makasih banget 😊😊 ini yg ingin saya sampaikan ke anak2ku.. Biar gak game aja yg dipikirin,1 month ago,0,0,keren dok makasih banget yg anak2ku biar gak game aja yg dipikirin,1,Bukan PromosiJudi
@nindyasilva9534,Thx dok,1 month ago,0,0,thx dok,4,Promosi Judi
@armianingsih737,kerennnnn abiizzzzz,1 month ago,0,0,kerennnnn abiizzzzz,4,Promosi Judi
@wsdxcvbnmk89,"alasan pengen buka bisnis karena saya gasuka kerja sama orang, jadi bawahan orang, saya mau merdeka. kalo saya udah bisa bangun bisnis sampe hire orang, saya bakalan jadi atasan yang seadil-adilnya karena saya tau rasanya diperlakukan tidak adil. bukan karena ingin kaya raya atau haus validasi, namun ingin bisa makan dan beli kebutuhan setiap hari tanpa harus manut dan direndahin atasan.",1 month ago (edited),0,0,alas ken buka bisnis gasuka kerja orang bawah orang merdeka kalo udah bangun bisnis sampe hire orang atas seadiladilnya tau laku adil kaya raya haus validasi makan beli butuh manut direndahin atas,0,Bukan PromosiJudi
@joyspolaroid,sumpeh ini lagi pegel2 apa perli lari ya?,1 month ago,0,0,sumpeh pegel2 perli lari ya,4,Promosi Judi
@joyspolaroid,aku ip 3.12 pantess mumedht wkwk,1 month ago,0,0,ip 312 pantess mumedht wkwk,4,Promosi Judi
@Franciscus.Samuel,6:58,1 month ago,0,0,658,4,Promosi Judi
@garethardh6855,"Passion, bos! Saya senang rumitnya keadaan ketika negosiasi",1 month ago,0,0,passion bos senang rumit negosiasi,4,Promosi Judi
@YogiQomara,"Sorry bos, klub kita berbeda, klub saya tiap tahun juara 😂😂",1 month ago,0,0,sorry bos klub beda klub juara,4,Promosi Judi
@AIRDROPCRAS,Jawaban gua simpel membuka lapangan pekerjaan di kampung sendiri. Karna saya percaya rezeki yang masuk ke kita ada rezeki orang lain juga,1 month ago,0,1,gua simpel buka lapang kerja kampung karna percaya rezeki masuk rezeki orang,4,Promosi Judi
@ArsadIrsad-c4j5l,Koplok2😂 kenapa gak dari dulu ketemu cenel ini....at suka anda❤,1 month ago,0,0,koplok2 gak ketemu cenel iniat suka,4,Promosi Judi
@ArsadIrsad-c4j5l,Gacor pisan bro...😂,1 month ago,0,0,gacor pis bro,4,Promosi Judi
@kelinciputih8045,"Dok aku sedari tamat SMK langsung kerja, karena ortu gak ada biayain buat kuliah, ortu suruh aku kuliah tapi gak mau keluar duit buat aku kuliah. Di tahun ke 3 saat kerja aku beranikan kuliah, memang di saat itu umur ku sudah 20-an lebih, aku gak ada malu karena terlambat masuk kuliah, aku usahakan kerja sambil kuliah dan aku belajar giat dan rajin masuk alhamdulillah dapat beasiswa dengan nilai tertinggi di angkatan. Saat lulus kuliah aku resign dari kerjaan lama dan di kerjaan yang baru gaji ku 2x lipat lebih besar dari yang lama. Yang aku kesal kan dengan adik ku, ortu ku bela-belain kuliahin adik ku, malah adik ku malas-malasan kuliah dan uang kuliahnya di buat jajan 😢. Dengan alasan otaknya gak nyampe buat belajar, katanya dia gak sepintar aku. Sudah ku jelas kan kalau mau pintar ya belajar, bukan pintar dulu baru belajar.",1 month ago,0,0,dok dar tamat smk langsung kerja ortu gak biayain kuliah ortu suruh kuliah gak duit kuliah 3 kerja rani kuliah umur ku 20an gak malu lambat masuk kuliah usaha kerja kuliah ajar giat rajin masuk alhamdulillah beasiswa nilai tinggi angkat lulus kuliah resign kerja kerja gaji ku 2x lipat kesal adik ku ortu ku belabelain kuliahin adik ku adik ku malasmalasan kuliah uang kuliah jajan alas otak gak nyampe ajar gak pintar ku pintar ya ajar pintar ajar,3,Bukan PromosiJudi
@Anomali-AIV,"intinya kerja,kerja,kerja dan kerja cik.",1 month ago,0,0,inti kerjakerjakerja kerja cik,4,Promosi Judi
@mdmobarakhossain1062,"Hasilnya gak main-main, ＰＵＬＡ𝙪777emang gacor abis!",22 hours ago,0,0,hasil gak mainmain 777emang gacor abis,4,Promosi Judi
@mdmobarakhossain1062,"Baru aja dapet MAXWIN sore ini, makasih𝙋𝙐𝙇𝘼𝙪777.",22 hours ago,0,0,aja dapet maxwin sore makasih777,4,Promosi Judi
@MdMahfuz-c2j,Tiap login selalu ada kejutan dari P͟U͟L͟A͟U͟777❤️,22 hours ago,0,0,login kejut pulau777,4,Promosi Judi
@MdMahfuz-c2j,Cuan ngalir deras lagi dari𝓟𝓤𝓛𝓐𝓤777sampe gak sempet narik.,22 hours ago,0,0,cuan ngalir deras dari777sampe gak sempet narik,4,Promosi Judi
@abrahamkeenanabdullahfanae9138,30 menit yang lalu semangat terus bang kontent nya dan sehat selalu,22 hours ago,0,1,30 menit semangat bang kontent nya sehat,4,Promosi Judi
@zanzamins9944,Pagi ini senyum lebar banget gara-gara𝙋𝙐𝙇𝘼𝙪777.,22 hours ago,0,1,pagi senyum lebar banget garagara777,4,Promosi Judi
@waze7718,Komennya judi semua jir-_-,23 hours ago,2,9,komennya judi jir,4,Promosi Judi
@beyourhani,300 penonton pertama🙋🏻‍♀️,23 hours ago,1,4,300 tonton,4,Promosi Judi
@saradowling-y2s,"✨GA 𝐑𝐔𝐃a 𝐇𝐎 Ki 🌟puterannya slay bro Member baru depo 25k dikira ZOONK, puteran trakHIR malah di kasih maxwin 🎉😛",23 hours ago,0,0,ga a ki puter slay bro member depo 25k zoonk puter trakhir kasih maxwin,4,Promosi Judi
@saradowling-y2s,situs laen mah ocehannya banyak ga kaya G A R U D A H O K I .. nyata depo kecil aja naek cok,23 hours ago,0,0,situs laen mah oceh ga kaya g a r u d a h o k i nyata depo aja naek cok,4,Promosi Judi
@greenwakefield-q3t,bay G A R U D A H O KI ngasih jepe lagi jir 100k jadi 3jt,23 hours ago,0,0,bay g a r u d a h o ki ngasih jepe jir 100k 3jt,4,Promosi Judi
@drsavoie,"eror kali ya  G A R U D A H O K I masa main ber 5,  5 5nya naek semua, auto buka joki win nih gua wkwkwkw",23 hours ago,0,0,eror kali ya g a r u d a h o k i main ber 5 5 5nya naek auto buka joki win nih gua wkwkwkw,4,Promosi Judi
@banyumight7850,Halo,23 hours ago,0,0,halo,4,Promosi Judi
@Le_nn_yta,gercep,23 hours ago,0,0,gercep,4,Promosi Judi
@Xyren-z8o,kedua,23 hours ago,0,0,,4,Promosi Judi
@adityadwip597,Pertama,23 hours ago,0,0,,4,Promosi Judi
@SayemMia-q6n,❤️❤️,3 hours ago,0,0,,4,Promosi Judi
@refoultra,"Ilmu bermanfaat, terima kasih keren :)

mantaf
karir bagus, punya rumah, nah baru nikah.

semangat terus, belajar setiap hari, cerdas logika, baik hati, sehat selalu, bisnis naik, sukses sejahtera, dan keluarga harmonis.
dan lain-lain.",1 month ago,0,0,ilmu manfaat terima kasih keren mantaf karir bagus rumah nikah semangat ajar cerdas logika hati sehat bisnis sukses sejahtera keluarga harmonis lainlain,4,Promosi Judi
@yasirmoo,Izin saya amalkan dan share ilmunya..,1 month ago,0,0,izin amal share ilmu,4,Promosi Judi
@samudracomputer2,"Meski telat
Trimaksih kuliahnya

TEGASS jelek ya jelek
Nagus ya bagus

JUJUR kata2 nya. 
Tegas nya JOSSSS BANGETT
kayak.didikannorng tua jaman dulu",1 month ago,0,0,telat trimaksih kuliah tegass jelek ya jelek nagus ya bagus jujur kata2 nya nya jossss bangett kayakdidikannorng tua jaman,4,Promosi Judi
@handoyo6098,"Dalem bgt kata""nya",1 month ago,0,0,dalem bgt,4,Promosi Judi
@leamonik4020,Bagus2 dr tirta.,1 month ago,0,0,bagus2 dr tirta,4,Promosi Judi
@dinihariyani1118,Motivasi tanpa basa-basi. Sekaligus ngasih tahu realita. Mantap🙌,1 month ago (edited),0,0,motivasi basabasi ngasih realita mantap,4,Promosi Judi
@sekararumCandrakirana,Aku orang yang beruntung dan selalu di keliling hoki,1 month ago,0,0,orang untung keliling hoki,4,Promosi Judi
@salma-r9z5z,"mendapatkan uangan yang banyak, lalu hidup di masa tua yang tampa bekerja+bermalas malasam",1 month ago,0,0,uang hidup tua tampa bekerjabermalas malasam,4,Promosi Judi
@orangLemahchannel,"Mau enterpreneur karena terpaksa, melamar kerja belum keterima kerima bos tirta.. gimana iniii?",1 month ago (edited),0,0,enterpreneur paksa lamar kerja terima rima bos tirta gimana iniii,4,Promosi Judi
@labibmuhammadmuin4302,"Meskipun bukan orang ambis, aku respect kali sama ini ❤❤ be wise my friends❤",1 month ago,0,0,orang ambis respect kali be wise my friends,4,Promosi Judi
@viole1896,emang benar sih....bisnis dan karir kerja ga semudah kata kata motivator,1 month ago,0,0,emang sihbisnis karir kerja ga mudah motivator,4,Promosi Judi
@azzabimaputraperkasa4018,"Baru lulus sekolah, pas SMP pernah jadi OB, skrng kerja mbg+punya usaha jual snack ringan titip ke warung dan sekolah no privilege",1 month ago,1,0,lulus sekolah pas smp ob skrng kerja mbgpunya usaha jual snack ringan titip warung sekolah no privilege,4,Promosi Judi
@kenzikastara9897,Saya mau nikah bukan buka bisnis,1 month ago,0,0,nikah buka bisnis,4,Promosi Judi
@NadiaAzzahra-m2r,"Gila! Cerdas gue lama2 nontonin Malaka! Makasih bang ferry dan semua pakarnya! Suatu hari nanti gue bakal salaman langsung ke lu semua! Tunggu ya… beberapa tahun lagi. Awas aja lu mati duluan bang Fer! Jangan mati lu sampai gue sukses.
Tunggu ya.. Karena liverpool butuh 30 tahun buat menang sekali, jadi gue mungkin perlu beberapa tahun juga. So count on me ya 🥹",1 month ago,0,0,gila cerdas gue lama2 nontonin malaka makasih bang ferry pakar gue salam langsung lu tunggu ya awas aja lu mati duluan bang fer mati lu gue sukses tunggu ya liverpool butuh 30 menang gue so count on me ya,4,Promosi Judi
@inisumurkembang,i have no privillage at all,1 month ago,0,0,i have no privillage at all,4,Promosi Judi
@BUDIGAMING-fz6vp,"""Ini pasti hobinya push rank"" Damnnnnn",1 month ago,0,0,hobi push rank damnnnnn,4,Promosi Judi
@rizkyprasetya8496,Kelazz king,1 month ago,0,0,kelazz king,4,Promosi Judi
@KayuBakar-l4h,karna pengen ngarahin ke hal positif aja si kalok kek gtu saya si kalok org lain mana gw tau dokk,1 month ago,0,0,karna ken ngarahin positif aja si kalok kek gtu si kalok org gw tau dokk,4,Promosi Judi
@michaelevanojunior,"Saya freshgrad 2026 awal ini, dengan:
IPK 3.95 (Digital Business Management)
Pengalaman kerja intern research and strategic plan, crypto analyst, asdos 4x, event job
Privillege networking keluarga dan dari lomba-lomba yg saya ikutin karena selama masa kuliah ikut lebih dari 100+ lomba dan menang 20an
Financial belum stable dan masih ada beban yg perlu dipenuhi

Saya memutuskan untuk mencoba kerja MT Multinational company, sekaligus membuat media terlebih dahulu untuk bisnis saya, dan mencoba yg lowrisk dalam hal financial karena deliver jasa (mentoring business competitions)

Thanks, GBU!",1 month ago,0,0,freshgrad 2026 ipk 395 digital business management alam kerja intern research and strategic plan crypto analyst asdos 4x event job privillege networking keluarga lombalomba yg ikutin kuliah 100 lomba menang 20an financial stable beban yg penuh putus coba kerja mt multinational company media bisnis coba yg lowrisk financial deliver jasa mentoring business competitions thanks gbu,1,Bukan PromosiJudi
@fauzifatahillah7980,Gaperna selesai klo bahas sukses emg dok... Napsu ga pernah selesai dg impiannya..,1 month ago,0,0,gaperna selesai klo bahas sukses emg dok napsu ga selesai dg impi,4,Promosi Judi
@azrielridlo453,Tebak kenapa?,11 hours ago,0,1,tebak,4,Promosi Judi
@waze7718,​ @azrielridlo453 gk tw:),6 hours ago,0,0,azrielridlo453 gk tw,4,Promosi Judi
@azzabimaputraperkasa4018,"dan ""tidaknya"" Lebih dari 1",1 month ago,0,0,tidak 1,4,Promosi Judi
@Fikarblackproject,REALISTIS,1 month ago,0,0,realistis,4,Promosi Judi
@RahmatPajar-bo5hl,"Dokter , saya ingin berbisnis supaya Ibu saya tidak usah bekerja lagi di usia nya yg sudh tua. Karena ayah saya sakit",1 month ago,0,0,dokter bisnis usia nya yg sudh tua ayah sakit,4,Promosi Judi
@mediapembelajaran12,aku mau cepat mapan biar bisa mengejar wanita yang aku cintai,1 month ago,0,0,cepat mapan biar kejar wanita cinta,4,Promosi Judi
@nokianda_071_fbp6,Alasan ingin jadi pengusaha karena mayoritas loker batas umur maxsimal 25 tahun. Yang umur 26 ke atas mau gamau harus berbisnis,1 month ago,0,1,alas usaha mayoritas loker batas umur maxsimal 25 umur 26 gamau bisnis,4,Promosi Judi
@Nerbuzo,"Setelah dipikir2...Kenyataan bukan kejam,tapi tegas",1 month ago,0,1,dipikir2kenyataan kejamtapi,4,Promosi Judi
@peterrahmani,"Terimaksih dok, sangat rasional",1 month ago,0,0,terimaksih dok rasional,4,Promosi Judi
@robbybrillianto007,I have no privilege at all,1 month ago,0,0,i have no privilege at all,4,Promosi Judi
@aldifarhanjr,"Ndasmu, duuuuaaaarrr!
-dr. Tirta",1 month ago (edited),0,1,ndasmu duuuuaaaarrr dr tirta,4,Promosi Judi
@ytFishingFun,"Kita cari Realita,di sini tempat nya Thanks dok konten kali ini",1 month ago,0,0,cari realitadi nya thanks dok konten kali,4,Promosi Judi
@ytFishingFun,"TABUNGAN shope pay,Privalage Tidak ada,Sekolah paket,Pengalaman kerja 7th di berbagai bidang.",1 month ago,0,0,tabung shope payprivalage adasekolah paketpengalaman kerja 7th bidang,4,Promosi Judi
@FirmanMaulana-lh1yv,"Dok, coba kasih tutor buat yang masih SMA/SMK atau yg masih semester awal kuliah🙏🏻",1 month ago,0,0,dok coba kasih tutor smasmk yg semester kuliah,4,Promosi Judi
@AminSunardi-q5w,"Jangan buru buru jadi kaya, nnti menghalalkan segala cara.",1 month ago,0,0,buru buru kaya nnti halal,4,Promosi Judi
@krismondi1673,otw aiaiu aiaiu uheh,1 month ago,0,0,otw aiaiu aiaiu uheh,4,Promosi Judi
@krismondi1673,otw kamboja,1 month ago,0,0,otw kamboja,4,Promosi Judi
@KentangTerbangTV,Kenapa masih percaya luck kenapa ga takdir?,1 month ago,0,0,percaya luck ga takdir,4,Promosi Judi
@QibiszJdjd,"saya ingin menjadi kaya agar bisa membantu ekonomi keluarga, dan mendapatkan hidup yang sedikit lebih layak dari sebelumnya",1 month ago,0,2,kaya bantu ekonomi keluarga hidup layak,4,Promosi Judi
@AilenAngkasa,"gini aku ada statmen kalo punya keinginan yang di landasi oleh tuhan, kepercayaan kita masing"", kita ngga berharap, apapun intinya kita berusaha, semua itu ditangan tuhan",1 month ago,0,0,gin statmen kalo landas tuhan percaya ngga harap apa inti usaha tang tuhan,4,Promosi Judi
@Kalengkill_new,Anjeng mimpi mimpi STROKE😭😭,1 month ago,0,0,anjeng mimpi mimpi stroke,4,Promosi Judi
@Kalengkill_new,Saya bukan orang Jawa itula gunanya subtitle bjir hits hard hahahha,1 month ago,0,0,orang jawa itula guna subtitle bjir hits hard hahahha,4,Promosi Judi
@FaizSyifa-g9h,kalau minimal ipk bagus itu berapa dok?,1 month ago,0,0,minimal ipk bagus dok,4,Promosi Judi
@hiirokun88,"ga gampang cuk setelah kuliah itu kerja, susah cuk cari kerja tuh, mau dah pengalaman kek, mau ga pengalaman pun, sama aja, ntah apa yang dicari sama Perusahaan jaman now ini, posisi staff tapi pengalaman 5 tahun kek apa ya 🤌",2 months ago,0,0,ga gampang cuk kuliah kerja susah cuk cari kerja tuh dah alam kek ga alam aja ntah cari usaha jaman now posisi staff alam 5 kek ya,0,Bukan PromosiJudi
@m.fairuzhabibullah9379,"pertama kali nonton video motivator sengakak ini, selalu bosen klo liat orng lain yang menyampaikan, knp ini bisa sampe ngaceng (ngakak kenceng)😭😭😭😂😂😂, ilmu dpt, hiburan jg dapet, makasii dokter tirta, bakal ku tunggu konten mu selalu",2 months ago,0,0,kali nonton video motivator sengakak bosen klo liat orng knp sampe ngaceng ngakak kenceng ilmu dpt hibur jg dapet makasii dokter tirta ku tunggu konten mu,4,Promosi Judi
@errorlimited09,"Saya berbisnis dari kuliah mulai dari modal 300.000 karena dasar dari seneng berkarya aja 😂 takut iya itupun karena keadaan mulai terdesak karna biaya bulanan kuliah mau di stop dari abangku sebagai donatur terbesar di smster 3 awal dan apa, ya aku punya Prevelage hha aku punya Prevelage kawan kawan kos yang support karyaku inget bikin kaos 6 pcs langsung habis di taun 2015 dengan packing seadanya trus mulai pd bikin 12 pcs dan nyoba ngajak tmen join mulai habis, trus tmen brenti join coba main sndri walau berat dan makin termotivasi buat beljar gambar oh iya ak bljar desain pake corel diajarin tmen kosku namnya iqbal dia sekarang kerja di Carvil temen yang selalu buat ak respect ampe skrng lambat laun ak gak nyangka ternyata gambarku mulai bnyak peminatnya dan ya smakin hati semakin laku aku gak pernah terpikir gambarku yang kujadiin kaos bisa laku 😂 mulai bangga tipis"" tapi ya namnya bisnis gak selalu untung pasti ada ruginya ku anggap tapi sebagai seni dalam berbisnis  singkat cerita bisnisku ya cukup berjalan dengan baik singkat cerita 2020 terakhir cukup ku nikmati bisnis clotingku d tengah"" Covid dan ak coba mulai lagi di 2021 karna sudah ad modal lagi coba bermain d konveksi dan alhamdulillah pelan"" Bangkit lagi sampai skrng tidak perlu meroket tapi naik tangga saja 😁 semuanya alhamdulillah cukup dan masih bisa ku sambi sambil mengajar di salah satu sekolah swasta di Semarang dan bisnisku berjalan baik di Jogja 😁 semoga kalian yang mau berbisnis menemukan jalan ninja bisnis yang sesuai dengan hati kalian hehe Terima kasih sudah mau membaca Terima kasih Dokter Tirta oh ya ak pernah ketemu Dokter Tirta di Ambarukmo Plaza Jogja pas dr Tirta masih aktif ngevlog sekali lagi trima kasih inspirasinya dok kalau kalian butuh seragam buat apapun bisa cek yutub saya dan hubungi WA saya semoga saya bisa membantu kebutuhan seragam kalian 😁",2 months ago,0,0,bisnis kuliah modal 300000 dasar neng karya aja takut iya itu desak karna biaya bulan kuliah stop abang donatur besar smster 3 ya prevelage hha prevelage kawan kawan kos support karya inget bikin kaos 6 pcs langsung habis taun 2015 packing ada trus pd bikin 12 pcs nyoba ngajak tmen join habis trus tmen brenti join coba main sndri berat motivasi beljar gambar oh iya ak bljar desain pake corel diajarin tmen kosku namnya iqbal kerja carvil temen ak respect ampe skrng lambat laun ak gak nyangka gambar bnyak minat ya smakin hati laku gak pikir gambar kujadiin kaos laku bangga tipis ya namnya bisnis gak untung rugi ku anggap seni bisnis singkat cerita bisnis ya jalan singkat cerita 2020 ku nikmat bisnis clotingku d covid ak coba 2021 karna ad modal coba main d konveksi alhamdulillah pelan bangkit skrng roket tangga alhamdulillah ku sambi ajar salah sekolah swasta semarang bisnis jalan jogja moga bisnis temu jalan ninja bisnis sesuai hati hehe terima kasih baca terima kasih dokter tirta oh ya ak ketemu dokter tirta ambarukmo plaza jogja pas dr tirta aktif ngevlog trima kasih inspirasi dok butuh seragam apa cek yutub hubung wa moga bantu butuh seragam,0,Bukan PromosiJudi
@dennisdwiprasetyo8859,tidak ada semua dok karena saya ikut bibi saya dan saya mau tidak mau harus mengasih uang ke pada bibi saya walaupun hanya 20% perbulan dan kalo untuk tabungan sudah di sisi kan sekutar 45 sampai 50% sisa nya untuk makan biar gak mati,2 months ago,0,0,dok bibi asih uang bibi 20 bulan kalo tabung sisi tar 45 50 sisa nya makan biar gak mati,4,Promosi Judi
@MuhamadWildan-x5b,"1. Mahasiswa semester 6 21 thn punya tabungan 3 digit berupa cash & LM
2. Previllage karna udh berani bangun usaha dari umur 17 thn sampe sekarang 2026",2 months ago,0,0,1 mahasiswa semester 6 21 thn tabung 3 digit cash lm 2 previllage karna udh berani bangun usaha umur 17 thn sampe 2026,4,Promosi Judi
@bxjdhsjjhdjhdh,Masih kelas 9 mencoba memahami semoga di masa depan bisa jadi lebih baik,2 months ago,0,1,kelas 9 coba paham moga,4,Promosi Judi
@HylmiCraft,Jangan galak2 bos😂😂,2 months ago,0,0,galak2 bos,4,Promosi Judi
@MELIFF-b7x,"Hai semua nya 
Agak lambat,sya jujur bru pertama kali ini nonton vt bg ini maff sebelum nya sya gk tau abg ini jdi pangil abg aja
Perkenalkan sya militia . 
Usia sy bru bgt 14 th. 
Sya sudah punya tabung sekitar 3 jt mau 4 sudh di bank dan saya kan trus menabung sampai kiranya cukup buat model say kedepan nya sya juga punya planing buat kuliah sambil kerja sama orang jdi dpt duit dapat pengalaman dan bisa di pke ketika saaya bnr bnr siap buat buka usaha. 
Kedua orang tua sya cuma berjualan BBM pinggir jln
Mengapa saya ingin berbisnis:
1.ingin menaikan ekonomi keluarga saya. 
Sya mulai merancang ini dari sekarang kerana aku tau jika merancang sudah dewasa prosesnya pasti lambat. Sya sudah menabung dan mencoba beljar marketing bljar mengatur keuangan dari sekarang. 
Mungkin sebagai orang bilang sya terlalu cpt tapi menurut sya setelah saya melihat ekonomi saat ini dan saya melihat seberapa kejamnya ekonomi itu sendiri membuat sya tidak ingin merasakan nya di  
Usai dewasa nnt saya bukan takut tapi tidak ingin ekonomi menghantui saya saat dewasa. Mkasih bgt yg telah meluangkan waktu itu membaca ini mksh bgt. Mohon doa nya supaya semua rencana sya saat ini bisa lancar dan terkabulkan aminn mksh yh doa nyaa🙏🙏semngt semua nyaa 🙏🙏",2 months ago,0,0,hai nya lambatsya jujur bru kali nonton vt bg maff nya sya gk tau abg jdi pangil abg aja kenal sya militia usia sy bru bgt 14 th sya tabung 3 jt 4 sudh bank trus tabung model say depan nya sya planing kuliah kerja orang jdi dpt duit alam pke saaya bnr bnr buka usaha orang tua sya jual bbm pinggir jln bisnis 1ingin naik ekonomi keluarga sya rancang rana tau rancang dewasa proses lambat sya tabung coba beljar marketing bljar atur uang orang bilang sya cpt sya ekonomi kejam ekonomi sya rasa nya dewasa nnt takut ekonomi hantu dewasa mkasih bgt yg luang baca mksh bgt mohon doa nya rencana sya lancar kabul aminn mksh yh doa nyaasemngt nyaa,2,Bukan PromosiJudi
@DizaVu,❤💯,2 months ago,0,0,,4,Promosi Judi
@bobbyyuskar4377,Hua....Ha...Ha..  ❤ My Tremendous MEnToR,2 months ago,0,0,huahaha my tremendous mentor,4,Promosi Judi
@kirunpingpong672,mantab sekali mas,2 months ago,0,0,mantab mas,4,Promosi Judi
@velevia,Video ini adalah tamparan keras buat kita-kita yang baru lulus. Harus berani jujur sama kondisi finansial dan privilege sendiri daripada cuma ikutan tren. Self-analysis itu wajib banget ternyata,2 months ago,0,0,video tampar keras kitakita lulus berani jujur kondisi finansial privilege ikut tren selfanalysis wajib banget,4,Promosi Judi
@paloy197,"Gimana menurut kalian ada kutipan ""Jangan menikah dalam keadaan miskin"" ??",2 months ago,0,0,gimana kutip meni miskin,4,Promosi Judi
@Nita-j2g6s,Nice dokk....🎉🎉❤❤,2 months ago,0,0,nice dokk,4,Promosi Judi
@gunawanngakak1354,"Saya lulusan PAKET C.
Anak orang SUSAH ,MELARAT ,latar PENDIDIKAN ortu SMP &  gak punya apa'' (makan saja telur 1 di bagi 4 )"".
Umur 14 tahun SMP saya kerja di warnet sesambi sekolah.
Umur 16 tahun semasa SMK semester 1 saya PATAH KAKI rehat patah kaki 1,5 tahun.
Umur 18 tahun saya kerja kuli ( pegang pacul ) sesambi nge youtube .
Umur 20 tahun saya dapat kerja bagus di proyek sebagai surveyor uang di investasi ke bitcoin .
umur 21 tahun kerja ,bisnis dropsiper & reseller .
umur 22 tahun Resign lanjut bisnis bangkrut , lalu ambil uang investasi bitcoin saya untuk memulai kembali.
umur 23 tahun mulai bisnis vape sampai bisa beli toko allhamdulilah .
umur 26 tahun bisnis percetkan sampai bisa sewa gedung untuk produksi & kantor .
umur 28 tahun ku sekarang 2026 , saya lanjutkan pendidikan yang tertunda dengan mengambil jurusan MENEJEMEN BISNIS ( S1 ) dan dari semua bisnis saya ,saya sekarang bisa memperkerjakan 12 SDM yang lingkungan terdekat saya .

Saya bersyukur sekarang bisa mecukupi keluarga saya dari ibu sampai & 2 adik saya ,allhamdulilah lulus semua dan lanjut kuliah .
Saya memulai ini bukan dari ZERO tapi bener2 minus dan harus bayar hutang orang tua ,ibu saya bercerai ketika saya  SMP kelas 1 .
Hidup saya sekarang sudah cukup untuk soal finansial .
TARGET saya sekarang fokus belajar ,berbisnis ,membangun koneksi dan lanjutkan akademisi sampai S2.
Jadi ini bukan tuntutan tapi bentuk TANGGUNG JAWAB  anak pertama untuk menjadi contoh adik'' saya.
JANGAN MENYERAH kawan untuk para PERINTIS. KEEP FIGHT !!! PENG PENG PENG !!!!!",2 months ago (edited),0,2,lulus paket c anak orang susah melarat latar didik ortu smp gak makan telur 1 4 umur 14 smp kerja warnet sambi sekolah umur 16 smk semester 1 patah kaki rehat patah kaki 15 umur 18 kerja kuli pegang pacul sambi nge youtube umur 20 kerja bagus proyek surveyor uang investasi bitcoin umur 21 kerja bisnis dropsiper reseller umur 22 resign bisnis bangkrut ambil uang investasi bitcoin umur 23 bisnis vape beli toko allhamdulilah umur 26 bisnis percetkan sewa gedung produksi kantor umur 28 ku 2026 lanjut didik tunda ambil jurus menejemen bisnis s1 bisnis kerja 12 sdm lingkung dekat syukur mecukupi keluarga 2 adik allhamdulilah lulus kuliah zero bener2 minus bayar hutang orang tua cerai smp kelas 1 hidup finansial target fokus ajar bisnis bangun koneksi lanjut akademisi s2 tuntut bentuk tanggung anak contoh adik serah kawan rintis keep fight peng peng peng,0,Bukan PromosiJudi
@alamrayapusat,"Gus Tirta 
Tadinya mau nulis Syekh Tirta, takutnya dibilang sesat.
Terimakasih Gus Tirta, ajaranmu soal realita harus saya telan dengan sukarela. Sekali lagi terimakasih.",2 months ago,1,0,gus tirta nulis syekh tirta takut bilang sesat terimakasih gus tirta ajar realita telan sukarela terimakasih,4,Promosi Judi
@FauzanancolAncol,karna di situ jiwa saya,2 months ago,0,0,karna situ jiwa,4,Promosi Judi
@EriPoncab,Konci sukses itu penting. Tapi orang suka lupa taroh koncinya dimana....,2 months ago,0,0,konci sukses orang suka lupa taroh koncinya mana,4,Promosi Judi
@IkyOcha2005,sangattt fakta daripada yang lain,2 months ago,0,0,sangattt fakta,4,Promosi Judi
@netizenuniverse7041,"Ijin jawab pertanyaan pertama, ini jawaban mungkin bagi orang lain itu ga masuk akal, tapi alasan gw mau jadi pengusaha gw mau setiap jumlah ember yang gw isi air maka segitulah jumlah air dalam ember yang gw ambil.",2 months ago,0,0,ijin orang ga masuk akal alas gw usaha gw ember gw isi air segitulah air ember gw ambil,4,Promosi Judi
@attasaz,@alamrayapusat bro pnggil aja mas Tirta jngn pke Gus soal ny tkut dia g trima,1 month ago,0,0,alamrayapusat bro pnggil aja mas tirta jngn pke gus ny tkut g trima,4,Promosi Judi
@JDL_thelastlord,"Menurut saya kalau tidaknya ada 3 atleast punya sikap dan kepribadian yang bagus. Misalnya orangnya jujur, mungkin faktor luck bisa diandalkan. Mungkin bisa beruntung ada orang yang mau bantu mau mempekerjakan.",2 months ago,0,0,tidak 3 atleast sikap pribadi bagus orang jujur faktor luck andal untung orang bantu kerja,4,Promosi Judi
@Renny_ds,"Gak sesuai dgn pengalaman yg sudah saya dari IPK, dari privilege, intinya semua bisa asal kemauannya lebih besar dari mimpinya, nggak usah berkecil hati, menurut saya yg disampaikan dokter tirta kali ini kurang tepat, tapi itu mgkn beliau sampaikan berdasarkan pengalaman beliau, beda orang beda jalan hidup dan beda pengalaman, saya tetap menghargai pendapatnya",2 months ago,1,0,gak sesuai dgn alam yg ipk privilege inti mau mimpi nggak kecil hati yg dokter tirta kali mgkn beliau dasar alam beliau beda orang beda jalan hidup beda alam harga dapat,1,Bukan PromosiJudi
@ferrydsfn,"ada catatan kecil ttp ada yg gapunya itu semua bisa bisnis tapi kerja keras karena mau apalagi tapi hanya sebagian kecil yg bisa 

jadi yg disebutkan dr Tirta namanya realistis 😄",2 months ago,0,0,catat ttp yg gapunya bisnis kerja keras yg yg dr tirta nama realistis,1,Bukan PromosiJudi
@junaidididi9845,"sekarang ini gak semua orang bisa dapat pekerjaan, faktanya semakin besarnya jumlah pengangguran fresh graduate. Saya pikir walaupun fresh graduate bisa juga langsung menjadi wirausaha, yg penting mempersiapkan diri dengan baik, dan miliki mental yg kuat menjadi pengusaha",2 months ago,0,0,gak orang kerja fakta besar anggur fresh graduate pikir fresh graduate langsung wirausaha yg milik mental yg kuat usaha,1,Bukan PromosiJudi
@sahabatfaiz1922,I have no privilege at all,2 months ago,0,0,i have no privilege at all,4,Promosi Judi
@andipratama4864,"Dok, mungkin luck itu bisa di artikan sebagai opportunity juga 🫡",2 months ago,0,0,dok luck arti opportunity,4,Promosi Judi
@kaizoodelux,"kalau privillage gaada, ipk gaada (ga pernah kuliah tapi pengen) , finansial on proccesed stabil karena lagi kerja udah 1 tahunan, pengen gambling kerja dengan gaji lebih gede di kota besar, bismillah 2027",2 months ago,0,0,privillage gaada ipk gaada ga kuliah ken finansial on proccesed stabil kerja udah 1 tahun ken gambling kerja gaji gede kota bismillah 2027,4,Promosi Judi
@JumitaRahmi03,reallll,2 months ago,0,0,reallll,4,Promosi Judi
@aphelliongaming4579,kok mukanya mirip ipman koh,2 months ago,0,0,muka ipman koh,4,Promosi Judi
@ArdiYanto-xw6tg,"Saya karyawan saya juga menciptakan incom tambahan dari ternak sapi dan usaha jual plastik, saya jujur capek kerja ikut orang karena jenjang karir tidak ada dan ingin membesarkan usaha saya terus Risen",2 months ago,0,0,karyawan cipta incom tambah ternak sapi usaha jual plastik jujur capek kerja orang jenjang karir besar usaha risen,4,Promosi Judi
@penikmatsenja3738,Kata terakhir yang jadi pengingat ketika melihat kawan Menikah,2 months ago,0,1,ingat kawan meni,4,Promosi Judi
@cicikcicik2374,Saya mau jadi pengusaha karena kalo saya punya karyawan saya bisa menerapkan ilmu buat mereka.  Kalo saya mati ilmunya tetap bermanfaat amiin,2 months ago,0,0,usaha kalo karyawan terap ilmu kalo mati ilmu manfaat amiin,4,Promosi Judi
@ereamorespada,iki doktrin fans liverpool,2 months ago,0,0,iki doktrin fans liverpool,4,Promosi Judi
@QoidulGurril-x2k8h,Al hamdulillah gua faham karena setiap ada kata² ilmiah itu ada penjelasanya dan seandainya vidio² yg lain juga begitu kan enak. Biar anak² yg masih belum kuliah kayak aku nih faham😂,2 months ago,0,0,al hamdulillah gua faham ilmiah jasa anda vidio yg enak biar anak yg kuliah kayak nih faham,1,Bukan PromosiJudi
@Slamet-q3x,Betul sekali... Sgt ga mudah,2 months ago,0,0,sgt ga mudah,4,Promosi Judi
@hannazzaaa,"Apa yang dikatakan sama kaka saya justru tertuju realita kepada saya juga ,ya itu sih kurang baca buku ya ,sadar ae sih aku umur 19 thn kurang baca,kurang ilmu baca ya gitu lah😢,terlalu tertampar saya sama dr tirta ini asli",2 months ago,0,0,kaka realita ya sih baca buku ya sadar ae sih umur 19 thn bacakurang ilmu baca ya gitu lahterlalu tampar dr tirta asli,4,Promosi Judi
@HironimusMana,Ingin menjadi orang sukses dalam dunia berbisnis dan menjadi seorang wirusaha bang,2 months ago,0,0,orang sukses dunia bisnis wirusaha bang,4,Promosi Judi
@kejudots,jujur ini ilmu MAHAL BANGET dan perlu menjangkau lebih banyak orang. makasih bgt malaka & dr tirta sudah bahas topik ini sedalam ini.,2 months ago,0,2,jujur ilmu mahal banget jangkau orang makasih bgt malaka dr tirta bahas topik dalam,4,Promosi Judi
@RiskyPratama-mb3dv,Bapak gua petani gimna dong dok,2 months ago,0,0,gua tani gimna dok,4,Promosi Judi
@fajarrulichanel6315,"""coba kalau waktu itu saya bahas bola, mungkin sekarang jadi kochi.""  😂
Tapi emang mirip kochi sih dok",2 months ago,0,0,coba bahas bola kochi emang kochi sih dok,4,Promosi Judi
@attasaz,Iyailah jngan compare hidupmu dg dr Tirta ibarat hari dr Tirta Minggu km ny rabu,1 month ago,0,0,iya jngan compare hidup dg dr tirta dr tirta minggu km ny rabu,4,Promosi Judi
@Nedwin,"Wah tp atos tenan advice e. Y apik sih bos message yg ingin disampaikan. Tp y piye ya... Mending dialusi sitik lah nadane. Tp y mbuh ws, mgkn mmg communication style mu emang ngono. Suwun nasehate btw 🙏",2 months ago,0,0,tp atos tenan advice e y apik sih bos message yg tp y piye ya mending alusi sitik nadane tp y mbuh ws mgkn mmg communication style mu emang ngono suwun nasehate btw,4,Promosi Judi
@choirudinudin1079,Bob Sadino gimana bos...,2 months ago,0,0,bob sadino gimana bos,4,Promosi Judi
@rezekey,"ada nya keuangan yang membuat diri menjadi keberhasila dan sya membuat keuangan menumpuk dan terus berputar
saya dan lingkungan saya bermanfaat dan hidup",2 months ago,0,0,nya uang keberhasila sya uang tumpuk putar lingkung manfaat hidup,4,Promosi Judi
@iwangbwi,salah kah dok di umur 17 mau start clothung brand,2 months ago,0,0,salah kah dok umur 17 start clothung brand,4,Promosi Judi
@avelariska,makasih dr tirta...,2 months ago,0,0,makasih dr tirta,4,Promosi Judi
@NurhayatiNawawi-jy3my,"Aku nikah dibiayain ortu 
Ak hanya modal mahar Tok
Ak bersyukur nikah sebelum kuliah S2 ku selesai
 karena jika tidak ibuku gk akan liat anak ku sama sekali.
Ak skrng jualan ikan sambil kuliah S2 ngerjain Tesis RnD
Ak juga guru honorer jgn tanya pendptnku brp perbulan tapi aku bersyukur dan terus berusaha mencari uang dan berkembang
Ak hrus menerima nasib menjadi anak bungsu dari generasi Baby Boomeer❤
Semangat 🎉🎉🎉selama kmu bertaqwa kepada Allah, Pasti Allah akan memberikan solusi❤",2 months ago (edited),0,0,nikah dibiayain ortu ak modal mahar tok ak syukur nikah kuliah s2 ku selesai ibu gk liat anak ku ak skrng jual ikan kuliah s2 ngerjain tesis rnd ak guru honorer jgn pendptnku brp bulan syukur usaha cari uang kembang ak hrus terima nasib anak bungsu generasi baby boomeer semangat kmu bertaqwa allah allah solusi,4,Promosi Judi
@suwardi3248,"Kadang mosifator kadang² seperti dukun togel, 
Bisa prediksi nomor yg akan keluar,  tapi dirinya gidak pernah tembus dapat togel.",2 months ago,0,0,kadang mosifator kadang dukun togel prediksi nomor yg gidak tembus togel,4,Promosi Judi
@ardyrivaldy,terbaik,2 months ago,0,0,baik,4,Promosi Judi
@HIJAULAUT30M,"ini Statment terkampret yg pernah saya denger,  saya berasal dari keluarga ekonomi yg sangat buruk, saking buruknya mau makan minun aja susah, apa lagi saya berasal dari ortu petani yg bisa di bilang miskin, alhasil sbg anak harus bekerja keras untuk memperbaiki status ekonomi, di mulai dari bersunguh2 sekolah kuliah, sempat minder karna kuliah sambil kerja,  sekarang berjalan -+15 tahun Alhamdulillah berkat kerja keras dan kegigihan serta tujuan yg terencana, memperbaiki ekonomi dan perlahan berusaha terlepas dari rantai kemiskinan, dgn cara bekerja sambil berbisnis, sekarang, saya di pecat dari kerja juga siap 😅😅😅😅😅.... dan lucunya saya malah menekuni dan menikmati usaha yg dulu pernah gagal di jalankan oran tua 😅😅😅😅",2 months ago,0,0,statment kampret yg denger asal keluarga ekonomi yg buruk saking buruk makan minun aja susah asal ortu tani yg bilang miskin alhasil sbg anak keras baik status ekonomi bersunguh2 sekolah kuliah minder karna kuliah kerja jalan 15 alhamdulillah berkat kerja keras gigih tuju yg rencana baik ekonomi perlahan usaha lepas rantai miskin dgn bisnis pecat kerja lucu tekun nikmat usaha yg gagal jalan oran tua,1,Bukan PromosiJudi
@dinarcandy6595,👀,2 months ago,0,0,,4,Promosi Judi
@susisusanti-gn2ld,"Aku tidak kuliah hanya lulusan smk, bapakku petani dan sekarang sudah tidak bekerja karena udah sepuh (tua), aku dulu setelah lulus smk kerja ikut orang selama 4 tahun, jadi aku hanya punya ketrampilan menjahit ... Pada tahun 2017, aku memutuskan buka usaha menjahit sendiri di rumah hingga saat ini dan sekarangpun masih berjuang untuk memutus rantai kemiskinan 😢",2 months ago (edited),0,0,kuliah lulus smk bapak tani udah sepuh tua lulus smk kerja orang 4 ketrampilan jahit 2017 putus buka usaha jahit rumah sekarang juang putus rantai miskin,4,Promosi Judi
@ghazaal8847,makasih dok,2 months ago,0,0,makasih dok,4,Promosi Judi
@FajarudinNew,Penging jadi pengusaha agar bisa membantu orang yang butuh pekerjaan dan bisa berkembang skill daripada bekerja di pabrik yang sekarang,2 months ago,1,1,penging usaha bantu orang butuh kerja kembang skill pabrik,4,Promosi Judi
@lensamandalika2178,"Lebih suka nontonin dokter ini, jamak-jamak apa adanya. Mimpi-mimpi setrooke.. ngakakakkkk",2 months ago,0,0,suka nontonin dokter jamakjamak mimpimimpi setrooke ngakakakkkk,4,Promosi Judi
@muhamadaldai674,IP man sekarang jadi dosen,2 months ago,0,0,ip man dosen,4,Promosi Judi
@jujunngajetngajet1890,"Awal keluar sma Aku langsung  kerja pabrik,terus tiap gajihan aku kumpulin uangnya supaya bisa usaha sendiri,setelah uangnya terkumpul sekitar 10jt aku pecah lagi uangnya,buat modal bisnis d rumah dan membangun bisnis dengan orang lain,yg satu sudah berjalan ,tapi yg di garap di rumah belum berjalan,soalnya kerja sambil usaha itu behh pusig mas apalagi aku umur 24th sampe di katain orang gila,,anak orang umur segitu lagi asik asiknya mas,jadi bagusnya gimana,pokus usaha apa,kerja sambil usaha",2 months ago (edited),0,0,sma langsung kerja pabrikterus gajih kumpulin uang usaha sendirisetelah uang kumpul 10jt pecah uangnyabuat modal bisnis d rumah bangun bisnis orang lainyg jalan yg garap rumah berjalansoalnya kerja usaha behh pusig mas umur 24th sampe katain orang gilaanak orang umur segitu asik asiknya masjadi bagus gimanapokus usaha apakerja usaha,0,Bukan PromosiJudi
@Annoermediaindonesia,Ceo asal di pajang di instagram ekwkkwkwkwkwkkwkw kena banggg,2 months ago,0,0,ceo pajang instagram ekwkkwkwkwkwkkwkw kena banggg,4,Promosi Judi
@kuskusnanto6103,"Terimakasih atas pencerahannya, Dr. Tirta. Sangat logis dan realitas yang harus kita jalani. Sehat selalu dan tetap semangat.",2 months ago,0,0,terimakasih cerah dr tirta logis realitas jalan sehat semangat,4,Promosi Judi
@muhammadramdhani1804,saya cape ikut orang trs,2 months ago,0,0,cape orang trs,4,Promosi Judi
@flynfr,"25:10 ""mungkin saya menjadi koci""",2 months ago,0,0,2510 koci,4,Promosi Judi
@withlowee, @FajarudinNew  semoga tercapai mas. Saya doakan.,2 months ago,0,0,fajarudinnew moga capai mas doa,4,Promosi Judi
@GofarTalks,Saya juga demotivasi dok😂,2 months ago,0,0,demotivasi dok,4,Promosi Judi
@adultboring,emosian mulu bjir,2 months ago,0,0,emosi mulu bjir,4,Promosi Judi
@alran2464,"IPK ga ada (ga kuliah gada duit)
Privilege ga ada
Tabungan ga ada

Mampus gw....

tapi at least sekarang gw dah ""professional"" di bidang gw. abis lulus SMK langsung kerja.
cilakanya gw sandwich gen wkwkwkwk. gaji tiap bulan ludes trosssss. meski tiap hari masak sendiri & frugal living.

umur dah sentuh 26, udah nelen takdir klo emang ga ada kesempatan buat married.
I'll survive",2 months ago,0,0,ipk ga ga kuliah gada duit privilege ga tabung ga mampus gw at least gw dah professional bidang gw abis lulus smk langsung kerja cilakanya gw sandwich gen wkwkwkwk gaji ludes trosssss masak frugal living umur dah sentuh 26 udah nelen takdir klo emang ga sempat married ill survive,0,Bukan PromosiJudi
@ayuSekarsari355,"Motivator jujur yang saya dengar di dunia ini , ❤ dr tirta",2 months ago,0,1,motivator jujur dengar dunia dr tirta,4,Promosi Judi
@Doniwww,"semakin muda anda berbisnis semakin banyak pengalaman kegagalan yang kita rasakan, dan itu adalah pelajaran yang tidak didaptkan selain turun langsung berbisnis",2 months ago,0,0,muda bisnis alam gagal rasa ajar didaptkan turun langsung bisnis,4,Promosi Judi
@undatobacco1982,kenapa anda berbisnis kalau  saYa.. rata orang di kampung jualan pecel lele jadi ikut😂,2 months ago,0,0,bisnis orang kampung jual pecel lele,4,Promosi Judi
@randomourjourney,Stabil uang di hari tua,2 months ago,0,0,stabil uang tua,4,Promosi Judi
@w.wan7x,"kalo ngomongin beban negara, kan negara juga bebanin rakyat, korupsi dimana-mana, pajak tinggi, piye dok?",2 months ago,0,0,kalo ngomongin beban negara negara bebanin rakyat korupsi dimanamana pajak piye dok,4,Promosi Judi
@vlog.pengangguran007,Saya mau berbisnis karena saya ingin banyak berinvestasi,2 months ago,0,0,bisnis investasi,4,Promosi Judi
@wildanpebriyana9321,"Terima kasih atas ilmunya. Memang sebelum memulai bisnis bukan hal yang mudah. Tapi bukan berarti tidak bisa. Hanya masalah waktu saja dan mulainya darimana. Tolong revisi kalau ada yang salah. Ngomong ngomong saya lulusan smk, saat ini bekerja baru beberapa tahun setelah nganggur beberapa kali",2 months ago,0,0,terima kasih ilmu bisnis mudah mulai darimana tolong revisi salah ngomong ngomong lulus smk nganggur kali,4,Promosi Judi
@ispans2,4:00 ya saya pengen kaya raya saya ingin memainkan money game dengan yang lebih sulit tetapi juga lebih banyak mendapat untung ya saya pengen kayaaaaaaa,2 months ago,0,0,400 ya ken kaya raya main money game sulit untung ya ken kayaaaaaaa,4,Promosi Judi
@mallik001gaming5,"Aku gen z dari bisnis aku punya 2 rumah, 1 mobil, 3 motor, dari hasil bisnis. Bisnis itu susah mendi jdi anggota DP&Rr aj bro krja kaga gaji gede",2 months ago,0,0,gen z bisnis 2 rumah 1 mobil 3 motor hasil bisnis bisnis susah mendi jdi anggota dprr aj bro krja kaga gaji gede,4,Promosi Judi
@jekirahmat3936,"dok, semisal privillage networking dan keuangan bisa dibilang baik... tapi ora sekolah pie dok?😅😅🙏",2 months ago,0,0,dok privillage networking uang bilang ora sekolah pie dok,4,Promosi Judi
@AbdulLatifistiqomah25,Saya tidak punya privilege,2 months ago,0,0,privilege,4,Promosi Judi
@kneight0154,". makasih dok, makasih..",2 months ago,0,0,makasih dok makasih,4,Promosi Judi
@mrizalfadillah-fu9kl,"Saya ingin jadi pengusaha 
1. Ingin banyak duit
2. Ingin banyak duit
3. Ingin banyak duit 
😂😂",2 months ago,0,0,usaha 1 duit 2 duit 3 duit,4,Promosi Judi
@DediRamdhani-uj8qd,"Kenapa saya denger ini di usia sudah lintas 35 Tuhannnn... Buat anak muda, wajib tonton ini...",2 months ago,0,0,denger usia lintas 35 tuhannnn anak muda wajib tonton,4,Promosi Judi
@dyanaulfach2858,"POIN PENTING: Semakin tinggi finansialmu, kamu memiliki alternatif pilihan yang banyak. Punya properti di area premium misalnyaa. Hidup slow living tapi duit mengalir terus~",2 months ago,0,0,poin finansial milik alternatif pilih properti area premium misalnyaa hidup slow living duit alir,4,Promosi Judi
@dinimaryani5427,di balik konten promosi (odoo promote maybe) .. tapi bener loh kalau kita strugle sama DATA yang ada kita gabisa 5 langkag le depan karna yaaaa kita bergelut sama si data trouble td. dengan adanya sistem data itu bener2 helpfull bgt,2 months ago,0,0,konten promosi odoo promote maybe bener loh strugle data gabisa 5 langkag le karna yaaaa gelut si data trouble td sistem data bener2 helpfull bgt,4,Promosi Judi
@novaliaantina3773,Pengen jadi orang yg mandiri secara finansial.. jika pengen apa2 tidak minta ke siapapun.,2 months ago,0,0,ken orang yg mandiri finansial ken apa2,4,Promosi Judi
@muhammadFauzan-n8u4y,Saya anak disabilitas tuna granita ringan saya kesulitan bersaing sama anak anak umum tolong berikan pencerahan nya dong,2 months ago,0,0,anak disabilitas tuna granita ringan sulit saing anak anak tolong cerah nya,4,Promosi Judi
@PUTRA-VILEM,"ayam aja tiap hari bangun pagi .asih jadi ayam.
27:39",2 months ago,0,0,ayam aja bangun pagi asih ayam 2739,4,Promosi Judi
@impresiadindaputri4569,HAHAHAHAHAH PENGG PENGGG,2 months ago,0,0,hahahahahah pengg penggg,4,Promosi Judi
@alfannrr,terimakasih,2 months ago,0,0,terimakasih,4,Promosi Judi
@andirajapulsa7129,"Bukan lucky, tp momentum",2 months ago,0,0,lucky tp momentum,4,Promosi Judi
@andirajapulsa7129,Menikah membawa rezki kt menjd bertanggung jawab,2 months ago,0,0,meni bawa rezki kt menjd tanggung,4,Promosi Judi
@imassuryati8471,Betul banget tergantung kita mau sukses atau gak nya tergantung strategi nya kalau mau kaya mudah jual diri saja maksud nya jual otak kemampuan byk tuh yg kaya dadakan tidak perlu pintar asal pintar ngomong seperti rafi ahmad itu kaya tapi belum termasuk sukses nah Elon mask sukses dulu jadi broker bisa kaya mengunakan koneksi bisa kaya 😂😂😂😂 kalau mengetahui dasar nya bisnis usaha di tunjang pendidikan dgn pengalaman di gabungkan itu juga belum tentu sukses juga jadi kaya itu faktor kebentungan saja salah satu nya tahu cara kelola kebutuhan pilihan saja karena yg jelas yg lulusan SD bisa kaya raya yg inti nya inti nya bisa tahu prioritas dan bkn prioritas saja dan bisa mengendalikan saja keinginan saja dan prioritas yg butuh saja 😂😂😂😂😂,2 months ago,0,0,banget gantung sukses gak nya gantung strategi nya kaya mudah jual maksud nya jual otak mampu byk tuh yg kaya dada pintar pintar ngomong rafi ahmad kaya sukses elon mask sukses broker kaya mengunakan koneksi kaya dasar nya bisnis usaha tunjang didik dgn alam gabung sukses kaya faktor kebentungan salah nya kelola butuh pilih yg yg lulus sd kaya raya yg inti nya inti nya prioritas bkn prioritas kendali prioritas yg butuh,1,Bukan PromosiJudi
@123chrtopher,"Wah nonton tiktok goyang dan kucing sampe jam 1 , pengalaman ya dok? Wkwk ANW, good content 🔥🔥🔥",2 months ago (edited),0,0,nonton tiktok goyang kucing sampe jam 1 alam ya dok wkwk anw good content,4,Promosi Judi
@Sunarto.jadul2025,Jadi juragan mete agar bisa membantu bayak orang. salam bakul @metecumbri,2 months ago,0,0,juragan mete bantu bayak orang salam bakul metecumbri,4,Promosi Judi
@LoveTea-te6wx,Jangan percaya sma influencer yg modal 1000 jd 10M. Apalagi trader2 g jelas modal 1$ jd 1mil$,2 months ago,0,0,percaya sma influencer yg modal 1000 jd 10m trader2 g modal 1 jd 1mil,4,Promosi Judi
@TsabitR,"Waduh, IPK 3,1 disebut IPK nanggung",2 months ago,0,1,ipk 31 ipk nanggung,4,Promosi Judi
@debbiesianturi2505,"MEmang kalau baru lulus, sebaiknya kerja dulu dapatkan pengalaman dan memupuk karakter yang baik. Tapi setelah memperoleh pengalaman seperti 10 tahun, sudah sewajarnya menjalankan bisnis.",2 months ago,0,0,lulus kerja dapat alam pupuk karakter oleh alam 10 wajar jalan bisnis,4,Promosi Judi
@yoan1771,"ingin usaha agar ketika tua tidak perlu bekerja lagi,intinya punya aset aja dulu dimasa muda",2 months ago,0,0,usaha tua lagiintinya aset aja masa muda,4,Promosi Judi
@doxcinema_,Otw: 100 tahun depan,2 months ago,0,0,otw 100,4,Promosi Judi
@ANAKMUDAMELENIAL,"karbah bishnihs adalah pehnihpuahn😅😅😅😅 seperti sihlamh lampauh lamaah, dg menngunakan conto kcilnyah saya sbgai pehmbeli, atau bisa ju ga pergi hji dll nyah ,,,😮😮😮😮 gak ada ruangh kesehmpatanh untungh tuk mudi2 😘👌🏻",2 months ago,0,0,karbah bishnihs pehnihpuahn sihlamh lampauh lamaah dg menngunakan conto kcilnyah sbgai pehmbeli ju ga pergi hji dll nyah gak ruangh kesehmpatanh untungh tuk mudi2,4,Promosi Judi
@thebackbone212,Brooo @DrTirta bisnis ama dagang sama gak?,2 months ago,0,0,brooo drtirta bisnis ama dagang gak,4,Promosi Judi
@maayalicious,"""Mati itu sekali. Idup itu tiap hari."" mak jleb dok",2 months ago,0,0,mati idup mak jleb dok,4,Promosi Judi
@elsadesriani4830,"keluarga ku cmn petani, nekat kuliah smbil freelance dan mau part time doain keterima ☹️",3 months ago,0,0,keluarga ku cmn tani nekat kuliah smbil freelance part time doain terima,4,Promosi Judi
@cafein1242,Saya subscribe MALAKA karna dr tirta 😂,3 months ago,0,0,subscribe malaka karna dr tirta,4,Promosi Judi
@adhiseaman1099,"""Menyelamatkan diri sendiri aja belum bisa, kok sok mau menyelamatkan orang lain"". 🥶",3 months ago,0,0,selamat aja sok selamat orang,4,Promosi Judi
@alangwiyuda4998,"Terkesan kasar apa yg disampaikan,tapi ini sangat realistis",3 months ago,0,0,kes kasar yg disampaikantapi realistis,4,Promosi Judi
@Duniaproyekk,"😂 klo 3 nya ga ada semua , ke kamboja aja",3 months ago,0,1,klo 3 nya ga kamboja aja,4,Promosi Judi
@Duniaproyekk,Kenapa liverpool bang messi,3 months ago,0,0,liverpool bang messi,4,Promosi Judi
@RizkyMaulana-p9h,"gak mood soalnya ada kata ""liverpool""",3 months ago,0,0,gak mood liverpool,4,Promosi Judi
@AdamDaliooo,"bisnis memang ga mudah, tapi mungkin karena itu tidak mudah itu akan jadi tantangan tersendiri bagi tiap individu yang suka tantangan wkwk",3 months ago,0,0,bisnis ga mudah mudah tantang sendiri individu suka tantang wkwk,4,Promosi Judi
@LaisWardhana,"Terimakasih dok, kuliah anda ini membangunkan kesadaran realistis saya. Saya seorang pemimpi karena. Hanya dibiayai sekolah sampai SMP sama ortu. Lulus SMP merantau akhirnya bebrapa tahun kemudian bisa bayar sekolah paket C dan bisa buka usaha fotocopy dan print krena pernah ikut orang 7th. Usia matang belum ketemu jodoh akhirnya tabungan saya buat kuliah S1. Sekarang sudah S1 jodoh belum datang. Mungkin karena saya terlalu pemimpi. Makasih dok ❤",3 months ago,0,0,terimakasih dok kuliah bangun sadar realistis mimpi biaya sekolah smp ortu lulus smp rantau bebrapa bayar sekolah paket c buka usaha fotocopy print krena orang 7th usia matang ketemu jodoh tabung kuliah s1 s1 jodoh mimpi makasih dok,4,Promosi Judi
@lanangsejagad7356,"buat bertahan hidup,",3 months ago,0,0,tahan hidup,4,Promosi Judi
@Roadzarch1.5E,""" Tabungan ga ada
Privilege ga ada
Ipk ancur
Mesti hobine push rank! 
Wes jelas""

Dr tirta",3 months ago,0,0,tabung ga privilege ga ipk ancur mesti hobine push rank wes dr tirta,4,Promosi Judi
@ainunqolbi439,DOKTER TIRTA❤❤❤,3 months ago,0,0,dokter tirta,4,Promosi Judi
@NamasteCoffee,20:45 lucu wkwkwkwkwk,3 months ago,0,0,2045 lucu wkwkwkwkwk,4,Promosi Judi
@piyanmaulana412,"Betul bang. Saya dari kluarga terbilang miskin. Smua orang dirumah harus nyari uang biar bisa bertahan hidup. Saya sendiri jadi kuli bikin spatu dari SD kelas 5 - SMK kelas 11. Skolah cuma sampe SMK, tapi Alhamdulillah usia Masi 17thn (2017) kerja jadi kuli IT dg gaji awal 2jt. Sampe skarang udah 9 tahun Masi di profesi yg sama tapi dg kondisi kerja 3 perusahaan dan bisa wfh smua. Apa yg saya capai hari ini adalah target yg sudah saya bidik sejak awal masuk SMK.",3 months ago,0,0,bang kluarga bilang miskin smua orang rumah nyari uang biar tahan hidup kuli bikin spatu sd kelas 5 smk kelas 11 skolah sampe smk alhamdulillah usia mas 17thn 2017 kerja kuli it dg gaji 2jt sampe skarang udah 9 mas profesi yg dg kondisi kerja 3 usaha wfh smua yg capai target yg bidik masuk smk,1,Bukan PromosiJudi
@HafidFaizun,"siap ,, pk steven chow,, full ngakak...wkwkw",3 months ago (edited),0,0,pk steven chow full ngakakwkwkw,4,Promosi Judi
@buddsetiawan7330,"Iya lg doc.., ga ada menyerang hidup*, ada nya *bertahan hidup",3 months ago,0,0,iya lg doc ga serang hidup nya tahan hidup,4,Promosi Judi
@yunitaaxy,Keren podcastnya👏🏻,3 months ago,0,0,keren podcastnya,4,Promosi Judi
@sapipegon,"mentor e dokter tirta, chatgbt ta? izin.. hehe",3 months ago,0,0,mentor e dokter tirta chatgbt ta izin hehe,4,Promosi Judi
@asepmaulana1622,8:42 subtitle nya malah jawa juga bos,3 months ago,0,0,842 subtitle nya jawa bos,4,Promosi Judi
@MrTopengLego,"dok, buka sekolah di lombok yuk
bangun sdm sm saya",3 months ago,0,1,dok buka sekolah lombok yuk bangun sdm sm,4,Promosi Judi
@muhammadajikurniawan1726,"buka usaha aja dulu nanti kamu gagal, setelah gagal kamu akan menganalisa kesalahan kesalahan apa yang membuat gagal, maka akan ada titik balik setelah kamu membuka kembali usaha mu,karena pengalaman adalah guru terbaik broo",3 months ago,0,0,buka usaha aja gagal gagal menganalisa salah salah gagal titik buka usaha mukarena alam guru baik broo,4,Promosi Judi
@isaacivanov293,"menit 26 itu intinya
siapapun kita endingnya bakal mati... barang yang kita beli susah payah akan dinikmati orang lain",3 months ago,0,0,menit 26 inti endingnya mati barang beli susah payah nikmat orang,4,Promosi Judi
@IgnatiusYoga,"Sukses itu simple kok. Kondisi ketika tujuanmu tercapai. Udah. Kalau tujuanmu pergi ke mall, maka ketika kakimu menginjak lantai mall, ya itu SUKSES. Ngono lho mas Tirta. mendeskripsikan sukses we kok belibet lho...  😅",3 months ago,0,0,sukses simple kondisi tuju capai udah tuju pergi mall kaki injak lantai mall ya sukses ngono lho mas tirta deskripsi sukses we belibet lho,4,Promosi Judi
@Aiscu,"Daging bgt, ini vid dr tirta yg paling superior🔥",3 months ago,0,0,daging bgt vid dr tirta yg superior,4,Promosi Judi
@gamperiode25,"Saya tidak lahir dengan privilege.

Lulus SMA tahun 2007, saya sempat kuliah… tapi harus berhenti di semester 4 karena kondisi ekonomi. Lalu saya kerja di perusahaan swasta sebagai sales selama 5 tahun. Saya pikir hidup mulai membaik.

Tapi ternyata belum.

Saya resign, diminta kuliah lagi di Bandung. Saya coba lagi… dan gagal lagi di semester 4. Kali ini bukan karena ekonomi, tapi karena saya sadar itu bukan jalan yang saya minati.

Akhirnya sejak 2018 sampai sekarang, saya bekerja sebagai ojol.

Hari ini, saya tidak punya tabungan.
Saya merasa belum punya skill yang “wah”.
Umur juga sudah tidak muda lagi, dan saya belum menikah.

Jangankan bicara financial stability, untuk bertahan hidup saja kadang masih terasa berat.

Tapi saya tidak mau berhenti di situ.

Pelan-pelan, saya mulai bikin konten tentang perjalanan saya sebagai ojol. Dikit-dikit, belajar lagi. Dulu saya pernah coba jadi konten gamer di 2018, jadi sekarang masih bisa editing video pakai HP.

Sekarang, saya punya dua “jalan”:
ojol dan konten kreator.

Mungkin belum besar. Mungkin masih kecil. Tapi saya jalan terus.

Karena saya percaya:
tidak ada kata terlambat untuk berusaha, selama jalannya halal.

Umur bukan alasan untuk menyerah.
Selama masih hidup, berarti masih ada kesempatan.",3 months ago,0,0,lahir privilege lulus sma 2007 kuliah henti semester 4 kondisi ekonomi kerja usaha swasta sales 5 pikir hidup baik resign kuliah bandung coba gagal semester 4 kali ekonomi sadar jalan minat 2018 ojol tabung skill umur muda meni bicara financial stability tahan hidup kadang berat henti situ pelanpelan bikin konten jalan ojol dikitdikit ajar coba konten gamer 2018 editing video pakai hp jalan ojol konten kreator jalan percaya lambat usaha jalan halal umur alas serah hidup sempat,1,Bukan PromosiJudi
@hagihayusiwi6527,"jadi pengusaha karena saya malas, tidk ad yg mau hire saya jadi sy gak laku di pasar kerja",3 months ago,0,0,usaha malas tidk ad yg hire sy gak laku pasar kerja,4,Promosi Judi
@bagusajiputro,nganggur berarti kaya dong,3 months ago,0,0,nganggur kaya,4,Promosi Judi
@ngacaprak1790,Saya mah mau punya usaha UMKM yang karena udah kelelahan mental jadi budak korporat income gak jauh dari UMR yg penting punya kendali atas diri sendiri,3 months ago,0,0,mah usaha umkm udah lelah mental budak korporat income gak umr yg kendali,4,Promosi Judi
@wisnoepu,Hobi push rank😅😢,3 months ago,0,0,hobi push rank,4,Promosi Judi
@pukkyyyyyy,Sumpah ni orang kalo di belah setengahnya Liverpool  deh,3 months ago,0,0,sumpah ni orang kalo belah tengah liverpool deh,4,Promosi Judi
@WimsKurn,apakah kalau tidak kuliah / tidak sekolah g ada kemungkinan buat bisa sukses ?,3 months ago,0,0,kuliah sekolah g sukses,4,Promosi Judi
@Tomagola-q4t,"""Jangan buru-buru nikah kalau tidak punya uang, kamu akan menciptakan kemiskinan yang lain""

Gua akan nikah, tetap akan nikah, tapi gua gak akan ngulangin kebodohan keluarga gua, yaitu nikah tanpa persiapan apapun. Yang ada malah nyusahin beban hidup ke orang lain, LU yang nikah dan jalani, GAK USAH BAGI TANGGUNG JAWAB UNTUK DI URUSI ORANG LAIN

Dr. Tirta terlalu halus bahasanya, kalau gua prinsipnya ""KALAU MASIH MISKIN, GAK USAH NIKAH BURU-BURU. REALISTIS""",3 months ago,0,0,buruburu nikah uang cipta miskin gua nikah nikah gua gak ngulangin bodoh keluarga gua nikah siap apa nyusahin beban hidup orang lu nikah jalan gak tanggung urus orang dr tirta halus bahasa gua prinsip miskin gak nikah buruburu realistis,4,Promosi Judi
@QuantumReset-z4u,teori doang ini,3 months ago,0,0,teori doang,4,Promosi Judi
@r_zhaskker,Nyengir gua nonton ini 😭,3 months ago,0,0,nyengir gua nonton,4,Promosi Judi
@thomasbobbyrohi729,Sudah nyimak dari awal sampai akhir malah lawak soal Liverpool,3 months ago,0,0,nyimak lawak liverpool,4,Promosi Judi
@ceritagazala8264,"Kuliah 2007 - Kerja Part Time 2009 - Mulai Bisnis 2010 - Wisuda 2011 - Bisnis sambil kerja 2012 - resign kerja milih fokus bisnis 2014 - sampai sekarang. IPK 3,67. Lulusan sarjana hukum milih bisnis percetakan ^_^ Privilage: Bapak PNS biasa Tata usaha di sekolahan (pensiuan ketiak saya wisuda), Mamak IRT. So, betul semua yang disamapaikan dr. Tirta",3 months ago,0,0,kuliah 2007 kerja part time 2009 bisnis 2010 wisuda 2011 bisnis kerja 2012 resign kerja milih fokus bisnis 2014 ipk 367 lulus sarjana hukum milih bisnis cetak privilage pns tata usaha sekolah pensiuan ketiak wisuda mamak irt so disamapaikan dr tirta,0,Bukan PromosiJudi
@ahmadjaelani743-w5e,"Ternyata membuka usaha tidak semudah dan semulus itu gengs.
Sudah jalan seminggu usaha aku belum ada pencerahan",3 months ago,0,0,buka usaha mudah mulus gengs jalan minggu usaha cerah,4,Promosi Judi
@eraglobalization989,"Ndak punya privilge, modal ndak punya, datang badan merantau dr kalimntan... ngelamar Ndak pnya pengalaman, relasi juga Ndak ada... 
betul tahapannya mau babak-belur dulu kerja ikut orang, bangun prsonality, bangun mindset financial literasi, dll..  
proses kena marah orang, dapat delegasi, kerja Ndak itungan repetisi dan waktu
lama2 KLO mau jdi solusi dan impact utk orang lain, pasti jdi pngusaha lah... 
bnyak jalannya klo keinginan usaha kuat, Ndak punya modal, minimal punya keberanian, nekat dikit dan tekun.. 
proses kerja ikut orang meskipun pahit, tidak akan sia2",3 months ago (edited),0,0,ndak privilge modal ndak badan rantau dr kalimntan ngelamar ndak pnya alam relasi ndak tahap babakbelur kerja orang bangun prsonality bangun mindset financial literasi dll proses kena marah orang delegasi kerja ndak itungan repetisi lama2 klo jdi solusi impact utk orang jdi pngusaha bnyak jalan klo usaha kuat ndak modal minimal berani nekat dikit tekun proses kerja orang pahit sia2,0,Bukan PromosiJudi
@muhammadfitrah2774,"""Uang hanya memperbanyak pilihanmu""
Thats it, psychlogy of money",3 months ago,0,24,uang banyak pilih thats it psychlogy of money,4,Promosi Judi
@GhaniGG95,"1. Liat dulu seberapa besar tabungan anda
2. seberapa besar privilege anda
3. IPK nya bagus

Ketika tiga hal itu ada di dalam diri anda, saat nyoba usaha kemungkinan gagal nya sangat kecil 🎉🎉",3 months ago,0,0,1 liat tabung 2 privilege 3 ipk nya bagus nyoba usaha gagal nya,4,Promosi Judi
@ariflagan2143,"Miskin banget Finlandia dan Swiss, dalam setahun rakyatnya Kerja bakti selama 6 bulan karena pajak 50%, cuman dapet fasilitas kesehatan, pendidikan gratis.. Jauh bnget dngan negara2 Sultan macam Saudi dan Dubai, dimana Pajak 0% , tapi kesehatan, pendidikan, jalan Tol dll semuanya Gratis 😁",3 months ago,0,0,miskin banget finlandia swiss tahun rakyat kerja bakti 6 pajak 50 cuman dapet fasilitas sehat didik gratis bnget dngan negara2 sultan saudi dubai mana pajak 0 sehat didik jalan tol dll gratis,4,Promosi Judi
@muhammadNoorHadi-jf8bt,Membatu kebutuhan orng dengan marjin mungkin 5%paling sedikit,3 months ago,0,0,batu butuh orng marjin 5paling,4,Promosi Judi
@ridhomuzaqi,18:09 awwkwkwkw,3 months ago,0,0,1809 awwkwkwkw,4,Promosi Judi
@AndiTrisna-bp6bz,gua udah jatuh bangun 4x ngak mudah usaha dikonoha banyak halangannya,3 months ago,0,0,gua udah jatuh bangun 4x ngak mudah usaha dikonoha halang,4,Promosi Judi
@siusbali-u1l,"saya lulusan SMA dengan nilai rata-rata 85
Tabungan bisa dibilang diatas 10 jtan 
pengalaman kerja 6 bulan
apakah ada kemungkinan saya bisa menekan resiko setinggi mungkin?",3 months ago,0,0,lulus sma nilai ratarata 85 tabung bilang atas 10 jtan alam kerja 6 tekan resiko,4,Promosi Judi
@PejabatKoruptor777,"Binis yg di perluin adalah pengalaman dari yg paling bawah sampai ke atas,that’s simple.🤣",3 months ago,0,0,bin yg perluin alam yg atasthats simple,1,Bukan PromosiJudi
@xyyfah5612,"Tabungan saya 3 juta mas, semester 6,apa yg harus dilakukan",3 months ago,0,0,tabung 3 juta mas semester 6apa yg,4,Promosi Judi
@GoodLuck77770,"Aku bakul mas tak posting"" terus dagangan q😂",3 months ago,0,0,bakul mas posting dagang q,4,Promosi Judi
@noxzygaming1208,kelass Pak Dok. Lanjutinn ...,3 months ago,0,0,kelass dok lanjutinn,4,Promosi Judi
@OnamazuKuuran,Pas Tirta ngomong Ya nya dua tuh gw. IPK gede dan Connection ada dari bapak. Cuman secara uang gw kurang. Gw masih prefer kerja dulu buat full cari pengalaman,3 months ago,0,0,pas tirta ngomong ya nya tuh gw ipk gede connection cuman uang gw gw prefer kerja full cari alam,4,Promosi Judi
@agitofox8217,"13:13 aku ada dikondisi ini, tapi lulusan SMK.. kerja kantoran dengan gaji dibawah UMR di kota yg UMR-nya terendah di Indonesia.. udah dari 2020 bekerja ditempat yg sama, 5 tahun mendapat kenaikan gajipun itu hanya mendekati batas minimal dan tidak melewati nya sama sekali... mau resign tidak yakin akan mendapatkan perkerjaan pengganti, mengingat banyak temen-temen seangkatanku juga kesulitan untuk mendapatkan pekerjaan.. jadi aku memilih untuk bertahan daripada keluar dan malah tidak mendapat apa-apa...",3 months ago (edited),0,3,1313 kondisi lulus smk kerja kantor gaji bawah umr kota yg umrnya rendah indonesia udah 2020 tempat yg 5 naik gaji dekat batas minimal lewat nya resign kerja ganti tementemen angkat sulit kerja pilih tahan apaapa,1,Bukan PromosiJudi
@Anas-h8y9y,Pentingnya Dana Darurat...Tiap Hari Darurat Dok...😂...Habis Tabungan...,3 months ago,0,0,dana darurattiap darurat dokhabis tabung,4,Promosi Judi
@pandiorbenget8392,I see IPMAN still teaching to this day,3 months ago,0,0,i see ipman still teaching to this day,4,Promosi Judi
@AdeSomad-tx9vj,masi smp dan bisa manage uang😎,3 months ago,0,0,mas smp manage uang,4,Promosi Judi
@diondraa03,Kalo tidak semua gmna dok? TAKDIRR!!!,3 months ago,0,0,kalo gmna dok takdirr,4,Promosi Judi
@Potato_Fun-i4c,"Urip ku mines plus plus plus plus Dok,
Paham rak + ku -----
Soal kalah aku menang 😂😂😂

Gk cuma dri bawah, dari dalam tanah.

Orak males, mlah kerjo ku seng overwektu. Umur 35 bru selesai utang,

lagi arep miker gawe omh.

Curhat😂😂😂😂",3 months ago,0,0,urip ku mes plus plus plus plus dok paham rak ku kalah menang gk dri tanah orak males mlah kerjo ku seng overwektu umur 35 bru selesai utang arep miker gawe omh curhat,4,Promosi Judi
@si_gatot_pasaribu,"Ilmu yg mantap dokter Tirta🔥🔥

1.yg kuat bertahan itu yg paling penting 👍👍👍👍
2.keberhasilan itu tergantung ""luck""👍👍👍👍
3.jgn berhutang untuk berbisnis,atau memperbesar bisini KLO bisnis belom mampu bayar hutangnya sendiri👍👍👍
4.ngisi waktu dengan hal yg bermanfaat👍👍👍


Sy tidak semua dok,sekolah cuma SMP,ortu cerai sejak SMP,jgn kan tabungan,hidup aj dah syukur😅,usia skrg 30,dah punya rumah,usaha Alhamdulillah,lebih dari cukup,tabungan sekarang dari dividen jg cukup,kayanya untuk hidup d desa😅kerja 11 tahun dapat pengalaman full,usaha sendiri,koneksi dapat saat bekerja,ilmu dapat saat kerja,modal hasil jual motor yg d dapat saat kerja,usaha kecil tapi cukup dan sangat sy syukuri,tapi hobi sy dari dulu emang dengerin cerita"" yg nambah wawasan,baca"" d internet,asal mau belajar pasti ada jalan.karyawan sy saya ajarkan supaya buka usaha sendiri,g boleh kerja terus.",3 months ago (edited),0,1,ilmu yg mantap dokter tirta 1yg kuat tahan yg 2keberhasilan gantung luck 3jgn hutang berbisnisatau besar bisini klo bisnis bom bayar hutang 4ngisi yg manfaat sy doksekolah smportu cerai smpjgn tabunganhidup aj dah syukurusia skrg 30dah rumahusaha alhamdulillahlebih cukuptabungan dividen jg cukupkayanya hidup d desakerja 11 alam fullusaha sendirikoneksi bekerjailmu kerjamodal hasil jual motor yg d kerjausaha sy syukuritapi hobi sy emang dengerin cerita yg nambah wawasanbaca d internetasal ajar jalankaryawan sy ajar buka usaha sendirig kerja,1,Bukan PromosiJudi
@pahalabima,Dr. Tirta di Topik ini memang bak Cillian Murphy di Peaky Blinders👌🏻,3 months ago,0,1,dr tirta topik bak cillian murphy peaky blinders,4,Promosi Judi
@yayaristiyana2223,"aku cuma punya ipk bagus sama pengalaman kerja 11 tahun, lagi merintis jdi reseler dan daftar CPNS, semoga rejekiku diantara itu semua",3 months ago,0,0,ipk bagus alam kerja 11 rintis jdi reseler daftar cpns moga rejekiku,4,Promosi Judi
@AgustinhoPequenino,I have no pravalage,3 months ago,0,0,i have no pravalage,4,Promosi Judi
@AgustinhoPequenino,Saya Mau jadi pengusaha buat Bisa financial freedom,3 months ago,0,0,usaha financial freedom,4,Promosi Judi
@verinyahintyas,"Nama : Ken
Usia : 23 tahun otw 24 tahun ini kelairan 2024
Tab : 90 juta
Ipk s1 : 3.74
Ipk s2: 3.68 (tapi baru sem 1) 
Posisi skrg kuliah s2 sambil kerja jadi spv engineering di cikarang",3 months ago,0,0,nama ken usia 23 otw 24 kelairan 2024 tab 90 juta ipk s1 374 ipk s2 368 sem 1 posisi skrg kuliah s2 kerja spv engineering cikarang,4,Promosi Judi
@anggarooster0115,"Tabungan gak da bang, ada juga utang.. 😂😂😂",3 months ago,0,0,tabung gak da bang utang,4,Promosi Judi
@editorhsb,aku dulu kuliah dok lukus tahun 2023. saya dulu dapat ipk 3.6 terus saya kerja sebagai editor sekarang dan saya tinggal di kampung dan saya juga punya usaha di rumah sendiri punya bisnis perternakan dan pertanian dok. gimana menurut dokter?,3 months ago,0,0,kuliah dok lukus 2023 ipk 36 kerja editor tinggal kampung usaha rumah bisnis terna tani dok gimana dokter,4,Promosi Judi
@laptop_ku,Konten sangat membuka mata,3 months ago,0,0,konten buka mata,4,Promosi Judi
@dewaroli1411,4:00 pengen financially stabble dan bisa menikmati hidup dengan tenang.,3 months ago,0,0,400 ken financially stabble nikmat hidup tenang,4,Promosi Judi
@keysa912,"aku masih SMK kelas 10,dan saya bisa dibilang ga punya privilege, mama sama ayah punya bisnis wirausaha, tapi aku mau sukses ku dari jerih payah sendiri, mau kerja part time kalo pulang sekolah, dan lulus SMK pengen kerja, lalu melanjutkan wishlist, kasih saran dong yang udah pada lulus gimana sih caranya, kasih spoiler biar ga kaget",3 months ago,0,0,smk kelas 10dan bilang ga privilege mama ayah bisnis wirausaha sukses ku jerih payah kerja part time kalo pulang sekolah lulus smk ken kerja lanjut wishlist kasih saran udah lulus gimana sih kasih spoiler biar ga kaget,0,Bukan PromosiJudi
@AanNisa-y1t,"Sukses itu adalah mencapai teehadap apa yang kalian impikan 

Dan menikmati proses yang panjang dengan kesabaran





Mwehehehe....",3 months ago,0,1,sukses capai teehadap impi nikmat proses sabar mwehehehe,4,Promosi Judi
@kelasind,Terimakasih ilmu nya dok,3 months ago,0,0,terimakasih ilmu nya dok,4,Promosi Judi
@Alvidia_EksplorasiRasa,"respect, tajam betul dok

yaa, buat nyentak kesadaran 

seperti nya ketajaman ( kritisi ) jadi opsi yg bagus.

banyak yg tajam dan banyak yg masuk akal, namun ada beberapa komponen yg tertinggal, salah satunya "" experience ""

baca 1001 buku pun, seperti nya jika tanpa aksi dan manifestasi hanya akan jadi semu dan khayalan yg ujungnya malah demensia.

jadi bener yg dikatakan dokter tirta, dengan kerja bisa mendapatkan ""experience"", kita tahu terdengar klasik 
secara statistik, hal tersebut terus berulang dikatakan oleh kebanyakan orang.

thanks malaka atas konten yg bermanfaat dan dengan menghadirkan narasumber tegas, terbuka dan analogis.🙏",3 months ago,0,0,respect tajam dok yaa nyentak sadar nya tajam kritisi opsi yg bagus yg tajam yg masuk akal komponen yg tinggal salah satu experience baca 1001 buku nya aksi manifestasi semu khayal yg ujung demensia bener yg dokter tirta kerja experience dengar klasik statistik ulang banyak orang thanks malaka konten yg manfaat hadir narasumber buka analog,1,Bukan PromosiJudi
@jhonkwol,"Saya suka cara penyampaiannya keren Emosional membangunkan jiwa untuk menghadapi kenyataan
Kaya itu subjektif ,,,,
Keren",3 months ago,0,0,suka sampai keren emosional bangun jiwa hadap nyata kaya subjektif keren,4,Promosi Judi
@Undur217,"Ini baru motivasi 
Sesuai realita kehidupan",3 months ago,0,0,motivasi sesuai realita hidup,4,Promosi Judi
@ozzbara,"Emang bener kalo gapunya ke 3 faktor itu hidup hanya lah survival.. 
😢",3 months ago,0,0,emang bener kalo gapunya 3 faktor hidup survival,4,Promosi Judi
@AditDwiRamadhan-f5s,ngaku pinter kok dukung MU,3 months ago (edited),0,0,ngaku pinter dukung mu,4,Promosi Judi
@rayhanarron4456,"gua mau jadi pengusaha karena apa? lucu ya kaya pertanyaan simpel yg malah gabisa aku jawab sesimpel itu ternyata.  Aku pengen jadi pengusaha buat bisa hidup dengan langkah"" yg aku ambil secara mandiri tidak di atur oleh sistem, aku ingin jadi pengusaha agar bisa kenal dan berdiskusi dengan orang"" hebat, aku ingin jadi pengusaha untuk menjadi kaya dan bisa menjelajah dunia, aku ingin jadi pengusaha untuk at least membawa keluargaku kemanapun itu, aku ingin jadi pengusaha karena dari kecil aku rasa itu jiwaku buat saya yang ga terlalu pinter dan ga terlalu jago dalam permasalahan teknis namun saya mau berjuang dan mau belajar, saya ingin jadi pengusaha buat menjadikan hidup saya dinamis kedepan",3 months ago,0,0,gua usaha lucu ya kaya simpel yg gabisa simpel ken usaha hidup langkah yg ambil mandiri atur sistem usaha kenal diskus orang hebat usaha kaya jelajah dunia usaha at least bawa keluarga mana usaha jiwa ga pinter ga jago masalah teknis juang ajar usaha jadi hidup dinamis depan,1,Bukan PromosiJudi
@fatonikhabibi8120,berkembanglah dengan baik sebelum kau berkembang biak.,3 months ago,0,0,kembang kau kembang biak,4,Promosi Judi
@elyusuf2433,"Siap dokter 
Saya tahu dosisnya",3 months ago,0,0,dokter dosis,4,Promosi Judi
@fitrahritonga391,mau bantu semua makhluk hidup 4:21,3 months ago,0,0,bantu makhluk hidup 421,4,Promosi Judi
@adityawardi8584,"Mantab nih kata-katanyanya dari Dr Tirta. ""Seorang Pengusaha yang bisa menekan kemungkinan gagal mendekati 0%, itu yang akan memenangkan pertandingan"". Clear dok. Mantab..👍👍",3 months ago,0,0,mantab nih katakatanyanya dr tirta usaha tekan gagal dekat 0 menang tanding clear dok mantab,4,Promosi Judi
@1nstantLaughs,6jt di umur 16,3 months ago,0,1,6jt umur 16,4,Promosi Judi
@lonewolf-1011,Gile keren ni baik isi dan videografinya. Actually ntn ini karena: 1. Miskin (menurut gue dan miskin itu subjektif) 2. Bingung mau ngapain dan nggak tau harus ngapain. Current job is civil servant baru tamat s2 dan berasa fresh graduate lagi karena hasil nabung abis buat biaya sekolah. Kerja ya gitu2 aja terima nasib. Note: sangat bersyukur dengan apa yg sudah dicapai dan dimiliki tapi masih percaya i can do more but dont know how. 😢,3 months ago (edited),0,0,gile keren ni isi videografinya actually ntn 1 miskin gue miskin subjektif 2 bingung ngapain nggak tau ngapain current job is civil servant tamat s2 asa fresh graduate hasil nabung abis biaya sekolah kerja ya gitu2 aja terima nasib note syukur yg capai milik percaya i can do more but dont know how,4,Promosi Judi
@KOMEDIHIBUR,yo santeeeeee,3 months ago,0,0,yo santeeeeee,4,Promosi Judi
@pelangimalam7548,"apalah daya lulusan SMP,jadi TKW pisan😂😂😂😂🎉...
menangis saya melihat vidio ini😂😂😂",3 months ago,0,0,apa daya lulus smpjadi tkw pis menang vidio,4,Promosi Judi
@KingZexx-n5t,"always trust the process 

Maret 26",3 months ago,0,1,always trust the process maret 26,4,Promosi Judi
@anfvzn,aku berandai andai malaka project lahir 10 tahun yang lalu...,3 months ago,0,0,beranda andai malaka project lahir 10,4,Promosi Judi
@rendiprastyo9571,"Sangat setuju dok 👍 , bukan hanya omong kosong tapi realistis bahwa kesuksesan dalam usaha gak segampang omongan motivator, yang sebenarnya harus di punya i adalah modal, privilege, ilmu, tahan banting dan keberuntungan 🙌",3 months ago,0,0,tuju dok omong kosong realistis sukses usaha gak gampang omong motivator i modal privilege ilmu tahan banting untung,4,Promosi Judi
@fathurrozi4843,terimakasih udh upload,3 months ago,0,0,terimakasih udh upload,4,Promosi Judi
@linagntng,"10:25 Oke IPK bagus, pengalaman kerja sudah lumayan, ambisi, pendapatan secuil pengeluaran membeludak, sudah berbisnis kecil-kecilan, minusnya yatim dari anak nya bos jadi pontang panting di lapangan tapi its oke anggap ujian dan pengalaman nomor 1",3 months ago (edited),0,0,1025 oke ipk bagus alam kerja lumayan ambisi dapat cuil keluar beludak bisnis kecilkecilan minus yatim anak nya bos pontang panting lapang its oke anggap uji alam nomor 1,4,Promosi Judi
@raihanfadhilah3177,"""Mimpi mimpi, setruk""",3 months ago,0,0,mimpi mimpi setruk,4,Promosi Judi
@NinikIstriani-hd3yo,Ngombe kopi di leg sak ampase Yo keselak bro bro 😂😂😂😂😂,3 months ago,0,0,ngombe kopi leg sak ampase yo keselak bro bro,4,Promosi Judi
@NinikIstriani-hd3yo,Hooh mas bangun pagi bukan jaminan kaya dan raya,3 months ago,0,0,hooh mas bangun pagi jamin kaya raya,4,Promosi Judi
@NinikIstriani-hd3yo,Dari nol ndasmu 😂😂😂😂😂😂😂😂,3 months ago,0,0,nol ndasmu,4,Promosi Judi
@NinikIstriani-hd3yo,Astogfirloh hal adzim 😂😂😂😂😂😂,3 months ago,0,0,astogfirloh adzim,4,Promosi Judi
@NinikIstriani-hd3yo,"😂😂😂 Iki omong kakehan ilmu cerdas blak"" an lek mental entok ajur ngadepi wong nge ne iki",3 months ago,0,0,iki omong kakehan ilmu cerdas blak an lek mental entok ajur ngadepi nge ne iki,4,Promosi Judi
@naungansurya,Makasi Om Cipeng yg disampaikan realistis dan penuh dgn manajemen resiko terukur untuk menekan kegagalan sekecil mungkin,3 months ago (edited),0,0,makas om cipeng yg realistis penuh dgn manajemen resiko ukur tekan gagal,4,Promosi Judi
@ARKA_arc,"Saya masih umur 16 udh kerja sama orang pengalaman 2 Th,",3 months ago,1,0,umur 16 udh kerja orang alam 2 th,4,Promosi Judi
@r3noa7688,Kalau saya awal² kuliah sammpai smtr 8 selesai graduate jadi jadi blantek makelar sepeda motor ada tabungan buka jual beli motor kecil² an 😂,3 months ago (edited),0,0,kuliah sammpai smtr 8 selesai graduate blantek makelar sepeda motor tabung buka jual beli motor an,4,Promosi Judi
@NamaZayn,"Meskipun aku orang nya bego, tapi aku dapat poin poin yg dr.Tirta jelaskan, jadi terimakasih atas penjelasannya yg luar biasa🙏👍",3 months ago,0,0,orang nya bego poin poin yg drtirta terimakasih jelas yg,1,Bukan PromosiJudi
@warganetbudiman8597,Ini motivator yang menampol 😂,3 months ago,0,0,motivator menampol,4,Promosi Judi
@FIAN-cu6pr,Saya pengen menjadi salah satu pionir pengembang teknologi...🙏,3 months ago,0,0,ken salah pionir kembang teknologi,4,Promosi Judi
@Dikx-pl1fk,wkwkw,3 months ago,0,0,wkwkw,4,Promosi Judi
@AhmadSukri-e1s,Saya ingin berbisnis ingin mendapatkan kebebasan saya ingin di masa depan nanti saya punya usaha jangka panjang sampingan karena saya ingin bahagia bersama istri anak saya,3 months ago,0,0,bisnis bebas usaha jangka samping bahagia istri anak,4,Promosi Judi
@ImronBhorezt,hahaha  terkesan galak tapi lucu juga ente boss hehe,3 months ago,0,0,hahaha kes galak lucu ente boss hehe,4,Promosi Judi
@ricoseptian8089,TERBAIKKK..... SAYA SUKA GAYA BICARA SEPERTI DOKTER TIRTA INI...APALAGI MASIH ADA KETURUN CINA,3 months ago,0,0,terbaikkk suka gaya bicara dokter tirta iniapalagi turun cina,4,Promosi Judi
@septalibransyah,"berarti pemikiran gw selama ini udah bener, kalo menurut dokter tirta bilang semakin tinggi finansial maka semakin banyak variasi/alternatif pilihan hidup, kalo gw bilangnya makin kaya sebenernya yg kita beli itu adalah fitur/akses. ibarat kata, orang punya duit 200jt cuma bisa buat beli honda HRV yg fiturnya cuma gitu gitu aja, meanwhile orang lain punya duit 2M bisa buat beli mercedes benz E Class yg fiturnya bejibun banget.",3 months ago,0,0,pikir gw udah bener kalo dokter tirta bilang finansial variasialternatif pilih hidup kalo gw bilang kaya sebenernya yg beli fiturakses orang duit 200jt beli honda hrv yg fiturnya gitu gitu aja meanwhile orang duit 2m beli mercedes benz e class yg fiturnya bejibun banget,1,Bukan PromosiJudi
@Weboo_animovie_and_popculture,Tabungan -25.700.000😅,3 months ago,0,0,tabung 25700000,4,Promosi Judi
@Natureboy-w1e,"Tuh dengar privillege, is luck",3 months ago,0,0,tuh dengar privillege is luck,4,Promosi Judi
@solutionRepairPhoneEasy_,"Izin 
Sy lulus sd 
Di pesantren 10th
Bisnis limbah elektronik
Servis hp
Jual beli hp
Open jasa trip 
Shopee food 
Saya yatim . Alhamdulillah sudah mencapai 80jt pertama di umur 23th",3 months ago,1,1,izin sy lulus sd pesantren 10th bisnis limbah elektronik servis hp jual beli hp open jasa trip shopee food yatim alhamdulillah capai 80jt umur 23th,4,Promosi Judi
@jokowiyono7495,Dan hasilnya tidak seperti pertunjukan sulap Hudhini,3 months ago,0,0,hasil tunjuk sulap hudhini,4,Promosi Judi
@AveroesRizky,GG KING EMYU 👑,3 months ago,0,0,gg king emyu,4,Promosi Judi
@wahyuprayoga1906,"""mati itu sekali tapi hidupnya tiap hari"" Daymmm
-dr. Tirta",3 months ago,1,125,mati hidup daymmm dr tirta,4,Promosi Judi
@BWNata46,"Gua ke 2 nya tidak
Ipk standar, skil praktek apapun butuh 1 minggu  pasti bisa. 😢
Cuma mengandalkan keberuntungan😅. 
Smoga aja ada keberuntungan ( moment ).",3 months ago (edited),0,0,gua 2 nya ipk standar skil praktek apa butuh 1 minggu andal untung smoga aja untung moment,4,Promosi Judi
@yosiariansyah6823,Kromo inggil sampeyan apik tenan 😆👍,3 months ago,0,1,kromo inggil sampeyan apik tenan,4,Promosi Judi
@UdiPriadi-i6w,"""arogan kalau pinter gapapa"".
-dr. Tirta",3 months ago (edited),0,1,arogan pinter gapapa dr tirta,4,Promosi Judi
@liveonsamsulmy,"alhamdulilah dari lulus sekolah sampe sekarang saya tidak pernah pilih pilih pekerjaan hasilnya saya punya banyak pengalaman. nikah di usia 24 belum mapan. tapi sekarang ekonomi sudah mencukupi walau sudah punya anak. tidak terlahir dari privilage keluarga bisa di bilang kismin. sekarang kendaraan roda empat punya, roda 2 banyak, rumah punya, usaha ada. 😊",3 months ago,0,1,alhamdulilah lulus sekolah sampe pilih pilih kerja hasil alam nikah usia 24 mapan ekonomi cukup anak lahir privilage keluarga bilang kismin kendara roda roda 2 rumah usaha,4,Promosi Judi
@nananglutfillah6509,PETOK 😁😁👍👍👌👌,3 months ago,0,1,tok,4,Promosi Judi
@cahayaasia-m5j,Suhu ajarin aku bisnis 😊,3 months ago,0,1,suhu ajarin bisnis,4,Promosi Judi
@adityaramadhani5770,13:30 biasanya jadi akamsi kang palak mabukan yg suka ganggu dok gedenya,3 months ago,0,1,1330 akamsi kang palak mabuk yg suka ganggu dok gede,4,Promosi Judi
@senpaipai-z5y,realistis banget duh wkwk,3 months ago,0,3,realistis banget duh wkwk,4,Promosi Judi
@magangboi,Hidup yang baik itu bukan kuat mengejar mimpi tapi kuat menghadapi realita,3 months ago,0,4,hidup kuat kejar mimpi kuat hadap realita,4,Promosi Judi
@hardhinipermatasati3741,Masak??,3 months ago,0,1,masak,4,Promosi Judi
@paulusgunawan2234,Percaya atau tidak..bahwa kalo presentasi  dr Tirta mirip dg tung desem,3 months ago,0,1,percaya tidakbahwa kalo presentasi dr tirta dg tung desem,4,Promosi Judi
@AdnanFawaz-u5e,bapak nya nganggur,3 months ago,0,1,nya nganggur,4,Promosi Judi
@ARKA_arc,Dan buka Bisnis kecil kecilan,3 months ago,0,0,buka bisnis kecil,4,Promosi Judi
@Radityaalmalik-u1r,tertampar,3 weeks ago,0,0,tampar,4,Promosi Judi
@yeahyeah88,Bisnis limbah elektro itu gimana Bang? Sharing dong,3 months ago,0,0,bisnis limbah elektro gimana bang sharing,4,Promosi Judi
@W-ART_5,"Aku anak smp yg nonton ini dan bacain komen kalian, rasanya dunia kerja itu menyeramkan (udah mikirin, pas gede mau jadi apa...)",3 months ago,0,1,anak smp yg nonton bacain komen dunia kerja seram udah mikirin pas gede,4,Promosi Judi
@W-ART_5,"Aku anak smp yg nonton ini dan bacain komen kalian, rasanya dunia kerja itu menyeramkan (udah mikirin, pas gede mau jadi apa...)",3 months ago,0,0,anak smp yg nonton bacain komen dunia kerja seram udah mikirin pas gede,4,Promosi Judi
@DNAofDoggie,"Baru mau buka bisnis di palak.
mantap",3 months ago,0,0,buka bisnis palak mantap,4,Promosi Judi
@RaflyAnandsyah-fc2xm,cuman di ipk yg bagus sama pengalaman. tabungan dikit + gak ada privilege (anak yatim),3 months ago,0,0,cuman ipk yg bagus alam tabung dikit gak privilege anak yatim,4,Promosi Judi
@Fathur_Rhm,"Tirta ashuu 😂 ..
 Tontonan e koceng aiuiaiu aiuiaiu 😭🤣",3 months ago,0,1,tirta ashuu tonton e koceng aiuiaiu aiuiaiu,4,Promosi Judi
@adamoke2710,"kenapa ingin jadi kaya karna ingin punya waktu bersama keluarga,karna tidak ingin diatur orang semuanya sendiri,karna ingin memperbaiki ekonomi agar tidak seperti sebelum, maaf kalo komennya kaya gini dok",3 months ago,0,0,kaya karna keluargakarna atur orang sendirikarna baik ekonomi maaf kalo komennya kaya gin dok,4,Promosi Judi
@saepulohridwan1923,Bahasa y ngegampar banget😂,3 months ago,0,0,bahasa y ngegampar banget,4,Promosi Judi
@IbrahimHasan-p1y,Quote terbazeng nya adalah : Liverpool 30 tahun baru juara sekali kalian mungkin 30 tahun lagi baru sukses 😅,3 months ago,0,0,quote terbazeng nya liverpool 30 juara 30 sukses,4,Promosi Judi
@BrotoS-sr1xy,"Makasih Malaka & Dr. Tirta atas Ilmu & nasihat mahalnya, sangat membantu",3 months ago,0,0,makasih malaka dr tirta ilmu nasihat mahal bantu,4,Promosi Judi
@BoyArnesz,dari gaya ngomongnya ga enak njir kayak attitude nya kurang gitu🙏,4 months ago,1,0,gaya ngomongnya ga enak njir kayak attitude nya gitu,4,Promosi Judi
@aprilaste,Bangun pagi biar rejeki ga di patok ayam🐓,4 months ago,0,0,bangun pagi biar rejeki ga patok ayam,4,Promosi Judi
@ghurulmuhajelin3441,"jam segituan nonton gituan.
ini aku lihat dokter pas malem😅. saya masih belum lulus sma 😢, saya berniat menonton ini untuk bekal di masa depan dok😊💪🏻",4 months ago (edited),0,1,jam segituan nonton gituan lihat dokter pas malem lulus sma niat tonton bekal dok,4,Promosi Judi
@gegammer6016,"Faktanya selain lingkungan sekitar yang bikin seseorang setress adalah keluarga 

Lingkungan Indonesia banyak tradisi tapi seiring ambruknya ekonomi tradisi tetap berjalan dipaksa apalagi demi gengsi

ujung ujungnya Hutang bikin tambah beban hidup lagi 😂

Mau ekonomi kembali normal? Hukum maksimal dulu para penjahat nya

Tapi apa bisa? 
Tentu tidak

Kasih contoh nyata aja tu Koruptor

Ujung ujungnya Presiden Memaafkan Koruptor",4 months ago,0,0,fakta lingkung bikin setress keluarga lingkung indonesia tradisi iring ambruk ekonomi tradisi jalan paksa gengsi ujung ujung hutang bikin beban hidup ekonomi normal hukum maksimal jahat nya kasih contoh nyata aja tu koruptor ujung ujung presiden maaf koruptor,4,Promosi Judi
@CJ_GAMING-12,Sukses = Mie Instan,4 months ago,0,0,sukses mie instan,4,Promosi Judi
@Exters,Makasih bang 😢😢,4 months ago,0,0,makasih bang,4,Promosi Judi
@muhamadridwan4382,bapak saya tukang basko dok cuman udah meninggal sejak saya umur 2 th,4 months ago,0,0,tukang basko dok cuman udah tinggal umur 2 th,4,Promosi Judi
@cihuyadhria8357,Boleh ga saya ikut privilege kang peng peng,4 months ago,0,0,ga privilege kang peng peng,4,Promosi Judi
@solehsoleh-cd3st,udah gw juga kerja duluy cari uang 2 tahun belajar itu juga sama kok,4 months ago,0,0,udah gw kerja duluy cari uang 2 ajar,4,Promosi Judi
@ihsanavicenna8171,petokk kata peng2,4 months ago,0,0,petokk peng2,4,Promosi Judi
@fahrifirman7035,"Sukses Itu bro adalah .. dimana Hidup Lu tenang Ga Punya Utang .. Dan Jauhin Judi , Mabok Dan Maen LC .. Dan Badan Lu Msh Sehat Wal afiat .. Itu Sebener Hidup Lu Udh Sukses bro .. cuma yg sulit itu Mempertahankan nyaaa .. Benerrrr Gaaaa .. Karna Sukses itu untuk laki2 .. Nah Sedangkan Laki2 Kalo punya duit banyak .. Lu tau kan kelakuannya ke manaaa ... Nah ituuu awal Dri kehancurannya",4 months ago,0,0,sukses bro mana hidup lu tenang ga utang jauhin judi mabok maen lc badan lu msh sehat wal afiat sebener hidup lu udh sukses bro yg sulit tahan nyaaa benerrrr gaaaa karna sukses laki2 laki2 kalo duit lu tau laku manaaa ituuu dri hancur,1,Bukan PromosiJudi
@pw8635,Motivator itu cuma cari duit dr seminar. Blm tentu dia udah melakukan kata2 motivasi buat dirinya sendiri 😂😂😂,4 months ago,0,1,motivator cari duit dr seminar blm udah kata2 motivasi,4,Promosi Judi
@aiignister1207,"Aku dok point 1 & 2 no semua
Tapi kerjo opo ae selama cocok tak jupuk asal oleh duit timbange nganggur",4 months ago,0,0,dok point 1 2 no kerjo opo ae cocok jupuk duit timbange nganggur,4,Promosi Judi
@Ohohoyy,Sayang manusia. Masih hidup.,4 months ago,0,0,sayang manusia hidup,4,Promosi Judi
@MisteriLegendaNusantara2,Kelazzz Bosss,4 months ago,0,0,kelazzz bosss,4,Promosi Judi
@m.kaspulanwar1942,"Saya
S1 teknik komputer
Umur : 29 tahun
Pengalaman kerja : 10 tahun
Finansial : 120jt",4 months ago,0,0,s1 teknik komputer umur 29 alam kerja 10 finansial 120jt,4,Promosi Judi
@mochammadzaehidaufar,sound nya apa?,4 months ago,0,0,sound nya,4,Promosi Judi
@ebgdae1329,good opinion,4 months ago,0,0,good opinion,4,Promosi Judi
@Md88Aus1,bapak saya punya utang :hand-pink-waving:,4 months ago,0,0,utang handpinkwaving,4,Promosi Judi
@hrrakbr,Dok klo ga kuliah gmn?,4 months ago,0,0,dok klo ga kuliah gmn,4,Promosi Judi
@DutaTaruna-l6p,Tidak,4 months ago,0,0,,4,Promosi Judi
@DutaTaruna-l6p,Jadi kaya,4 months ago,0,0,kaya,4,Promosi Judi
@AhmedBaul,vvjhgxvcfhfss,4 months ago,0,0,vvjhgxvcfhfss,4,Promosi Judi
@Ipurbancana86,"Itulah kenapa orang kaya cepat kaya, karena waktu yg mereka beli buat dapat duit lagi",4 months ago,0,0,orang kaya cepat kaya yg beli duit,4,Promosi Judi
@mbundumbundu3057,Bermanfaat 😂,4 months ago,0,0,manfaat,4,Promosi Judi
@Ramamana-c9f,Pengen pemasukan stabil,4 months ago,1,0,ken pasu stabil,4,Promosi Judi
@dewiadhr,20:09 gue jadi inget mengenai waktu ini ke drakor Itaewon Class,4 months ago,0,0,2009 gue inget drakor itaewon class,4,Promosi Judi
@AbdullahRijal-e8s,"pengen banget ketemu dokter tirta, mau di caci maki habis² an biar saya sadar, dan kelamaan bodoh seperti ini, putus sekolah di kls 2 sma adalah pilihan terbodoh yang aku buat, sekarang sedikit sadar semua itu emang bener2 kepake",4 months ago,0,1,ken banget ketemu dokter tirta caci maki habis an biar sadar bodoh putus sekolah kls 2 sma pilih bodoh sadar emang bener2 kepake,4,Promosi Judi
@bobyherdiana9582,"20:32 Kalau ada peluang jadilah pionir seperti kapal api. Kalo udh gak ada celah untuk jadi yg pertama gimana?mikir..bedah otak buat cari ide baru, misalnya buat kapal uap, kapal listrik atau apalah. Basic sama gak soal tp bedain pakai sentuhan inovasi, bentuk karakter lain tp kuat, jaga konsistensi rasa dan harga, hasilnya?contoh real) jadilah ABC susu, indocafe coffeemix 3 in 1, mereka adalah kopi+gula+susu/krimer pertama dgn harga yg masuk akal. Selain dasar modal/finasial (poin ke-1), bisnis itu lahir dari inovasi untuk bangun privileged access (poin ke-2). Gimana caranya?(poin ke-3) pake otak ber-IPK 3 koma (IPK tinggi disini bukan scr harfiah tp sbg metafora lho ya), memiliki literasi yg baik, pola pikir matang supaya mampu berpikir kreatif, cermat & cerdas, lihat & cari peluang, kalo otak IPK rendah hampir dipastikan cuma fomo. Terima kasih dok, materi yg bagus & anda berhasil menarasikan dgn gaya yg berbeda namun tetap khas 👍👍👍",4 months ago (edited),0,0,2032 peluang pionir kapal api kalo udh gak celah yg gimanamikirbedah otak cari ide kapal uap kapal listrik apa basic gak tp bedain pakai sentuh inovasi bentuk karakter tp kuat jaga konsistensi harga hasilnyacontoh real abc susu indocafe coffeemix 3 in 1 kopigulasusukrimer dgn harga yg masuk akal dasar modalfinasial poin ke1 bisnis lahir inovasi bangun privileged access poin ke2 gimana caranyapoin ke3 pake otak beripk 3 koma ipk scr harfiah tp sbg metafora lho ya milik literasi yg pola pikir matang pikir kreatif cermat cerdas lihat cari peluang kalo otak ipk rendah fomo terima kasih dok materi yg bagus hasil narasi dgn gaya yg beda khas,1,Bukan PromosiJudi
@beiyongzui,"25:25 Ga ada privilege ada donk yang disalahkan, bokap mokondo",4 months ago,0,0,2525 ga privilege donk salah bokap mokondo,4,Promosi Judi
@ithodebrenebond312,klo baru memulai di usia 30-an??,4 months ago,0,0,klo usia 30an,4,Promosi Judi
@yeahyeah88,Kt gwe teh ambil bagusnya buang buruknya. Life is hard mgkn itu cara beliau membuatnya lebih managable😂,3 months ago,0,0,kt gwe teh ambil bagus buang buruk life is hard mgkn beliau buat managable,4,Promosi Judi
@Ramamana-c9f,Kondisi gk stabil,4 months ago,0,0,kondisi gk stabil,4,Promosi Judi
@MrDday2010,"Semua motivasiku usaha terucapkan disini wkwkwk, dengan 2 privilage, saya baru bisa menikmati hasil usaha setelah 10 tahun, dan banyak orang ga tahu, walau dengan privilage perjuangan saya boleh dikatakan 100x lebih berat dibanding kerja ikut orang, sampai kadang mikir, enakan dulu gua kerja ikut orang mungkin gaji saat ini dah lebih tinggi dari penghasilan usaha saat ini 😂",4 months ago,0,1,motivasi usaha ucap wkwkwk 2 privilage nikmat hasil usaha 10 orang ga privilage juang 100x berat banding kerja orang kadang mikir enak gua kerja orang gaji dah hasil usaha,0,Bukan PromosiJudi
@metallogam-b6y,Ngecap aja lue dok! Ketahuan tdk pernah turba,4 months ago,0,0,ngecap aja lue dok tahu tdk turba,4,Promosi Judi
@tommyarie7134,"Dan jangan jumawa, lebih dari 20 MU jadi bahan bully an setelah sukses 😂",4 months ago,0,0,jumawa 20 mu bahan bully an sukses,4,Promosi Judi
@weskeselcuk,"apapun bisnis dan usaha mu, besar atau kecil itu, kau tetaplah boss nya.",4 months ago,0,2,apa bisnis usaha mu kau tetap boss nya,4,Promosi Judi
@totobochil,tbtb liverpool dok🤣,4 months ago,0,0,tbtb liverpool dok,4,Promosi Judi
@rekappilemm,Dokter Tirta ini omongannya ceplas ceplos tapi ga bikin pendengar sakit hati😂,4 months ago (edited),0,0,dokter tirta omong ceplas ceplos ga bikin dengar sakit hati,4,Promosi Judi
@reinardusdwi4626,"Always trust the process, itu mah fans nya Arteta, dok. Bukan Slot 😁",4 months ago,0,0,always trust the process mah fans nya arteta dok slot,4,Promosi Judi
@dikiramdan5505,"Njir bener banget lagi dok gua G sandwich 😊 IPK pun bener 2,8 😂 saya kerja,2 tmpt lagi",4 months ago,0,0,njir bener banget dok gua g sandwich ipk bener 28 kerja2 tmpt,4,Promosi Judi
@HarisInspirasimu,"cuma bisa bilang terimkasih Bang Dr,",4 months ago,0,0,bilang terimkasih bang dr,4,Promosi Judi
@ardianss1463,"Kalau saya dok lagi di kondisi Gak ada previlege,IPK tanggung,Financial ajur tapi punya pengalaman 5 tahun kerja sama orang tapi sekarang udah ada ilmu dan skill nya akhirnya ngerintis usaha sendiri",4 months ago,0,0,dok kondisi gak previlegeipk tanggungfinancial ajur alam 5 kerja orang udah ilmu skill nya ngerintis usaha,4,Promosi Judi
@Gpasones,Gw tontonin sampai selesai ini monologue lebih bernilai ketimbang ada yang nanya. Hail Dr. Tirta.,4 months ago,0,0,gw tontonin selesai monologue nila ketimbang nanya hail dr tirta,4,Promosi Judi
@theeclipseofyou,Kalo bapaknya ud meninggal privilege of apa?😂,4 months ago,0,0,kalo bapak ud tinggal privilege of,4,Promosi Judi
@awan2298,Liverpool kalah sama king mu dok🙏,4 months ago,0,0,liverpool kalah king mu dok,4,Promosi Judi
@faisalfanfani4894,Mungkin saya jadi coachi😂,4 months ago,0,0,coachi,4,Promosi Judi
@Havelogic,18:12 siapa sangka wak😂,4 months ago,0,0,1812 sangka wak,4,Promosi Judi
@GustavoLeonardo-l3b,Aku pengen berbisnis untuk bisa merubah jalan kehidupan keluarga dan pengen meningkatkan value,4 months ago,0,0,ken bisnis rubah jalan hidup keluarga ken tingkat value,4,Promosi Judi
@431_Adryan,"90% jadi pengusaha itu terpaksa ad yg susah cari kerja ada yg korban PHK, baru lulus cocok tuh bro buka usaha, tp harus nekat",4 months ago,0,0,90 usaha paksa ad yg susah cari kerja yg korban phk lulus cocok tuh bro buka usaha tp nekat,1,Bukan PromosiJudi
@aallann0307,18:30 😂w,4 months ago,0,0,1830 w,4,Promosi Judi
@ariefsuprapta9260,"Tidak saya 3 bos dokter ga punya semua ..
Bener banget aku bekerja untuk  cari semuanya
Setelah punya financially stable, experience, jaringan baru nyicil buka usaha sendiri sesuai pengalaman kerja selama 15 th dok .... setuju dobel job dan masih kerja 18:25",4 months ago (edited),0,1,3 bos dokter ga bener banget cari financially stable experience jaring nyicil buka usaha sesuai alam kerja 15 th dok tuju dobel job kerja 1825,4,Promosi Judi
@AldiTrisna-b8y,"setiap orang punya peluang ,akses dan jalan hidup berbeda . 
jangan jadikan motifator sebagai pedoman untuk jadi lebih kaya . tapi jadikan motifator itu untuk kita jauh lebih baik . kaya itu benar kata dokter Tirta , harus beruntung . 

yang saya tau adalah , momen keberuntungan itu hanya datang maksimal 1 Sampai 3 x dalam hidup kita . jika kita tidak dapat momennya bersiaplah untuk kesialan dan kegagalan yang lebih banyak",4 months ago,0,0,orang peluang akses jalan hidup beda jadi motifator pedoman kaya jadi motifator kaya dokter tirta untung tau momen untung maksimal 1 3 x hidup momen siap sial gagal,4,Promosi Judi
@ardigt9402,"Kalau mau jadi pengusaha karena tidak mau bekerja dibawah perintah orang lain gimana dok? Saya memiliki modal karena bisa dibilang bekerja sekaligus berbisnis sejak masih sekolah, walaupun saat itu hanya berkecimpung di dunia online, tapi experience saya dalam berbisnis terutama jual & beli (reselling) sudah lumayan. Saat lulus sekolah dan sedang menjalani kuliah, saya mencoba bisnis di sektor rill yang masih berhubungan dengan experience saya yaitu jual & beli handphone second, jadi intinya saya sudah punya experience bekerja dibawah perintah orang lain walaupun hanya online.",4 months ago (edited),0,1,usaha bawah perintah orang gimana dok milik modal bilang bisnis sekolah kecimpung dunia online experience bisnis jual beli reselling lumayan lulus sekolah jalan kuliah coba bisnis sektor rill hubung experience jual beli handphone second inti experience bawah perintah orang online,0,Bukan PromosiJudi
@reswaraaji2769,13:36 😂😂😂,4 months ago (edited),0,0,1336,4,Promosi Judi
@nsgaming7444,Ingin Menjadi Berguna dan Bermanfaat bagi banyak orang... 😊,4 months ago,0,1,guna manfaat orang,4,Promosi Judi
@fauzanstudent,4:00 Financial freedom and berdampak buat generasi cicit2 ku nanti dan namaku tetap hidup di keluarga ❤,4 months ago,0,11,400 financial freedom and dampak generasi cicit2 ku nama hidup keluarga,4,Promosi Judi
@axelmaurino,The art Sense,4 months ago,0,0,the art sense,4,Promosi Judi
@mochamadimron511,Out of topic... Ya koh.. saya pernah anter anda saya ojol. Seinget saya itb ke Buah batu. Anda sangat sulit jinak saat di bonceng. Ngeselin. Bikin motor oleng sampe nyerempet angkot. Mungkin dh lupa karena ga penting juga 😂😂😂,4 months ago,1,46,out of topic ya koh anter ojol seinget itb buah batu sulit jinak bonceng ngeselin bikin motor oleng sampe nyerempet angkot dh lupa ga,4,Promosi Judi
@Dikywicky,Kalau bapa nya mandor pabrik gimana bang 😅,4 months ago,0,0,bapa nya mandor pabrik gimana bang,4,Promosi Judi
@LagaKandang,Omongane relate pol,4 months ago,0,0,omongane relate pol,4,Promosi Judi
@begeksanz,Aku ingin kaya❤❤❤,4 months ago,0,0,kaya,4,Promosi Judi
@alfasharing,"Alhamdulillah, mentality ini yg aku perjuangkan.",4 months ago,0,1,alhamdulillah mentality yg juang,4,Promosi Judi
@rifkydevino8413,"Bapak ajudan pns
Tabungan 100k
Sd-smp pekerjaan bisnis owner/jualan sendiri",4 months ago,1,1,ajudan pns tabung 100k sdsmp kerja bisnis ownerjualan,4,Promosi Judi
@martinpr0ject,lagi mikir pen risgn trus berbisnis untung liat ni video “jangn risgn dan tetap bekerja”,4 months ago,0,5,mikir pen risgn trus bisnis untung liat ni video jangn risgn,4,Promosi Judi
@band.ono21,"Walaupun saya engga termasuk golongan yang dimarahin dokter tirta, tapi saya serasa ikut dimarah marahin😂",4 months ago,0,0,engga golong dimarahin dokter tirta serasa marah marahin,4,Promosi Judi
@Niko13332,ga punya bapak ga punya apa apa,4 months ago,0,0,ga ga,4,Promosi Judi
@ULAMAPENGUSAHASUKSES,"Iki lhoo seng jenenge jujur secara ilmu,, gambate",4 months ago,0,0,iki lhoo seng jenenge jujur ilmu gambate,4,Promosi Judi
@r3sstuprocessorr,"gua masih smk dan mau lulus bentar lagi, yang gua punya cuma privilage(networking), kan brati ipk nya gatau jadi mending gimana kedepannya?",4 months ago (edited),0,0,gua smk lulus bentar gua privilagenetworking brati ipk nya gatau mending gimana depan,4,Promosi Judi
@Fitri-d2z,Dari sini jadi tahu pentingnya agama,5 months ago,0,0,agama,4,Promosi Judi
@Fitri-d2z,"Mau bebas finansial bang
Kebutuhan gak ngutang ngutang
Kluarga minta bisa ngasih
Agar keturunan gak susah hidupnya",5 months ago,0,0,bebas finansial bang butuh gak ngutang ngutang kluarga ngasih turun gak susah hidup,4,Promosi Judi
@anon2962,23:37 sumpah ngakak bgt,5 months ago,0,0,2337 sumpah ngakak bgt,4,Promosi Judi
@noviangator5866,liperpool apa kabar peng wkwk,5 months ago,0,0,liperpool kabar peng wkwk,4,Promosi Judi
@rifkydevino8413,Sekarang beli saham masih di 2 digit gk naik naik,4 months ago,0,0,beli saham 2 digit gk,4,Promosi Judi
@furuki60,"Lulus sma, kerja 1thn di pabrik, maksa kuliah (dpt beasiswa), kerja dr om ku tolak buat kerja di umkm 5thn (yg bangkrut pas covid), puji Tuhan ada simpanan tp buat ilmu bisnis blm ada. Yatim dr sma kelas 10 & ga ada relasi dr ortu.. Umur 33thn ini, baru buka bisnis craft lg kyk yg dulu pas sma saya buat.. Semoga bisa maju. Skrg kerja jd art tutor (under studio) krn belum punya relasi ke orang2 kaya..",5 months ago,0,0,lulus sma kerja 1thn pabrik maksa kuliah dpt beasiswa kerja dr om ku tolak kerja umkm 5thn yg bangkrut pas covid puji tuhan simpan tp ilmu bisnis blm yatim dr sma kelas 10 ga relasi dr ortu umur 33thn buka bisnis craft lg kyk yg pas sma moga maju skrg kerja jd art tutor under studio krn relasi orang2 kaya,0,Bukan PromosiJudi
@gilangpurmadani,Bapak ku ketua RT ki😂,5 months ago,0,0,ku ketua rt ki,4,Promosi Judi
@DemoSophia,Realistis banget 🥹🥹🥰,5 months ago,0,0,realistis banget,4,Promosi Judi
@alGhozy500,omongan yg masuk dan sangat mencerahkan pikiran kritik dengan memberi saran yg bagus,5 months ago,0,0,omong yg masuk cerah pikir kritik saran yg bagus,1,Bukan PromosiJudi
@barester,"kuliah buat kerja cuma berlaku buat yang ga punya previelege & miskin. gapapa, ga usah malu dibilang susah",5 months ago,0,0,kuliah kerja laku ga previelege miskin gapapa ga malu bilang susah,4,Promosi Judi
@latifahhanum2569,ya 200jt,5 months ago,0,0,ya 200jt,4,Promosi Judi
@אחמד-ס5ל,23:00,5 months ago,0,0,2300,4,Promosi Judi
@ImronRosidi-t7r7r,"Kalok tidakknya lebih dari 3  kuncinya ya nekat, merantau ke luar negri pulang buka usaha,kalok bisa sambil kerja",5 months ago,0,0,kalok tidakknya 3 kunci ya nekat rantau negri pulang buka usahakalok kerja,4,Promosi Judi
@kittymblock,"Omongan dr Tirta realistis, memang yang dibahas adalah urusan finansial, karena dari finansial lah itu bukti tanggung jawab kita.",5 months ago,0,0,omong dr tirta realistis bahas urus finansial finansial bukti tanggung,4,Promosi Judi
@gaffirata,bapa gua ekspor kepiting dari 2010,5 months ago,0,0,bapa gua ekspor kepiting 2010,4,Promosi Judi
@Damaiindonesiaku604,"Pengusaha bukan hanya tentang profit, tapi seseorang yg mampu menekan kemungkinan gagal mendekati 0÷ itulah yg akan jadi pemenang.. survival",5 months ago,0,3,usaha profit yg tekan gagal dekat 0 yg menang survival,1,Bukan PromosiJudi
@Lois_id,Idealis tanpa realitas hanyalah mimpi basah semata🗿,5 months ago,0,0,idealis realitas mimpi basah,4,Promosi Judi
@suryargatulmalang,Bisnis itu yg susah prosesnya dan bertahannya.Gue aja rintis bisnis 5 tahun baru bnr2 bs jalan sampek 10 tahn lebih.. Jaman skrg yt/ tiktok enak bngt bahas bisnis mudah lah apa lah 😂,5 months ago,0,0,bisnis yg susah proses bertahannyague aja rintis bisnis 5 bnr2 bs jalan sampek 10 tahn jaman skrg yt tiktok enak bngt bahas bisnis mudah,4,Promosi Judi
@minwalabidin4260,Saya mau berbisnis untuk hidup sehat,5 months ago,0,0,bisnis hidup sehat,4,Promosi Judi
@AmesDeBrice,mau daftar dpr bang,5 months ago,0,0,daftar dpr bang,4,Promosi Judi
@nightpanzerchanel,Kereen 🤩,5 months ago,0,1,kereen,4,Promosi Judi
@ibnuwardama,""" Saya bangun pagi terus gapernah jadi gita wirjawan"" 😂",5 months ago,0,0,bangun pagi gapernah gita wirjawan,4,Promosi Judi
@azardoni9027,"Sukses secara financial butuh efort dan perjuangan yg luar biasa apalagi modang cangkang dan abab,.. Satu"" Nya yg lu punya hanya kepercayaan jadi jangan sekali"" Kali membuat namamu buruk kalo kami masih ingin berbisnis. Dan bayar hutang lebih baik tingkatnya daripada bersedekah..",5 months ago,0,0,sukses financial butuh efort juang yg modang cangkang abab nya yg lu percaya kali nama buruk kalo bisnis bayar hutang tingkat sedekah,1,Bukan PromosiJudi
@muhammadarishilmi5140,"Pengusaha karena takdir, pernah kerja ikut orang  & kuliah
Tapi takdirnya jadi pengusaha  juga endingnya 

Benar itu pengalaman sampai usia 25tahun

Sekarang 28 tahun punya usaha dan sudah jalan",5 months ago,0,0,usaha takdir kerja orang kuliah takdir usaha endingnya alam usia 25tahun 28 usaha jalan,1,Bukan PromosiJudi
@tokyotengu,FULL DAGINGGGG!!!!!!!!!,5 months ago,0,0,full dagingggg,4,Promosi Judi
@didoaldo,wekwkkwkw jaman dia kuliah dia emang ngeselin semenjak ego dia kena baru tobat,1 month ago,0,0,wekwkkwkw jaman kuliah emang ngeselin semenjak ego kena tobat,4,Promosi Judi
@nekopoy8357,olive ora frences kone,5 months ago,0,0,olive ora frences kone,4,Promosi Judi
@Ridho4K,"23:50 ""apa bedanya fitnah sama fitnes? kalo fitnah kejam kalo fitnes kegym""😂
- dr. tirta",5 months ago,0,0,2350 beda fitnah fitnes kalo fitnah kejam kalo fitnes kegym dr tirta,4,Promosi Judi
@bagaspris7921,22:10 izinn dokkk😭😭😭🙏,5 months ago,0,1,2210 izinn dokkk,4,Promosi Judi
@bagaspris7921,20:38 dok cipeng cukiii tutukkee😭😭😭🙏,5 months ago,0,0,2038 dok cipeng cukiii tutukkee,4,Promosi Judi
@KrisYanto-kl1gb,"marga bapaknya sama kayak kakekku dok, wongsodimejo 😁apa saya salah denger 🤭",5 months ago,0,0,marga bapak kayak kakek dok wongsodimejo salah denger,4,Promosi Judi
@hanifadyanurhapsari9223,"Dulu pernah merintis jadi wiraswasta Dok, sedikit berkembang yapi memang sulit naik level ketika tidak ada back up modal yang cukup. Ngap ngap....harus punya skill dan lain sebagainya. Meski sekarang kerja ikut orang, masih ada keinginan utk punya usaha sendiri meskipun kelas super kecil😅😊😊😊",5 months ago,0,0,rintis wiraswasta dok kembang yapi sulit level back up modal ngap ngapharus skill kerja orang utk usaha kelas super,4,Promosi Judi
@kucingmiau90,Subtitle mana????,5 months ago,0,0,subtitle,4,Promosi Judi
@anonemas7657,"Awal : dahlah dokter mau ngebahas apasi ini
Akhir : Terimakasih suhu atas ilmunya 🙏",5 months ago,0,0,dah dokter ngebahas apas terimakasih suhu ilmu,4,Promosi Judi
@ZainDin-s1u,tpi ini bner bgt lho real kata2nya ...,5 months ago,0,0,tpi bner bgt lho real kata2nya,4,Promosi Judi
@WildanAlzuhdi,nonton dgn kecepatan 1.5x wkwkwk,5 months ago,0,0,nonton dgn cepat 15x wkwkwk,4,Promosi Judi
@YayasanSeriLangkat,Konten Malaka pertama degan marah-marah  😂,5 months ago (edited),0,0,konten malaka degan marahmarah,4,Promosi Judi
@Cliperr09,"Maaf dok tolong bahas dong tentang orang miskin ga kuliah lulusan SD pekerja keras lagi fokus trading forex. Seandainya orang itu bisa sukses di trading forex gimana dok, dan berapa % itu bisa terjadi atau mustahil untuk menjadi sukses finansial?🙏🙏🙏",5 months ago,0,0,maaf dok tolong bahas orang miskin ga kuliah lulus sd kerja keras fokus trading forex anda orang sukses trading forex gimana dok mustahil sukses finansial,4,Promosi Judi
@TechPlayer321,""" Tujuan anda jadi pengusaha apa? ""

*Rothschild Family 

Oh begitu lu mainnya ya? Sini kasih paham dulu",5 months ago,0,0,tuju usaha rothschild family oh lu main ya kasih paham,4,Promosi Judi
@epicalbafica9119,Dia ngomongin om ded?,5 months ago,0,0,ngomongin om ded,4,Promosi Judi
@tayoorahayu4464,"yang paling saya tekuni adalah 
terus bergerak ..walaupun saya susah mendapatkan pekerjaan dimulai saya pertama nikah saya udh didorong dorong keluar kerja sama atasan sendiri...selebihnya saya ngojol..ngojol itu ya gak pasti penghasilannya saya survive lah dengan berani ngambil orderran yg jauh walaupun malam..walaupun jalannya angker dll .akhirnya itu jadi kebiasaan

disisi lain saya ngontrak


pernah gak punya uang sama sekali
saya sampai2 nyari kanggung dipinggiran kolam..alias kangkung darat untuk dimakan


5 tahun hingga mempunyai 2 anak
hari ini

setahun sebelumnya saya berfikir kalau terus2an ngojol emg susah masa depannya..ngojol yg saya fikir cuman untuk bertahan hidup sementara dan sampingan ..akhirnya saya mutusin sewa ruko yg dipinggir jalan dan mulai usaha warung..7 bulan pertama emg sesek bener ..tapi akhirnya lambat laun berkembang barang menambah omset mulai dikit2 naik..gak bergantung sama ojol walaupun skarang msh sambillan ngojol..



btw saya kalau lagi nunggu orderran dulu sampai skarang itu gak pernah benar2 diam..walaupun dirumah..bantuin istri masak..cuci baju .urus rumah....gantian jagain anak dll


saya pernah ingat ust abdul somad pernah berkata ""setiap gerakan menghasilkan keberkahan ""

maka teruslah bergerak",5 months ago,0,0,tekun gerak susah kerja nikah udh dorong dorong kerja atas sendiriselebihnya ngojolngojol ya gak hasil survive berani ngambil orderran yg malamwalaupun jalan angker dll biasa sisi ngontrak gak uang sampai2 nyari kanggung pinggir kolamalias kangkung darat makan 5 2 anak tahun berfikir terus2an ngojol emg susah depannyangojol yg fikir cuman tahan hidup samping mutusin sewa ruko yg pinggir jalan usaha warung7 emg sek bener lambat laun kembang barang tambah omset dikit2 naikgak gantung ojol skarang msh sambillan ngojol btw nunggu orderran skarang gak benar2 diamwalaupun dirumahbantuin istri masakcuci baju urus rumahgantian jagain anak dll ust abdul somad gera hasil berkah terus gerak,1,Bukan PromosiJudi
@danu1077,Tidaknya telu telu ne dok. blas kabeh,5 months ago,0,0,tidak telu telu ne dok blas kabeh,4,Promosi Judi
@fannybrawijaya,"ini fakta
1 saya stabil finansial = (tidak) 
2 privilage orang tua = (tidak ada) (sudah meninggal ketika masih kuliah)
3 pendidikan = (ada ) S1 ipk 3.8 dan S2 ipk 3.6 pengalaman kerja 10 tahun
kerja apa saja yang penting bisa survive dan bisa lanjut studi dan membangun privilage",5 months ago,0,0,fakta 1 stabil finansial 2 privilage orang tua tinggal kuliah 3 didik s1 ipk 38 s2 ipk 36 alam kerja 10 kerja survive studi bangun privilage,4,Promosi Judi
@GggghGgghhyt,Hanya ingin membahagiakan istri dan anak cucu saya dan orang tua,5 months ago,0,0,bahagia istri anak cucu orang tua,4,Promosi Judi
@Arifunnatiq,Saya pedagang sieh😂😂,5 months ago,0,0,dagang sieh,4,Promosi Judi
@okkyfirmansyah9489,"Menjadi kaya itu sejatinya bisa bertanggung jawab kepada orang lain, sebanyak-banyaknya yg lu bisa tanggung jawabkan hidupnya maka bakal akan sekaya itu lu. Sementara ada yg sama diri sendiri aja belum bisa bertanggung jawab, males2an, nganggur, jadi beban ortu, beeharap bisa sekaya bill gates. Ancur itu Microsoft dipegang lu sehari",5 months ago,0,0,kaya sejati tanggung orang sebanyakbanyaknya yg lu tanggung jawab hidup kaya lu yg aja tanggung males2an nganggur beban ortu beeharap kaya bill gates ancur microsoft pegang lu hari,1,Bukan PromosiJudi
@BsdPesantren,"jadi pengusaha biar punya waktu luang bnyak buat keluarga, jadi sehari"" bareng anak istri barmain bercanda blajar bersama sambil nungguin waktu sholat tiba, ini pengenku bgtu 😂😂😂😂",5 months ago,0,0,usaha biar luang bnyak keluarga hari bareng anak istri barmain canda blajar nungguin sholat ken bgtu,4,Promosi Judi
@andrianto24andrianto24,"Alhamdulillah
Terima kasih dok, nasehat nasehat mu, menampar kami bagi keuangan yang pas pasan..",5 months ago,0,0,alhamdulillah terima kasih dok nasehat nasehat mu tampar uang pas pas,4,Promosi Judi
@siebe1554,Bisnis atas nama pendidikan dan kesehatan pasti mulus....,5 months ago,0,0,bisnis nama didik sehat mulus,4,Promosi Judi
@seputar_karnival,"Saya bisnis karena susuai dgn pashion/hobi saya dr tirta.. saya usaha dibidang jasa/penyewaan audio/tenda (dikampung). Alhamdulilah meski tidak kaya, yg penting cukup.
Dulu awal"" ikut orang/temen sendiri pernah jg kerja dipabrik/kuli bangunan. Ya wkt itu kumpul beli sedikit demi sedikit.",5 months ago (edited),0,0,bisnis susuai dgn pashionhobi dr tirta usaha bidang jasapenyewaan audiotenda kampung alhamdulilah kaya yg orangtemen jg kerja dipabrikkuli bangun ya wkt kumpul beli,1,Bukan PromosiJudi
@ahmadbahrushobri1350,"Sangat amat merasa bersalah dengan diri sendiri kalau udah terpaku sama reels, short yt atau yg sejenis yang kurang bermanfaat dan dalam waktu lama.",5 months ago,0,0,salah udah terpa reels short yt yg jenis manfaat,4,Promosi Judi
@MrWarih,double profesi is the best,5 months ago,0,0,double profesi is the best,4,Promosi Judi
@terrymars5529,Omong an anda itu gak ada yang berguna di kehidupan yang sebenarnya,5 months ago,0,0,omong an gak guna hidup,4,Promosi Judi
@balibestadventures,"harus banyak content seperti ini, 
Semoga content creator yang lain bisa menampiLkan content-content yang manfaat seperti ini ( tidak menjual indahnya hidup dan mudahnya menjalankan bisnis) generasi muda kalau di buat minset nya seperti ini mungkin generasi masa depan indonesia akan lebih kuat menatap masa depan. 

thanks for sharing",5 months ago,0,0,content moga content creator tampil contentcontent manfaat jual indah hidup mudah jalan bisnis generasi muda minset nya generasi indonesia kuat tatap thanks for sharing,4,Promosi Judi
@ciptadamai,"Kita tidak pernah mulai dari garis start yang sama, dan melalui trek yang tidak sama, dan kemungkinan akan berakhir di garis finis yang tidak sama juga, lalu kenapa kita harus mendengarkan motivator yang berbeda dari kita ???",5 months ago (edited),0,0,garis start trek garis finis dengar motivator beda,4,Promosi Judi
@feriw2367,"Jadi pedagang, pengusaha supaya bisa kaya, miskin ha😮rta sperti di neraka tholols, lagian tak butuh validasi pamer kekayaan, malah bahaya, bisa diincar pajak, disamperin orang sekitar untuk hutang duit / diincar orang lain yg tak kira kenal. Lebih nyaman di blakang layar. Butuh privasi supaya tenang.
Hidup dasar, bertahan ? Ya betul. Sukses, Subyektif ? Betul. Luck ? Betul banget. Beli bekas ? Saya juga lebih suka beli cash, bekas mulus, disamping lebih irit juga tak mahal.",5 months ago (edited),0,0,dagang usaha kaya miskin harta sperti neraka tholols butuh validasi pamer kaya bahaya incar pajak disamperin orang hutang duit incar orang yg kenal nyaman blakang layar butuh privasi tenang hidup dasar tahan ya sukses subyektif luck banget beli bekas suka beli cash bekas mulus samping irit mahal,1,Bukan PromosiJudi
@Cahyono-hu5eo,Terimakasih Pak Tirta. Ini cocok sekali buat saya dan istri yang sedang membangun usaha kecil. Banyak betulnya dan kita merasakan bahwa segala previlage yg kita miliki akan sangat membantu dalam proses hidup kita. Harus kita akui dan gunakan itu sebaik2 nya. Terimakasih,5 months ago,0,0,terimakasih tirta cocok istri bangun usaha betul rasa previlage yg milik bantu proses hidup aku sebaik2 nya terimakasih,4,Promosi Judi
@atiyahsalim6406,💪👍👍👍,5 months ago,0,0,,4,Promosi Judi
@equalizer21967,Motivator kebanyakan ngga punya bisnis kalaupun ada ngga begitu sukses. Bisnisnya jual class😂,5 months ago,0,1,motivator banyak ngga bisnis ngga sukses bisnis jual class,4,Promosi Judi
@suhailahalhuda,"20:25 : Luck = ""Takdir dari Allah SWT""
Hak Preogatif dari Sang Pencipta",5 months ago,0,1,2025 luck takdir allah swt hak preogatif sang cipta,4,Promosi Judi
@bagusprasExplorasi,"Tidak punya privellege apapun, orang tua miskin + broken home juga.
Tapi aku belajar pelan² dari bawah dari pekerjaan tongkrongan dll. Belajar bahasa inggris juga belajar sendiri. Krna klo privat tidak ada dana. Tapi dari titik ini aku akan terus belajar.",5 months ago,0,0,privellege apa orang tua miskin broken home ajar pelan kerja tongkrong dll ajar bahasa inggris ajar krna klo privat dana titik ajar,4,Promosi Judi
@irpanmurdani8426,"Materinya agak sarkas, tp ciri khas dokter tirta sprti itu, ga sarkas kita jadi kelemar-kelemer, hidup harus dkerasi biar mental ga lembek ya dok, mksh pencerahannya",5 months ago,0,1,materi sarkas tp ciri khas dokter tirta sprti ga sarkas kelemarkelemer hidup dkerasi biar mental ga lembek ya dok mksh cerah,4,Promosi Judi
@windywahyusaputro26,"Gua mau fokus usaha...niatan usana..trus nemu ini.diberanda.gag mungkin dong kalau gag ada apa"" ini.muncul lewat beranda..semoga awal.kesuksesanku",5 months ago,0,0,gua fokus usahaniatan usanatrus nemu inidiberandagag gag inimuncul berandasemoga awalkesuksesanku,4,Promosi Judi
@EvaEva-ug9lc,"Klo sy memang berjiwa bisnis, jd biar susah ruwet sering untung dikit n mlh rugi, ber x jatuh tp bangun lg. Motivasi sy adlh penduduk sekitar yg mayoritas petani turun temurun, mereka menjalani hidup yg hmpir tdk berubah, membajak sawah, menanam padi, menunggu 3 bln setengah, tp kdang padi baru 2 bln ada hama tikus, menjelang paneng banjir, n kdang panen bagus tp hrga murah, pokoknya harapan sering tdk terwujud. Tp live must go on, jd mereka tetep menanam padi. Itulah aku,  walau jatuh kedasar neraka pun, aku tetep ga kapok. And here iam now, punya income tinggi, skrg aku traveling keliling dunia menikmati jerih payahku. Kbtulan punya suami yg memang kerjanya keliling dunia. Jgn takut dgn bayangan, wujudkan mimpimu, raihlah masa dpnmu mulai kini. Salam sukses",5 months ago,0,0,klo sy jiwa bisnis jd biar susah ruwet untung dikit n mlh rugi ber x jatuh tp bangun lg motivasi sy adlh duduk yg mayoritas tani turun turun jalan hidup yg hmpir tdk ubah bajak sawah tanam padi tunggu 3 bln tp kdang padi 2 bln hama tikus jelang paneng banjir n kdang panen bagus tp hrga murah pokok harap tdk wujud tp live must go on jd tetep tanam padi jatuh dasar neraka tetep ga kapok and here iam now income skrg traveling keliling dunia nikmat jerih payah kbtulan suami yg kerja keliling dunia jgn takut dgn bayang wujud mimpi raih dpnmu salam sukses,1,Bukan PromosiJudi
@sugardaddy9721,"Yang hancur semua Dok, kecil kemungkinan akan nonton ini. Sibuk Push Rank",5 months ago,0,0,hancur dok nonton sibuk push rank,4,Promosi Judi
@bahangabut27,Kalo saya tidak punya ke 3 nya😭,5 months ago,0,0,kalo 3 nya,4,Promosi Judi
@Roniii-s5h,Menyamakan persepsi yg sudah dimiliki pasti lebih mudah,5 months ago,0,0,sama persepsi yg milik mudah,4,Promosi Judi
@NINAWA_animal,Terimakasih dok...,5 months ago,0,0,terimakasih dok,4,Promosi Judi
@nadanurhanifah9691,"27 tahun. TIDAK!!
bapak almarhum 9:23",5 months ago,0,0,27 almarhum 923,4,Promosi Judi
@dewihadmini,😅 bener banget lagi😂😂😂😂,5 months ago,0,0,bener banget,4,Promosi Judi
@adjiephotografi9560,"Motivator kalau ngomong sampai ludahnya berbusa"" . Emang itu kerjaannya jual omon""",5 months ago,0,0,motivator ngomong ludah busa emang kerja jual omon,4,Promosi Judi
@HruDamana-fo3kz,"Betul, hutang itu midah, mengembalikanya ug berat bos ?",5 months ago,0,0,hutang midah mengembalikanya ug berat bos,4,Promosi Judi
@ferryrosandi879,"Usia 37 
Lulusan SMK 
NO HAVE PRIVILEGE
yatim dr usia 12 thn 
Pernah punya bisnis kecil modal 8jt selama 5 thn cuan bersih 200jt
Skrng bekerja dengan orang punya tabungan 300jt dan dana pensiun 300jt 
Next pengen berbisnis singkong goreng saja",5 months ago,0,0,usia 37 lulus smk no have privilege yatim dr usia 12 thn bisnis modal 8jt 5 thn cuan bersih 200jt skrng orang tabung 300jt dana pensiun 300jt next ken bisnis singkong goreng,4,Promosi Judi
@fadlanfuadm6763,23:00,5 months ago (edited),0,0,2300,4,Promosi Judi
@playerbox99999,"Saya pernah dapet nasehat dari orang yg berdagang di sebuah tempat ruko, dia berkata kepada saya, orang yg cerdas dalam berdagang adalah orang yg berpikir semua ekonominya tercukupi, bukan target kaya, gue renungin kata kata itu Sampek sekarang",5 months ago,0,0,dapet nasehat orang yg dagang ruko orang yg cerdas dagang orang yg pikir ekonomi cukup target kaya gue renungin sampek,1,Bukan PromosiJudi
@NyonyaBesar-q8b,8:39 selamatkan diri sendiri dulu 🤣🤣🤣,5 months ago,0,0,839 selamat,4,Promosi Judi
@NyonyaBesar-q8b,6:32 bener banget,5 months ago,0,0,632 bener banget,4,Promosi Judi
@abahafandi8675,"Somehow, cocok ama pemikiran ane, ane muda ga ada privilage modal ijazah itb aje, skrng anak ane ane didik jd pebisnis krn punya privilage yg dl ane ga punya",5 months ago,0,0,somehow cocok ama pikir ane ane muda ga privilage modal ijazah itb aje skrng anak ane ane didik jd bisnis krn privilage yg dl ane ga,4,Promosi Judi
@diniwurnaningbudi4116,"Ku percaya kata2nya, realistis, dan itu benar, hidup ini kejam, dan warisan paling baik ilmu, investasi paling baik improve diri sendiri , dan hidup itu harus realistis",5 months ago,0,0,ku percaya kata2nya realistis hidup kejam waris ilmu investasi improve hidup realistis,4,Promosi Judi
@huntingmakna,"Bantu jawab dok

Lebih dari 1, dan anxiety gmn dok",5 months ago,0,0,bantu dok 1 anxiety gmn dok,4,Promosi Judi
@nandarisky2453,"Terjebak menjadi generasi sandwich itu juga bukan keinginan 😅
Pernah rasanya jadi mesin ATM 😅",5 months ago,0,1,jebak generasi sandwich mesin atm,4,Promosi Judi
@azzahrarahmadiani265,"29:13 jangan buru buru menikah kalau tidak punya uang,kalian yang menciptakan beban orang lain",5 months ago,0,0,2913 buru buru meni uangkalian cipta beban orang,4,Promosi Judi
@azzahrarahmadiani265,"That ""beban negara bos""",5 months ago,0,0,that beban negara bos,4,Promosi Judi
@toniadam8928,Gw pgen jd pengusaha..karena gw pnen solat tenang dan tepat waktu meskipun buka usaha warung..,5 months ago,0,0,gw pgen jd pengusahakarena gw pnen solat tenang buka usaha warung,4,Promosi Judi
@jonihdyt3981,"Anjir lu doc, headshot gua!!",5 months ago,0,0,anjir lu doc headshot gua,4,Promosi Judi
@dendywahyudisp.4413,Marah-marah tapi Lucu...,5 months ago,0,0,marahmarah lucu,4,Promosi Judi
@aniknurwati8693,"Mas tirma maaf....bagi sy jaminan hdp itu tak ada lg dan tak lain hanya Alloh ...sandarkan smua harapan hanya pada Nya .

Tp yaa bkn nya kt cm diem aja....ttp gerak ttp usaha tp jgn lupakan kt wajib dan hrs dekat dan berserah pada Alloh only....krn Dia sang maha pengendali....so...enaugh have alloh...
Sisa nya cm bonus

Sy allhamdulillah...tdk pny satu pun yg mas tirta sebut...dan sy skrg 49 thn my life very fine ....",5 months ago,0,0,mas tirma maafbagi sy jamin hdp lg alloh sandar smua harap nya tp yaa bkn nya kt cm diem ajattp gerak ttp usaha tp jgn lupa kt wajib hrs serah alloh onlykrn sang maha pengendalisoenaugh have alloh sisa nya cm bonus sy allhamdulillahtdk pny yg mas tirta sebutdan sy skrg 49 thn my life very fine,1,Bukan PromosiJudi
@Captstrong,"Saya tidak semua ,Kayaknya saya Lucky. Karena corona saya jadi kaya raya 😅😅😅",5 months ago (edited),0,0,kayak lucky corona kaya raya,4,Promosi Judi
@Fanbuster9238,"00:04:15 The most important thing di usia 20-25 adalah experience. Anda boleh cari pengalaman itu dari manapun. Kerja ma orang, part timer, freelancer, kuliah lagi. Tapi tahu yang menghancurkan itu semua adalah RUSH (terburu-buru). 

00:05:00 Kalian tu termakan standar society, Pak. Kalian tuh termakan standar society yang dibuat oleh warga secara fiktif bahwa usia 25 harus punya uang cepek. Enggak ada usia 20 - 25 harus punya Rp100 juta. Enggak ada yang namanya usia 30 itu harus punya rumah. Itu hanya standar yang diciptakan masa lalu untuk standar subjek sukses. Padahal kembali, saya sudah bilang sukses itu subjektif. Tidak ada yang pernah puas dengan yang namanya nominal saldo. 

00:06:00 Finansial itu berhubungan erat dengan variasi, pilihan, alternative of choice. Semakin tinggi finansialmu, kamu memiliki alternatif pilihan yang banyak. 

00:06:30 Pada fresh graduate, pertanyaan nomor 3. Sebelum Anda memulai bisnis, Anda harus cek tabungan Anda. Anda harus cek seberapa besar privilage Anda. Karena yang tidak diceritakan banyak orang, 50% kesuksesan berasal dari luck.

00:07:00 Kalian enggak tahu kan privilagenya dr. Tirta apa? Privilagenya dr Tirta tuh bapaknya adalah direktur utama Bank dan sekarang menjadi komisaris utamanya. Bapak saya itu dosen ekonomi, jenius setengah mati. Saya belajar literasi keuangan dari bokap. Saya belajar literasi perpajakan dari orang tua. Ibu saya dosen pertanian yang nyebrang ke bank. Udah gitu, ibu saya Cina, wit gandul asli, Bapak saya Boyolali, marga wong singodimejo ndue tanah okeh. Anake tunggal. Raine Cino, katolik 25 tahun, tiba-tiba mualaf di 2013. Wis tungal, Cino, hitungan pelit medit. Pelit kikir.

00:08:00 Sudah jelas saya, hemat pangkal kaya bos. Ajaran bro frugal even to the max. Kalau bisa bekas kenapa baru. Kalau bisa cash kenapa kredit. Nah, itu privilage saya.",5 months ago,0,0,000415 the most important thing usia 2025 experience cari alam mana kerja ma orang part timer freelancer kuliah hancur rush terburuburu 000500 tu makan standar society tuh makan standar society warga fiktif usia 25 uang cepek usia 20 25 rp100 juta nama usia 30 rumah standar cipta standar subjek sukses bilang sukses subjektif puas nama nominal saldo 000600 finansial hubung erat variasi pilih alternative of choice finansial milik alternatif pilih 000630 fresh graduate nomor 3 bisnis cek tabung cek privilage cerita orang 50 sukses asal luck 000700 privilagenya dr tirta privilagenya dr tirta tuh bapak direktur utama bank komisaris utama dosen ekonomi jenius mati ajar literasi uang bokap ajar literasi paja orang tua dosen tani nyebrang bank udah gitu cina wit gandul asli boyolali marga singodimejo ndue tanah okeh anake tunggal raine cino katolik 25 tibatiba mualaf 2013 wis tungal cino hitung pelit medit pelit kikir 000800 hemat pangkal kaya bos ajar bro frugal even to the max bekas cash kredit privilage,0,Bukan PromosiJudi
@sunannst5561,"motivator hanya mempersulit pekerja,,makin Tamba ribet",5 months ago,0,0,motivator sulit pekerjamakin tamba ribet,4,Promosi Judi
@rythmsilver7979,dokter masa bener sih sekelas ITB membayar pembicara segitu? terlepas seneng atau ngga ya. bukannya harus lebih menghargai pendidik. anda itu pendidik lho bukan entertainer.,5 months ago,0,0,dokter bener sih kelas itb bayar bicara segitu lepas neng ngga ya harga didik didik lho entertainer,4,Promosi Judi
@fransiskadevita8680,Catet!! Arogan kalo pinter gapapa Dr Tirta,5 months ago,0,0,catet arogan kalo pinter gapapa dr tirta,4,Promosi Judi
@SUPERMAGUS-channel,"Yatim ngumpul, jadi 0,01 persen yg kerjas keras klo gak punya modal iyaa jgn modal dengkul. Tapi terus belajar dari pengalaman orang lain, dan terapkan dg bekerja. ( ngikut orang/ ngikut bos cina) 😅",5 months ago,0,0,yatim ngumpul 001 persen yg kerjas keras klo gak modal iyaa jgn modal dengkul ajar alam orang terap dg ngikut orang ngikut bos cina,1,Bukan PromosiJudi
@Semesta6erbicara,Ilmu paling banyak didapat dari mana bang,5 months ago,0,0,ilmu bang,4,Promosi Judi
@siliconhills,"Gapapa dok. Abis lulus bikin bisnis itu malah harusnya dipuji. Itu artinya mereka mau belajar dan gak tergantung pada ketersediaan lapangan kerja formal. Cuman ya, jangan kebelet nikah dulu. Asli jangan.",5 months ago,0,0,gapapa dok abis lulus bikin bisnis puji ajar gak gantung sedia lapang kerja formal cuman ya kebelet nikah asli,4,Promosi Judi
@ranggietobias7591,"Tabungan Nominal : Minus dok 😭
Privilege : No 😭
Pengalaman : lumayan banyak",5 months ago,0,3,tabung nominal minus dok privilege no alam lumayan,4,Promosi Judi
@lenasutanti7348,Bjirrr wqwqw. “Tourguide” 🤣,5 months ago,0,0,bjirrr wqwqw tourguide,4,Promosi Judi
@SudungBond,Benar abangku Tirta intinya hidup ini kita jalani dengan pola pandang bersyukur karena setiap kehidupan sudah punya kesusahannya sendiri.😀,5 months ago,0,0,abang tirta inti hidup jalan pola pandang syukur hidup susah,4,Promosi Judi
@AyanaAzzahra234,"Gak punya ke 3 nya 
Kawin sama yg punya ke 3 nya",5 months ago,0,0,gak 3 nya kawin yg 3 nya,4,Promosi Judi
@ZaenaZaena-i4e2z,"Mntan bos ak istrinya jungkir balik byr karyawan, jual ini jual itu gadai ini gadai itu, tp suaminya g bisa prihatin bru jd pengusaha keridit ini   kridit itu ganti mobil trus, ahirny pas itu istrinya g snaggup lg, 😮😢",5 months ago,0,1,mntan bos ak istri jungkir byr karyawan jual jual gadai gadai tp suami g prihatin bru jd usaha keridit kridit ganti mobil trus ahirny pas istri g snaggup lg,4,Promosi Judi
@AndaSaya-i4r,"MUDAH KOK BANG, usaha truss serahin ke ALLAH hasilnya",5 months ago (edited),0,0,mudah bang usaha truss serahin allah hasil,4,Promosi Judi
@jakaaditia.p1076,7:05,5 months ago,0,0,705,4,Promosi Judi
@farikhaalfirafida2447,Bertahan/Parking buss  bos..,5 months ago,0,0,bertahanparking buss bos,4,Promosi Judi
@Ailuk-17o,"Kalau ngontrak tu, harus bayar per bulan/tahun, Janggan bergantung pada orang lain, termasuk suami , pikir saja dulu diri sendiri, kalau trus ngontrak nih kira"" kalau udah jompo gak ada yang gaji apa yang di kontrakin ini mau nampung jompo?",6 months ago (edited),0,1,ngontrak tu bayar bulantahun janggan gantung orang suami pikir trus ngontrak nih udah jompo gak gaji kontrakin nampung jompo,4,Promosi Judi
@ExselMarselno-tf5se,"Saya ingin menjadi pengusaha, untuk investasi jangka panjang. Maksudnya saya ikut kerja dulu di orang sudah ada tabungan membuka pengusaha food, dan ada tabungan saya masukan ke investasi jangka panjang. Dan Jika saya membuka usaha food rame saya membuka cabang. Jadi jika cabang akan hancur saya akan menjual investasi dalam contoh misalnya emas antam. Dan saya akan berfikir lagi bagaimana cara agar saya tidak tikar gulung dalam berwirausaha food. Kata guru saya ""kamu harus punya usaha dua mas, satu usaha bakso satu usaha mie ayam, jadi jika usaha bakso ambruk kamu masih ada usaha mie ayam mas, dan kamu bisa membuka peluang usaha sate, karena kita hidup berdampingan ada siang malam ada wanita ada pira dan lain². Jika kamu usaha coba tirukan itu""",6 months ago,1,0,usaha investasi jangka maksud kerja orang tabung buka usaha food tabung masuk investasi jangka buka usaha food rame buka cabang cabang hancur jual investasi contoh emas antam berfikir tikar gulung berwirausaha food guru usaha mas usaha bakso usaha mie ayam usaha bakso ambruk usaha mie ayam mas buka peluang usaha sate hidup damping siang malam wanita pira usaha coba tiru,3,Bukan PromosiJudi
@PisangAnjay,“ Hidup itu soal bertahan bukan menyerang “,6 months ago,0,1,hidup tahan serang,4,Promosi Judi
@ExselMarselno-tf5se,Tapi pak. Semua itu bergantung dari keberuntungan. Jadi seperti dr tirta bilang. Kita harus bisa membedakan ego ambisi mimpi.,6 months ago,0,0,gantung untung dr tirta bilang beda ego ambisi mimpi,4,Promosi Judi
@urgame9910,Uhuukk uhukk.....,6 months ago,0,0,uhuukk uhukk,4,Promosi Judi
@nanasuhardiana3860,"Klu bekas knp mesti baru,,,klu nggak bisa cash knp mesti nyicil,,,peng_peng",6 months ago,0,0,klu bekas knp mesti baruklu nggak cash knp mesti nyicilpengpeng,4,Promosi Judi
@aliffrs,"Menyerang akan membuatmu memenangkan pertandingan, tp bertahan akan membuatmu JUARA. (alex ferguson)",6 months ago,0,0,serang buat menang tanding tp tahan buat juara alex ferguson,4,Promosi Judi
@achmadahef6956,"THANKS DOK SUDAH MEMBEDAH HAL INI, KARENA BANYAK YANG TERACUNI NARASI YANG TIDAK LENGKAP DILUAR SANA TERKAIT DENGAN PENGUSAHA SUKSES",6 months ago,0,0,thanks dok bedah racun narasi lengkap luar kait usaha sukses,4,Promosi Judi
@kleberson777,"makanya gw paling ga sreg dgn motivator tapi dia adalah anak dari keluarga yg kaya raya.
Dia bilang ""kalo usaha yang penting mulai dulu aja. Just do it""
Lah kalo bangkrut, besok mau makan apa? Kalo u kan masih ada keluarga yg bisa bantu scr financial, kalo gw?",6 months ago,0,0,gw ga sreg dgn motivator anak keluarga yg kaya raya bilang kalo usaha aja just do it kalo bangkrut besok makan kalo u keluarga yg bantu scr financial kalo gw,1,Bukan PromosiJudi
@rusliadiahmad5644,"""Sukses itu Subjektif""

Dr. Tirta",6 months ago,0,11,sukses subjektif dr tirta,4,Promosi Judi
@PiYeppi,"Bisnis gak semudah kata"" timothy ronald 😂",6 months ago,0,0,bisnis gak mudah timothy ronald,4,Promosi Judi
@salmanalfarisi6118,"Makasih dr tirta nasehatnya, penjelasannya bisa dicerna dengan baik",6 months ago,0,0,makasih dr tirta nasehat jelas cerna,4,Promosi Judi
@riojenewo3661,"“saya berhenti sekolah, dan fokus crypt0” - someone 😂",6 months ago,0,0,henti sekolah fokus crypt0 someone,4,Promosi Judi
@teman_bicara,Kereen dok 👍,6 months ago,0,0,kereen dok,4,Promosi Judi
@apriaja-w1h,jngn dengerin kata motivator bulshite semua,6 months ago,0,0,jngn dengerin motivator bulshite,4,Promosi Judi
@popol69-q6f,Ini lebih masuk akal daripada All in BTC😂😂,6 months ago (edited),0,0,masuk akal all in btc,4,Promosi Judi
@almustaqim9097,"Mas previlage ku mung KUR BRI,...  Usaha 10 thn stuck gak bisa maju,,, tp alhamdulillah cukup go mangan,,, awal 2025 hampir rungkat,, gak bisa bayar angsuran,,, beruntung istriku nabung bisa buat angsuran",6 months ago,0,0,mas previlage ku mung kur bri usaha 10 thn stuck gak maju tp alhamdulillah go mangan 2025 rungkat gak bayar angsur untung istri nabung angsur,4,Promosi Judi
@lelakilanang8284,"Liverpool 30 Thn aja baru juara sekali, kalian pasti 30 Thn lagi jadi orang sukses 😂",6 months ago,0,0,liverpool 30 thn aja juara 30 thn orang sukses,4,Promosi Judi
@marwanwid,"mati cuma sekali, hidup itu tiap hari

damn",6 months ago,0,2,mati hidup damn,4,Promosi Judi
@muhammadsaifullah2009,W kira donnie yen 😂😂😂,6 months ago,0,0,w donnie yen,4,Promosi Judi
@WarriorGTX,"Saya mau jadi pengusaha untuk memiliki kehidupan lebih baik😊,
Alhamdulillah sudah saya jalani",6 months ago,2,1,usaha milik hidup alhamdulillah jalan,4,Promosi Judi
@aryanld3068,"Mas tirta, seumuran disini. Algorithm yg nyaranin saya kesini. Tapi karena ada ketertarikan dengan contents& contexts nya disini saya stuck dengerin sampeyan.",6 months ago,0,0,mas tirta umur algorithm yg nyaranin kesini tari contents contexts nya stuck dengerin sampeyan,4,Promosi Judi
@GarobakberkahGarobakberkah-m9r,"belajar dari REPUBLIK FUFUFAFA bahwa bisnis yang paling cepat mendatangkan cuan, adalah bisnis kekuasaan 

Bisnis jadi Presiden, Bisnis Jadi Gubernur, Bisnis jadi Walikota ya #minimal bisnis jadi Kepala Desa. 

dijamin akan dapat mengelola uang banyak.",6 months ago,0,0,ajar republik fufufafa bisnis cepat cuan bisnis kuasa bisnis presiden bisnis gubernur bisnis walikota ya minimal bisnis kepala desa jamin kelola uang,0,Bukan PromosiJudi
@muhammadwasil1472,"Respect 🔥
Isinya daging semua g nyangka udah 2 bulan yg lalu tapi baru muncul di ytku, ini pertanda buat diri sendiri kedepannya buat investasi otak & kesehatan",6 months ago,0,0,respect isi daging g nyangka udah 2 yg muncul ytku tanda depan investasi otak sehat,4,Promosi Judi
@WarriorGTX,"Saya tidak puya pengalaman 0%, saya belajar auto didak tanpa aturan dari orang lain dan hanya berpegang pada diri saya sendiri, intinya konsisten aja dengan kehidupan kalian ini",6 months ago,0,1,puya alam 0 ajar auto didak atur orang pegang inti konsisten aja hidup,4,Promosi Judi
@WarriorGTX,Aku gak puya orang tua yang vrivilag,6 months ago,0,0,gak puya orang tua vrivilag,4,Promosi Judi
@xxxx-lj8hk,Kalo semua zonk gmna,6 months ago,0,0,kalo zonk gmna,4,Promosi Judi
@haryjoz6115,"Dr. Tirta versi covid
Mantap sih",6 months ago,0,0,dr tirta versi covid mantap sih,4,Promosi Judi
@AsamManis-li9gr,saya mahasiswa dan ini saya berbisnis dibidang jasa untuk pembuatan website dan alhamdulillah baru saja mendapatkan 2 client,6 months ago,4,47,mahasiswa bisnis bidang jasa buat website alhamdulillah 2 client,4,Promosi Judi
@aalighani,2 yang bisa kita wariskan : ilmu dan anak,6 months ago,0,0,2 waris ilmu anak,4,Promosi Judi
@bobaraseeker591,Family friendly sekali konten ini 🥰,6 months ago,0,0,family friendly konten,4,Promosi Judi
@mtwones,"Jalan usaha karena
1. Standart umur sudah tidak mempuni di indo umur 25 sudah exp
2. Tetap usaha kecil kecilan hanya studio tattoo
3. Tattoo masih dipandang kriminal
4. Pengalaman saat ini di umur 27 builder mobil classic,marketing,tourleader,driver

Disaat ini pariwisata indo melemah dan penjajahan orang luar yang tinggal di indo membuka wisata 

Ya saya tidak mempunyai previl dari yatim piatu, modal pas pasan karena di hajar corona

Sampai sekarang saya belum menyerah melamar kerja dan berharap ada panggilan",6 months ago,0,0,jalan usaha 1 standart umur pun indo umur 25 exp 2 usaha kecil studio tattoo 3 tattoo pandang kriminal 4 alam umur 27 builder mobil classicmarketingtourleaderdriver saat pariwisata indo lemah jajah orang tinggal indo buka wisata ya previl yatim piatu modal pas pas hajar corona serah lamar kerja harap panggil,1,Bukan PromosiJudi
@robahmuhammad2281,"Liverpool 30 tahun, wkwkwkwkwkwkw",6 months ago,0,0,liverpool 30 wkwkwkwkwkwkw,4,Promosi Judi
@ForyouForme-u6o,Hanya ingin mencari sebanyak yg saya bisa dn memberi sebanyak yg saya bisa,6 months ago,0,0,cari yg dn yg,1,Bukan PromosiJudi
@gametechuzumaki1169,"Udah mau 2 tahun kerja dengan gaji yang sedikit di atas UMR (kalo lemburan bisa dua digit) pernah mikir mau usaha aja supaya bisa manjat kelas  dari menengah nanggung ke ya minimal menengah hampir kaya 🤣 . Tapi emang gak punya jaring emas (privelege) buat nahan kalo nanti misal usahanya gagal. Jadi akhirnya mutusin uang gaji di invest aja itupun di instrumen investasi yg minim resiko seperti emas atau RDPT. Selalu mikir dan nganggap diri ini pengecut, gak mau keluar dari zona nyaman, miskin seumur hidup karena gak berani buka bisnis sendiri. Tapi setelah nonton vidio ini jd makin sadar kalo pilihan gw kemaren gak salah. Thanks dawg eh dok.",6 months ago,0,1,udah 2 kerja gaji umr kalo lembur digit mikir usaha aja manjat kelas tengah nanggung ya minimal tengah kaya emang gak jaring emas privelege nahan kalo usaha gagal mutusin uang gaji invest aja itu instrumen investasi yg minim resiko emas rdpt mikir nganggap kecut gak zona nyaman miskin umur hidup gak berani buka bisnis nonton vidio jd sadar kalo pilih gw kemaren gak salah thanks dawg eh dok,0,Bukan PromosiJudi
@rendrahelm3704,Saya cuma lulusan SMA. Mau nerusin kuliah males. Karena ngak ada biaya.  Terus kerja Di Tukang anter Gas Galon Selama 2th lebih. Gaji cuman 750 ribu per bulan. Sempat mikir usaha apa yg tanpa modal awal. Akirnya ketemu Jualan Helm Dari awal modal Cuman 100 ribu tak Jual laku 200 ribu eh kok untung banyak.  Terus lah beli Helm seken. Saya jual lagi untung muter terus. Modal awal Cuman 100 ribu.  Itu di tahun 2019. Dan Alhamdulillah sampai sekarang udah punya stok banyak Nominal mencapai 1M.  Di umur saya Baru 25 th. Alhamdulillah bisa membahagian orang tua. Tidak membebani keluarga.  Modal Tidak ngutang. Cuma dari Untung Helm seken Muter terus sampai 5th ini Alhamdulillah. Perjuangan walaupun belum punya tabungan banyak. Hp cuman android. Bukan ip.    Modal 100 ribu.  Pengalaman Baru Jga. Tapi alhamdulillah belajar pelan pelan semua Bisa.   Tetep semangat Bolo. Sambat rapopo 😁,6 months ago (edited),0,0,lulus sma nerusin kuliah males ngak biaya kerja tukang anter gas galon 2th gaji cuman 750 ribu mikir usaha yg modal akirnya ketemu jual helm modal cuman 100 ribu jual laku 200 ribu eh untung beli helm ken jual untung muter modal cuman 100 ribu 2019 alhamdulillah udah stok nominal capai 1m umur 25 th alhamdulillah membahagian orang tua beban keluarga modal ngutang untung helm ken muter 5th alhamdulillah juang tabung hp cuman android ip modal 100 ribu alam jga alhamdulillah ajar pelan pelan tetep semangat bolo sambat rapopo,1,Bukan PromosiJudi
@kusumoadmojo4440,"emang kenapa kalo jadi beban negara, bilang aja iri dan pingin dapet bansos juga 😅😅",6 months ago,0,0,emang kalo beban negara bilang aja iri pingin dapet bansos,4,Promosi Judi
@inyongplant,Bro....Bro...Asik banget dengernya. Serasa dengar motivasi dari CEO Laguna Grup...,6 months ago,0,0,brobroasik banget dengernya serasa dengar motivasi ceo laguna grup,4,Promosi Judi
@ivanrmdn,"Gak punya privilege
Lulusan SMK kerjaan mekanik a2b
Punya usaha di kampung halaman",6 months ago,0,0,gak privilege lulus smk kerja mekanik a2b usaha kampung halaman,4,Promosi Judi
@triadi4032,"Waduh.. Privilege gk ada, ipk gk kuliah, financial ajur. Kerja 10 th gk ono hasil, impian tinggi. Wah.. Parah.pantes yak kalo gua miskin bgt.",6 months ago,0,0,privilege gk ipk gk kuliah financial ajur kerja 10 th gk ono hasil impi parahpantes yak kalo gua miskin bgt,4,Promosi Judi
@shofikhula9507,bang izin motong videonya ya,6 months ago,0,0,bang izin motong video ya,4,Promosi Judi
@Boy90s,18:06 kamboja i'm coming,6 months ago,0,0,1806 kamboja im coming,4,Promosi Judi
@aku2224,"bisa ngga saya kariawan tapi jadi bos,, saya dirikan usaha saya dengan tabungan saya tapi saya gaji kariawan saya dengan gaji saya sebagai kariawan di tempat kerja saya?",6 months ago,0,0,ngga kariawan bos diri usaha tabung gaji kariawan gaji kariawan kerja,4,Promosi Judi
@RobertusJordySusilo,Buat laporan sambil dengar Dokter Tirta serasa di ceramahin 2 sks 👍,6 months ago,0,0,lapor dengar dokter tirta serasa ceramahin 2 sks,4,Promosi Judi
@Rexxycc,agak kena mental gw nonton ini akwoaowkao,6 months ago,0,0,kena mental gw nonton akwoaowkao,4,Promosi Judi
@dayatkisaragi4725,Sangat setujuu,6 months ago,0,0,setujuu,4,Promosi Judi
@superjunior1999, @AsamManis-li9gr  lu kalo promosi jasanya dimana bg,5 months ago,0,1,asammanisli9gr lu kalo promosi jasa mana bg,4,Promosi Judi
@18-001ImamFadhkurRokhim-mc1hj," @superjunior1999  gw juga gitu bang, dapet puluhan project/client awal² dari temen mahasiswa, setelah lulus dapet client dari networking temen kerja. Intinya sih privilege yg dibangun, relasi/network",3 months ago,0,0,superjunior1999 gw gitu bang dapet puluh projectclient temen mahasiswa lulus dapet client networking temen kerja inti sih privilege yg bangun relasinetwork,4,Promosi Judi
@riyanredmi3617,buat website gimana bang,3 months ago,0,0,website gimana bang,4,Promosi Judi
@naflorist6367, @AsamManis-li9gr  promosi dimana bang,3 months ago,0,0,asammanisli9gr promosi mana bang,4,Promosi Judi
@annisaaszahra9075,Tertampar wkwkk,6 months ago,0,0,tampar wkwkk,4,Promosi Judi
@widyasulistia9576,"""realistis itu penting""",6 months ago,0,0,realistis,4,Promosi Judi
@acerexpo,mirip guru ip (ip man),6 months ago,0,0,guru ip ip man,4,Promosi Judi
@GalluZ,"Aku seorang hampir umur 23 fresh graduate bidang pendidikan, tinggal nunggu wisuda. IPK ku bagus (di atas 3,5) dan finansialku aman karena ibuku, cuma lagi kurang pengalaman kerja (ada sih event sana sini, tapi pengalaman yg dapet uang beneran itu dikit). Sebenernya tergoda untuk lanjut kerja karena aku sedikit iri karena: 1. Beberapa temenku ada yg udah kerja; 2. Aku benci karena mau beli hal² sekunder aja harus minta uang ke ibu. Setelah belakangan ini liat kelas pakarnya Dr. Tirta, saran dari kakak dan suami, dan inspirasi dari cewekku, aku di situasi yang cocok untuk upgrade otak, belajar, iqro. Dari kelas pakar Dr. Tirta yang lain itu aku nyadar juga, tujuan S2 itu menggabungkan cara kerja dunia yang dipelajari pas SMA dan cara mencari uang yang dipelajari pas S1. Aku punya mental mempimpin, tapi aku masih kurang pengalaman karena lebih banyak yapping macem ""kenapa dilakukan A, bukan B"", ditambah lagi sifat jelekku yang masih suka nunda pekerjaan (procrastinating).

Aku mungkin bakalan lanjut S2 ku, cuman kalo bisa sambil kerja (kalopun dapet), aku bakalan mau juga buat bonus. Semoga berhasil 🐔🙏",6 months ago,0,0,umur 23 fresh graduate bidang didik tinggal nunggu wisuda ipk ku bagus 35 finansial aman ibu alam kerja sih event alam yg dapet uang beneran dikit sebenernya goda kerja iri 1 temenku yg udah kerja 2 benci beli sekunder aja uang liat kelas pakar dr tirta saran kakak suami inspirasi cewek situasi cocok upgrade otak ajar iqro kelas pakar dr tirta nyadar tuju s2 gabung kerja dunia ajar pas sma cari uang ajar pas s1 mental pimpin alam yapping macem a b tambah sifat jelek suka nunda kerja procrastinating s2 ku cuman kalo kerja kalo dapet bonus moga hasil,3,Bukan PromosiJudi
@lambridi,"ini bicara tentang bisnis elit dan formal kemyataan di lapangan tdk serta merta harus menuhin syyarat itu terlepas dari ini untuk anak kuliah tapi fakta di lapangan pengalaman lah yg benar2 buat kita bisa belajar berbisnis dan kuci keberhasilan bukan banyak teori tapi planing dan eksekusi. tapi lumayan juga krn di beberkan banyak fakta lapangan bukan bicara bulsit ini yg gw suka dari dr tirta,",6 months ago,0,0,bicara bisnis elit formal kemyataan lapang tdk merta menuhin syyarat lepas anak kuliah fakta lapang alam yg benar2 ajar bisnis kuci hasil teori planing eksekusi lumayan krn kan fakta lapang bicara bulsit yg gw suka dr tirta,1,Bukan PromosiJudi
@raflychnl9793,"""takdir mas""😂",6 months ago,0,0,takdir mas,4,Promosi Judi
@bagusderajat5380,"Makasis dok ilmu nya, saya baru umur 15 tahun jadi terinspirasi buat belajar coding supaya bisa kerja jual jasa atau pun yang lain, rencana kalau sudah ada tabungan saya ingin membuat lahan hydroponik. Tapi saya bingung mau ambil kuliah atau tidak?",6 months ago,1,0,makas dok ilmu nya umur 15 inspirasi ajar coding kerja jual jasa rencana tabung lahan hydroponik bingung ambil kuliah,4,Promosi Judi
@ichwan.m.haikal,Nuhun pisan.,6 months ago,0,0,nuhun pis,4,Promosi Judi
@Paket-Komplit,Endingnya gacor dok 😂😂😂,6 months ago,0,0,endingnya gacor dok,4,Promosi Judi
@satriakelanapanjaitan8175,Sehat selalu bos,6 months ago,0,0,sehat bos,4,Promosi Judi
@aisaisah2096,"Jangankan bisnis, saya buka sekolah yg berbasis sosial aja sulit bgt.. Penuh rintangan. Skrg dah nyerah thn ini terakhir sdh sy akan tutup itu sekolah nya.. Cukup",6 months ago,0,0,bisnis buka sekolah yg bas sosial aja sulit bgt penuh rintang skrg dah nyerah thn sdh sy tutup sekolah nya,4,Promosi Judi
@regaatvgo2559,"saya menikah di usia 25 tahun,setelah lulus kuliah. di tahun 2023.dan saya berusaha bangun warung sembako buat roko ,beli tanah, 1 tahun kemudian warung sembako tutup saya baralih ke pemeliharaan sapi. modal hutang bank 120 JT dan, di 2026 ini semua habis tinggal tersisa bayar bank dan macetacetan .sumpah hidup tak semudah cocote motifator cokk",6 months ago,2,0,meni usia 25 tahunsetelah lulus kuliah 2023dan usaha bangun warung sembako roko beli tanah 1 warung sembako tutup baralih pelihara sapi modal hutang bank 120 jt 2026 habis tinggal sisa bayar bank macetacetan sumpah hidup mudah cocote motifator cokk,4,Promosi Judi
@TKMHS_13,Dokter tirta😂😂😂😂😅😅😅,6 months ago,0,0,dokter tirta,4,Promosi Judi
@rendinursamiaji9782,"1. tanyakan ke diri sendiri alasan jadi pengusaha
2. tanyakan ke diri sendiri tentang pilihan
3. cek tabungan/privilage anda/perkuliahan(pengalaman kerja). membedakan ke tiga ini adalah waktu
4. self analysis(menghitung kemungkinan gagal dan bersaing). double profesi is the best: 9-5 kerja tapi punya bisnis dan dr tirta punya 7 profesi
5. luck(keberuntungan). dan investasi terbaik dua hal yaitu otak dan kesehatan",6 months ago,0,8,1 alas usaha 2 pilih 3 cek tabunganprivilage andaperkuliahanpengalaman kerja beda 4 self analysismenghitung gagal saing double profesi is the best 95 kerja bisnis dr tirta 7 profesi 5 luckkeberuntungan investasi baik otak sehat,4,Promosi Judi
@risqoprintingofficial,Jangan buru buru nikah. Menghidupi diri sendiri aja susah mau coba-coba ngajak orang lain🎉,6 months ago,0,0,buru buru nikah hidup aja susah cobacoba ngajak orang,4,Promosi Judi
@ErwinAdityawan,"Sy lulusan SMK
Anak orang susah tdk punya apa""
Umur 19 tahun sy honorer
Umur 20 tahun jadi sales
Umur 21 tahun coba buka usaha laundry sepatu. Jujur sy dpt inspirasi dari dr.tirta
Merambat ke laundry pakaian di tahun 2016 alhamdulillah...sekarang laundry sudah besar.
 Jangan menyerah untuk kita PERINTIS. KEEP FIGHT !!! PENG PENG PENG",6 months ago (edited),4,164,sy lulus smk anak orang susah tdk umur 19 sy honorer umur 20 sales umur 21 coba buka usaha laundry sepatu jujur sy dpt inspirasi drtirta rambat laundry pakai 2016 alhamdulillahsekarang laundry serah rintis keep fight peng peng peng,4,Promosi Judi
@canggihwahyudi5333,"Perkenalkan saya Wahyu Umur 23th 
Lulusan SMK th 2021 (Tidak mau kuliah karena takut akan menambah beban orang tua )
Orang tua PNS dg gaji under 3jt
Punya kakak 3 TNI semua

Saya Punya usaha produksi bahan bahan bangunan 
Yang awalnya milik bapak yg sulit berkembang, jadi saya teruskan setelah lulus sekolah.. Alhamdulillah untuk sekarang usaha sedikit demi sedikit mempunyai koneksi ( Tukang, Pemborong, Toko"" Bangunan dll )
Alasan saya untuk fokus di usaha adalah Saya hanya mewujudkan impian saya dulu, ingin bekerja tanpa di suruh. Ingin bekerja tanpa tekanan, ingin bekerja sesuai kemampuan saya. 

Dan Insyaallah akan nambah usaha Bengkel las 

Pertanyaan saya, apakah saya termasuk 3 yang di sebutkan atau belum ? 
IPK tidak punya karena saya ga kuliah 
Privilage emang dari keluarga yg menengah lah 
Koneksi tidak ada ( koneksi saya mengalir dari usaha )",6 months ago,0,0,kenal wahyu umur 23th lulus smk th 2021 kuliah takut tambah beban orang tua orang tua pns dg gaji under 3jt kakak 3 tni usaha produksi bahan bahan bangun milik yg sulit kembang terus lulus sekolah alhamdulillah usaha koneksi tukang borong toko bangun dll alas fokus usaha wujud impi suruh tekan sesuai mampu insyaallah nambah usaha bengkel las 3 sebut ipk ga kuliah privilage emang keluarga yg tengah koneksi koneksi alir usaha,1,Bukan PromosiJudi
@bukanboboiboy,"Aku umur 25 belum financial stable, ortu dua""nya udah meninggal, pengalaman juga ga banyak karena kemarin beberapa tahun rawat orang tua yang sakit, sekarang semester 10 dan lagi skripsian.... Aku bisa apa dok??
Kalo sekarang sih buat bisa berdiri dikit, sambil ngojol",6 months ago (edited),0,1,umur 25 financial stable ortu dua udah tinggal alam ga kemarin rawat orang tua sakit semester 10 skripsi dok kalo sih diri dikit ngojol,4,Promosi Judi
@prasetyosaputro1689,Ngene iki  ya di ceramahi WONG TUO 30 menit soal URIP REALISTIS. Biasane grisenen kuping tapi iki seneng,6 months ago,0,0,ngene iki ya ceramah tuo 30 menit urip realistis biasane grisenen kuping iki neng,4,Promosi Judi
@AbdulRois-c4u,"IPK (ya)
[ENGALAMAN KERJA (ya)
FINANSIAL (no)
PRIVILLAGE (no)",6 months ago,0,0,ipk ya engalaman kerja ya finansial no privillage no,4,Promosi Judi
@anglerdiary," @bagusderajat5380  saran dikit, kuliah/tidak kuliah tergantung dimana posisi kamu. Tp ini ada sedikit shortcut yang non formal. 
1. Belajar mental, ambil kelas speaking di pare. Jangan tinggal di kost, tapi tinggal di camp
2. Belajar hardskill pake youtube dan chat gpt udah ok. 
3. Banyakin relasi yg membangun, bisa offline atau grup di Facebook. 
4. Oh ya, di pare juga bagus bangun relasi. Banyak anak kuliahan yg bisa ngebawa mindset km lebih baik. Tp cari pas musim liburan anak kuliah.",6 months ago,0,0,bagusderajat5380 saran dikit kuliahtidak kuliah gantung mana posisi tp shortcut non formal 1 ajar mental ambil kelas speaking pare tinggal kost tinggal camp 2 ajar hardskill pake youtube chat gpt udah ok 3 banyakin relasi yg bangun offline grup facebook 4 oh ya pare bagus bangun relasi anak kuliah yg ngebawa mindset km tp cari pas musim libur anak kuliah,1,Bukan PromosiJudi
@joganez553, @ErwinAdityawan  masih jadi honorer gak kak ?,4 months ago,0,2,erwinadityawan honorer gak kak,4,Promosi Judi
@ErwinAdityawan,"​ @joganez553 
Tidak kak
Alhamdulillah sdh jd owner laundry di papua kak",3 months ago,0,0,joganez553 kak alhamdulillah sdh jd owner laundry papua kak,4,Promosi Judi
@GoogleAkun-u3i,​ @joganez553 udah engga kan dia buka usaha,2 months ago,0,0,joganez553 udah engga buka usaha,4,Promosi Judi
@ownerbums, @ErwinAdityawan  keren bang,3 months ago,0,1,erwinadityawan keren bang,4,Promosi Judi
@ariswidyarahman,Pemeliharaan sapinya kenapa tutup?,6 months ago,0,0,pelihara sapi tutup,4,Promosi Judi
@AbdulRois-c4u,i dont have privillage,6 months ago,0,0,i dont have privillage,4,Promosi Judi
@cacan-u2e,Dngerin ini sambil push rank mlh ngrasa ksindir njir😂,6 months ago,0,0,dngerin push rank mlh ngrasa ksindir njir,4,Promosi Judi
@Shortstory-121,Dipikir pikir dr tirta mirip ip man😅,6 months ago,0,0,pikir pikir dr tirta ip man,4,Promosi Judi
@dosenseniorindonesia,Sukses dan financial stable itu berbeda jauh......mantap,6 months ago,0,0,sukses financial stable beda jauhmantap,4,Promosi Judi
@Byzheelly_yz,Mas Tirta nek ngomong jian..😅,6 months ago,0,0,mas tirta nek ngomong jian,4,Promosi Judi
@RaiGunawan-m3s,Saya punya semangat juang yang tinggi,6 months ago,0,0,semangat juang,4,Promosi Judi
@projectweekend4820,"Keren banget emang dokter tirta ini
Beda dg dokter dokter pada umum nya 🎉",6 months ago,0,0,keren banget emang dokter tirta beda dg dokter dokter nya,4,Promosi Judi
@bedjowidjanarko,"28:37.  Sudah tak maafkan salah dokter, saya tidak merasa tersinggung. Dari menit pertama bener semua, saya cuma lulusan STM 12 RM lulus th 1998, kerja serabutan, tapi background saya sejak SMP saya sudah bekerja jadi buruh tukang potong ayam di pasar, sejak SMP saya pahami mekanisme kerja, cara berjualan, belajar memimpin kelompok (group), 10th bekerja cari modal, (Prinsip saya) tujuannya buka usaha, Alhamdulillah th 2008 saya buka satu Agen JNE, sekarang sudah punya 3 outlet, tapi sekarang jamannya Cashless, usaha keagenan ya Alhamdulillah saja deh. 
Terimakasih Dokter Tirta.",6 months ago,0,1,2837 maaf salah dokter singgung menit bener lulus stm 12 rm lulus th 1998 kerja serabutan background smp buruh tukang potong ayam pasar smp paham mekanisme kerja jual ajar pimpin kelompok group 10th cari modal prinsip tuju buka usaha alhamdulillah th 2008 buka agen jne 3 outlet jaman cashless usaha agen ya alhamdulillah deh terimakasih dokter tirta,1,Bukan PromosiJudi
@masbambang89,"Jangan remehkan privillage RT 😅 semua saudara ketua RT dapat bqntuan bansos, BLT, bedah rumah, kis, bpjs gratis. 😮",6 months ago,0,0,remeh privillage rt saudara ketua rt bqntuan bansos blt bedah rumah kis bpjs gratis,4,Promosi Judi
@dikifebrian2917,Kalo gak semuanya,6 months ago,0,0,kalo gak,4,Promosi Judi
@afraazhar1099,jadi kalo lulus sma doang ga tiga tiga nya ya?,6 months ago,0,0,kalo lulus sma doang ga nya ya,4,Promosi Judi
@SuryaUtama-o4g,Daging semua wagyu a5 👌❤,6 months ago,0,0,daging wagyu a5,4,Promosi Judi
@notlaw999,Pengen usaha pengen merubah keadaan dari pecundang jadi someone good 😢,6 months ago,0,0,ken usaha ken rubah cundang someone good,4,Promosi Judi
@danilrefi2479,"dok saya tidaknya 3 tapi alhamdulillah bisa bertahan lebih 6 tahun sampe sekarang, ga ada modal hasil utang, ortu tidak ada privilege ga kuliah",6 months ago,0,2,dok tidak 3 alhamdulillah tahan 6 sampe ga modal hasil utang ortu privilege ga kuliah,4,Promosi Judi
@hambakasim,"""Normal gk di umur 22 belom menaklukkan constantinople?""",6 months ago,0,0,normal gk umur 22 bom takluk constantinople,4,Promosi Judi
@sobrecomendasi,Pertemanan atau uang. Realistis itu penting. 😢😢😢,6 months ago,0,0,teman uang realistis,4,Promosi Judi
@firmanpamungkaz,The most raw and brutally honest about starting a business!! TOP 😂😭,6 months ago,0,0,the most raw and brutally honest about starting a business top,4,Promosi Judi
@purbafarm1080,setuju dok,6 months ago,0,0,tuju dok,4,Promosi Judi
@faishalalwi364,"Usaha ketika gagal kamu gak bakal ada kesempatan lagi,, beda dengan mereka yg pewaris memiliki modal terus menerus.",6 months ago,0,1,usaha gagal gak sempat beda yg waris milik modal terus,4,Promosi Judi
@suaibzakaria3138,23:21,6 months ago (edited),0,0,2321,4,Promosi Judi
@wforh4.0,"privilege nggak ada, ipk kecil/kuliah kacau karena emang kuliah keinginan orang tua, tapi punya penghasilan 11-15 juta per bulan dari youtube (diakun lain) pertanyaan saya apa keputusan saya ini bisa dibenarkan atau mungkin saya  salah ambil jalan?
saya masih bingung sampe sekarang harus gimana, mau fokus yt karena emang suka ngedit tapi ortu maksa kuliah yang udah kebaca alurnya cari gelar.",6 months ago (edited),0,1,privilege nggak ipk kecilkuliah kacau emang kuliah orang tua hasil 1115 juta youtube akun putus benar salah ambil jalan bingung sampe gimana fokus yt emang suka ngedit ortu maksa kuliah udah baca alur cari gelar,4,Promosi Judi
@SayaAyu-ms7dz,Beli chat gpt pro,6 months ago,0,0,beli chat gpt pro,4,Promosi Judi
@kondangdjaya3102,Dokter pethog😂 tapi aku seneng😂 luck luck luck dokter sehat terus yo sedang berproses dok sedang bertumbuh & sendang diusahakan❤😊,6 months ago,0,0,dokter pethog neng luck luck luck dokter sehat yo proses dok tumbuh sendang usaha,4,Promosi Judi
@AdibMuharram,"Terkait luck. Saya sampai diposisi sekarang bisa dibilang 80% karena luck. Saya pernah diskusi dengan mentor saya, persiapkan value diri kita, ketika luck muncul kita akan ready untuk memaksimalkan.",6 months ago,0,0,kait luck posisi bilang 80 luck diskusi mentor siap value luck muncul ready maksimal,4,Promosi Judi
@matchaa_milky,Terimakasi.ilmunya,6 months ago,0,0,terimakasiilmunya,4,Promosi Judi
@matchaa_milky,Kanada.kuliah.geratis,6 months ago,0,0,kanadakuliahgeratis,4,Promosi Judi
@matchaa_milky,Kalau.tiga²nya ga ada.gimana,6 months ago,0,2,kalautiganya ga adagimana,4,Promosi Judi
@ikisoposi,"Dari keluarga kaya blum tentu bikin kita sukses, tergantung mindset ttg uang dan hidup. dari keluarga sederhana pun meskipun Kerja keras sekeras apapun belum tentu sukses. Sukses itu gabungan antara previlege, Keilmuan dan pengetahuan, Skill yg diasah, mindset, tindakan, kebiasaan, Networking, Mentality, Kecerdasan otak, hubungan dengan tuhan, hubungan keluarga yg harmonis, keberuntungan dan yg paling penting Do'a Org tua. Ada yg bisa nambahin...",6 months ago,0,0,keluarga kaya blum bikin sukses gantung mindset ttg uang hidup keluarga sederhana kerja keras keras apa sukses sukses gabung previlege ilmu tahu skill yg asah mindset tindak biasa networking mentality cerdas otak hubung tuhan hubung keluarga yg harmonis untung yg doa org tua yg nambahin,1,Bukan PromosiJudi
@thelouv,"Wahh, aslina.. bagi saya pribadi mah, rasa na Lega pisan, akhir na ada narasumber yg paling berani dan jujur, masuk akal dan berdasar.. menjelaskan topik yg lagi trend di kalangan anak anak saya (gen-Z), terima kasih dokter sehat terussss, Tuhan memberkati",6 months ago,0,0,wahh aslina pribadi mah na lega pis na narasumber yg berani jujur masuk akal dasar topik yg trend kalang anak anak genz terima kasih dokter sehat terussss tuhan kati,1,Bukan PromosiJudi
@YudiTyo-y7e,Sukses itu subjektif susah itu subjektif👌 tidak ada yg pernah puas dengan nominal saldo.,6 months ago,0,0,sukses subjektif susah subjektif yg puas nominal saldo,4,Promosi Judi
@fierdarahmawardani0898,realistis,6 months ago,0,0,realistis,4,Promosi Judi
@teuku.yuliansyah,"Hadeuh ,,, Keren Aah",6 months ago,0,0,hadeuh keren aah,4,Promosi Judi
@akaruitsuki-ue4bu,DAR DER DOR TERTAMPAR WKKW,6 months ago,0,0,dar der dor tampar wkkw,4,Promosi Judi
@akaruitsuki-ue4bu,klo di tanya knpa mau di jdi pengusaha biar punya finansial mandiri om,6 months ago,0,0,klo knpa jdi usaha biar finansial mandiri om,4,Promosi Judi
@Daffach25,"Tidak, 3 juta
Privilage of Networking
Tidak kuliah
Bekerja iya",6 months ago (edited),0,0,3 juta privilage of networking kuliah iya,4,Promosi Judi
@rafaelanggara4783,bapak w gaaada cik,6 months ago,0,0,w gaaada cik,4,Promosi Judi
@minah6892,40jt bisa apa dok,6 months ago,0,0,40jt dok,4,Promosi Judi
@andrediaz2477,"Cuma Lulus sma
Nol privilage
Keuangan tragis
Doa Ibu❤
Alhamdulillah Alhamdulillah Alhamdulilla kebagian takdir yang bagus. Meski awalnya harus remuk redam.",6 months ago (edited),0,0,lulus sma nol privilage uang tragis doa alhamdulillah alhamdulillah alhamdulilla bagi takdir bagus remuk redam,4,Promosi Judi
@rochiess7824,Aku gak kuliah nonton iki oleh ra sih..,6 months ago,0,0,gak kuliah nonton iki ra sih,4,Promosi Judi
@bbmbyfauzi,"saya tidak punya privilage dan tabungan stable, tapi saya memiliki IP bagus, tapi saya ada kemauan tinggi, saya bekerja diluar dari jurusan saya, disisi lain saya senang belajar hal baru dan berani mengambil resiko, dan alhamdulillah tidak luput dari doa orang tua, kemauan yang gigih dan juga terus belajar serta set goals tinggi, sekarang saya bisa dititik saat ini dengan posisi saat ini menurutku baguss dan selalu terus lapar, alhamdulillah, semangat buat temen temen tidak ada yang tidak mungkin dan terus berusaha 🙏",6 months ago (edited),0,0,privilage tabung stable milik ip bagus mau luar jurus sisi senang ajar berani ambil resiko alhamdulillah luput doa orang tua mau gigih ajar set goals titik posisi turut baguss lapar alhamdulillah semangat temen temen usaha,4,Promosi Judi
@armanmaulana1810,"Masya Allah isi nya daging semua, ilmu mahal ini. Keren dokter Tirta, semoga jad pahala jariyah ketika dari yg mendengar ini banyak sukses dalam memulai dan menjalankan bisnis nya. Barakallahu fiik....",6 months ago,0,0,masya allah isi nya daging ilmu mahal keren dokter tirta moga jad pahala jariyah yg dengar sukses jalan bisnis nya barakallahu fiik,4,Promosi Judi
@MuhammadZeanFazri,saya mau jadi  pengusaha karna saya ingin memiliki banyak bidang usaha sehingga membuka banyak peluang kerja sehingga menekan angka kemiskinan dan membuat pemerataan  dan membahagiakan orang sekitar say,6 months ago,0,0,usaha karna milik bidang usaha buka peluang kerja tekan angka miskin perata bahagia orang say,4,Promosi Judi
@tutur_spd,"Saya sering berdiskusi dengan orang tua saya jika mau beli sesuatu. Yang memberatkan ialah antara membeli motor impian atau bangun rumah dahulu. Setelah berdiskusi, akhirnya orang tua menyarankan untuk membangun rumah dahulu. Karena bahan material masih murah dan kalau membeli motor sudah pasti makin lama harganya makin murah. Akhirnya saya putuskan untuk membangun rumah, Alhamdulillah dalam proses bangun rumah. Ada sedikit rezeki dan ada saudara mau jual tanah. Orang tua kita menyarankan pada kami (anak-anaknya) untuk patungan dan membeli tanah itu. Kita sepakat dan akhirnya tanah kita membeli bersama. Dari awal tanah kita beli dengan harga 50jt, selang 1 Tahun harganya naik jadi 100jt'an. Yang saya syukuri dalam hidup ini ialah Ajaran dari Orang Tua yang bukan sekedar Teori. Kadang banyak yang nyinyirin tapi gak tau proses dan bagaimana kebutuhan saya. Saya juga bersyukur bisa membantu orang tua untuk menyekolahkan Adek saya di Sekolah Swasta sampai lulus. Bersyukur sekali saat ini, Rumah Sudah punya, Investasi Tanah sudah ada, Tabungan ada, Hutang Tidak ada, Sudah menyekolahkan Adek saya, Pekerjaan ada. Dan selanjutnya akan join bisnis dengan Kakak saya, supaya usahanya semakin berkembang. ( Beli Second gak harus Baru, Beli Cash gak perlu Kredit ). Matur suwun Dr. Tirta, berkat sering nonton Video anda. Saya semakin sayang dengan kesehatan saya dan finansial saya sendiri 👏😊",6 months ago,0,0,diskus orang tua beli berat beli motor impi bangun rumah diskus orang tua saran bangun rumah bahan material murah beli motor harga murah putus bangun rumah alhamdulillah proses bangun rumah rezeki saudara jual tanah orang tua saran anakanaknya patungan beli tanah sepakat tanah beli tanah beli harga 50jt selang 1 harga 100jtan syukur hidup ajar orang tua dar teori kadang nyinyirin gak tau proses butuh syukur bantu orang tua sekolah adek sekolah swasta lulus syukur rumah investasi tanah tabung hutang sekolah adek kerja join bisnis kakak usaha kembang beli second gak beli cash gak kredit matur suwun dr tirta berkat nonton video sayang sehat finansial,0,Bukan PromosiJudi
@bihulshort,Saya inigin menjadi berarti untuk orang lain,6 months ago,0,0,inigin orang,4,Promosi Judi
@wijayapasambuna640,Related!!! 🙏,6 months ago,0,0,related,4,Promosi Judi
@khanasmalik,Siap,6 months ago,0,0,,4,Promosi Judi
@lexeer16-zw8cd,"""arogan kalo pinter gapapa"" cam kan ituu!",6 months ago,0,0,arogan kalo pinter gapapa cam ituu,4,Promosi Judi
@hasanjazuli-vg1oz,Kaya subyektif dok,6 months ago,0,0,kaya subyektif dok,4,Promosi Judi
@hasanjazuli-vg1oz,Pesen2 detik2 terakhir sesuai dawuh2 rosululloh,6 months ago,0,1,pesen2 detik2 sesuai dawuh2 rosululloh,4,Promosi Judi
@hasanjazuli-vg1oz,400rb di dp😂😂😂😂.lucu poll smpyan sok,6 months ago,0,0,400rb dplucu poll smpyan sok,4,Promosi Judi
@hasanjazuli-vg1oz,Kalo membeli waktu.orang pengangguran lebih kaya dong dok.kan waktunya lebih banyak dok,6 months ago,0,0,kalo beli waktuorang anggur kaya dok dok,4,Promosi Judi
@hasanjazuli-vg1oz,"Gus dur dulu jadi presiden gak punyak uang ,sampek2 mau beli bakso saja pinjem putranya.saksinya oleh temannya sendiri..karna beliau sudah selesai dengan dirinya sendiri...",6 months ago,0,0,gus dur presiden gak punyak uang sampek2 beli bakso pinjem putranyasaksinya teman sendirikarna beliau selesai,4,Promosi Judi
@apeamiru7708,"ramah di telinga, langsung masuk ke otak",6 months ago,0,0,ramah telinga langsung masuk otak,4,Promosi Judi
@Jphanter,Kagak usah bacot lu dok karena lu punya modal dan lingkungan yang bagus untuk start dan paling penting lu beruntung pas covid nama lu naik,6 months ago,0,0,kagak bacot lu dok lu modal lingkung bagus start lu untung pas covid nama lu,4,Promosi Judi
@moizabee7981,"“hidup itu soal bertahan , hidup itu bukan soal mimpi”👍👍👍👍",6 months ago,0,3,hidup tahan hidup mimpi,4,Promosi Judi
@papamamakalian,Yg pernah melewati nya pasti mngatakan inilah intinya,6 months ago,0,0,yg lewat nya mngatakan inti,4,Promosi Judi
@okehow,"Kalau IPK 3.9 di kampus biasa jurusan biasa, kuliah ga sampe lulus, lagi skripsi ditinggal kerja gara2 covid. Termasuk ya atau tidak? 😅",6 months ago,0,0,ipk 39 kampus jurus kuliah ga sampe lulus skripsi tinggal kerja gara2 covid ya,4,Promosi Judi
@mamangcoders,"Kalian tidak semua? ""Kamboja aja"" 😂",6 months ago,0,0,kamboja aja,4,Promosi Judi
@Serabut-Chanell,Tidak,6 months ago,0,0,,4,Promosi Judi
@MenataHatiii,"Nikmati saja prosesnya mau kerja maupun merintis bisnis, jatuh lalu bangun lagi adalah hal biasa yg penting ilmu bertambah dan mental jadi kuat. Menikmati hasil itu tinggal tunggu waktu jika sudah mau melalui proses jatuh dan bangun.",6 months ago,0,0,nikmat proses kerja rintis bisnis jatuh bangun yg ilmu tambah mental kuat nikmat hasil tinggal tunggu proses jatuh bangun,4,Promosi Judi
@namzajourneycreativa,ilmu yang bernanfaat dan anak yang sholih,6 months ago,0,0,ilmu bernanfaat anak sholih,4,Promosi Judi
@mwidinaufalnabila4174,Salfok sama kemeja dr tirta. Adakah yang tau merk nya yaa?? Baguss,6 months ago,0,0,salfok kemeja dr tirta ada tau merk nya yaa baguss,4,Promosi Judi
@ririda_0oo,❤,6 months ago,0,0,,4,Promosi Judi
@NadaafifahPAUD,"""Hobinya push rank"" 😭😭🙏",6 months ago,0,0,hobi push rank,4,Promosi Judi
@youyoumu,Asli ni video daging banget,6 months ago,0,0,asli ni video daging banget,4,Promosi Judi
@wibisono175,Menikahlah dan bertanggung jawab terhadap peranmu serta bersabar maka engkau akan sukses,6 months ago,0,1,nikah tanggung peran sabar engkau sukses,4,Promosi Judi
@ArdhyWahid,kaya raya,6 months ago,0,0,kaya raya,4,Promosi Judi
@oyycreator,ilmu baruu nii,6 months ago,0,0,ilmu baruu nii,4,Promosi Judi
@wanitacantik2786,Tidak,6 months ago,0,0,,4,Promosi Judi
@agungharyadi8888,"ini harusnya masuk tv nasional, biar kaum muda tdk trjebak mimpi2x medsos yg sgt menyesatkan generasi sekarang.",7 months ago,0,1,masuk tv nasional biar kaum muda tdk trjebak mimpi2x medsos yg sgt sesat generasi,4,Promosi Judi
@MuhammadAbimanyu-p8w,saya mau jadi pengusaha mau buka lapangan kerja bagi rakyat rakyat yg membutuhkan,7 months ago,0,1,usaha buka lapang kerja rakyat rakyat yg butuh,4,Promosi Judi
@theoplost6665,"23:50 huahaaaaa, kerenlah pak tirta 👍",7 months ago,0,0,2350 huahaaaaa keren tirta,4,Promosi Judi
@IlhamJuliana-t7j9p,ipman njir,7 months ago,0,0,ipman njir,4,Promosi Judi
@rizqimaulana-R,Boleh begadang asal timnya jago 😎,7 months ago,0,0,begadang tim jago,4,Promosi Judi
@AchmadseptianYusuf,"Hidup tiap hari ,mati itu sekali dan pasti ........",7 months ago,0,0,hidup mati,4,Promosi Judi
@donaainioktaandika2657,"Mantaps banget, baru kali ini dengar Dr. Tirta",7 months ago,0,0,mantaps banget kali dengar dr tirta,4,Promosi Judi
@reborn2gd,Terima kasih atas ilmunya dok.,7 months ago,0,0,terima kasih ilmu dok,4,Promosi Judi
@deedeeka,Yang baca komenku kalau punya 1 T pasti Bangun. Karna hanya mimpi 😅,7 months ago,0,0,baca komenku 1 t bangun karna mimpi,4,Promosi Judi
@pandusaputra3832,"ijin bertanya dok, saya memiliki ipk 3,00 dan saya berkuliah selama 6 tahun dan saya sambil berkarja dibidang saya teknik mesin. dan setelah saya lulus kuliah saya sempat bekerja tetap di perusahan selama 1 tahun, dan saya berfikir dengan keahlian saya pengelasan saya bisa membuat usaha jasa pengelasan, dan penghasilan yang saya dapat dari usaha pengelasan saat ini 2 kali lipat dari penghasilan gaji saya. ijin bertanya dok, menurut dokter apakah saya sudah bisa untuk berhenti berkerja dan fokus pada usaha saya dikarenakan sangat melelahkan bila setelah berkerja jam 4 sore dan lanjut lagi mengerjakan job dari usaha saya?. terimakasih dok",7 months ago,0,0,ijin dok milik ipk 300 kuliah 6 berkarja bidang teknik mesin lulus kuliah usah 1 berfikir ahli kelas usaha jasa kelas hasil usaha kelas 2 kali lipat hasil gaji ijin dok dokter henti kerja fokus usaha lelah kerja jam 4 sore job usaha terimakasih dok,1,Bukan PromosiJudi
@chusnaadjie4650,"Baru kali ini nonton podcast dr Tirta, langsung subscribe",7 months ago,0,0,kali nonton podcast dr tirta langsung subscribe,4,Promosi Judi
@VSTHID,gw gen z dari keluarga sederhana bapak emak gw pisah karna keadaan ekonomi dan gw mau jadi pengusaha biar kelak jadi orang kaya raya bisa bantu banyak orang dan memiliki keluarga cemara,7 months ago,3,0,gw gen z keluarga sederhana emak gw pisah karna ekonomi gw usaha biar kelak orang kaya raya bantu orang milik keluarga cemara,4,Promosi Judi
@petanimalangselatan,"Dokter paling soft spoken, spesial, motivator ku😀",7 months ago,0,1,dokter soft spoken spesial motivator ku,4,Promosi Judi
@Opopo.p,tirta wongsodimedjo❤,7 months ago,0,1,tirta wongsodimedjo,4,Promosi Judi
@fydarh,✔ I have no privilege at all. sedihh bgtt😢,7 months ago,0,1,i have no privilege at all sedihh bgtt,4,Promosi Judi
@drw6247,"WKWK SAYA YANG DISEBUTIN TIDAK 3 3 NYA, YA STM😂 JADI MEKNIK DAPET DUIT.
TAPI DIHATI ADA KEINGINAN PENGEN KULIAH (PAKE DUIT SENDIRI)",7 months ago,0,0,wkwk disebutin 3 3 nya ya stm meknik dapet duit hati ken kuliah pake duit,4,Promosi Judi
@AbcdeWid1,Kerja motivator paling enak omong doang dapat uang,7 months ago,0,1,kerja motivator enak omong doang uang,4,Promosi Judi
@duvlesaimarchannel,"Saya belum punya IPK, kuliah saya di persulit, tapi usaha uda punya 2, gw bener” mulai dari 0 tanpa suport ortu co, dari modal 30rb modal nekad jadi 30jt dalam kurun kurang dari 2 tahun, umur saya skrg 23 tahun,semua balik lagi ke cara petualangan hidup lo pada seperti apa, gw baru mulai kerja sama org umur 23 tahun itupun karena kedisiplinan gw dari magang.",7 months ago (edited),0,0,ipk kuliah sulit usaha uda 2 gw bener 0 suport ortu co modal 30rb modal nekad 30jt kurun 2 umur skrg 23 tahunsemua tualang hidup lo gw kerja org umur 23 itu disiplin gw magang,4,Promosi Judi
@Silvia-lg7lu,400 rb di itb kwkw,7 months ago,0,0,400 rb itb kwkw,4,Promosi Judi
@Silvia-lg7lu,Gw demen beginii,7 months ago,0,0,gw demen begini,4,Promosi Judi
@AnandaPangestu-ve7hj,"Gw setuju ama dr. Tirta, Luck itu dateng ke semua orang, tapi hanya orang yang SIAP yang bisa convert luck jadi sukses, ibarat lu jadi sales tiba"" dateng konsumen yang confirm mau beli, eh taunya nggk jadi beli karena penjelasanlu tentang produk nggk meyakinkan, di lain sisi dia bisa aja deal dengan sales yang lebih SIAP dari segi penjelasan dan lain-lain, IMO ya no Hate 😅",7 months ago (edited),0,0,gw tuju ama dr tirta luck dateng orang orang convert luck sukses lu sales dateng konsumen confirm beli eh tau nggk beli penjelasanlu produk nggk sisi aja deal sales segi jelas lainlain imo ya no hate,4,Promosi Judi
@click.kzr125,"temen2 mahasiswa, kalo kelas kuliah kosong, isilah kuliah online ini   ya",7 months ago,0,0,temen2 mahasiswa kalo kelas kuliah kosong isi kuliah online ya,4,Promosi Judi
@jayzitis9953,"Saya tidak punya modal.
Saya bukan keturunan orang kaya.
Saya juga ga pinten. Bahkan sy gagal SMK.

Di usia 36 anak sy 4. Sy cuma bekerja harian seadanya. Saat itu saya memutuskan usaha kecil2an tanpa modal sedikitpun ini kenyataan. Berproses selama 2 tahun. Sempat ga kebeli susu anak.
Sy tidak menyerah. Berdoa dengan tulus. Niat untuk menghidupkan keluarga.
Alhamdulillah ada orang yg menawarkan tempat usaha berikut beberapa perlengkapannya dengan setoran 2juta. Sy setujui karna sy sudah ada beberapa pelanggan setia. 1 THN masih pas2an. 2 tahun baju ada perubahan. Alhamdulillah sekarang sudah ada 6 karyawan. Semangat kawan. Kunci usaha adalah berdoa dan tekun berusaha. Insya Allah kita bisa lalui masa2 sulit",7 months ago,0,7,modal turun orang kaya ga pinten sy gagal smk usia 36 anak sy 4 sy hari ada putus usaha kecil2an modal sedikit nyata proses 2 ga kebel susu anak sy serah doa tulus niat hidup keluarga alhamdulillah orang yg tawar usaha lengkap setor 2juta sy tuju karna sy langgan setia 1 thn pas2an 2 baju ubah alhamdulillah 6 karyawan semangat kawan kunci usaha doa tekun usaha insya allah lalu masa2 sulit,1,Bukan PromosiJudi
@beritaviral-m2j,Ini hanya teori saja 😂,7 months ago,0,1,teori,4,Promosi Judi
@MichaelSibarani-z1o,"Saya sambil kuliah sudah berbisnis, saya tekuni dari semester 5 sampai semester 9 (wisuda). Saya membuka angkringan di trotoar dengan motor, dan itu sangat membantu keseharian saya, namun juga mengajari saya banyak hal. Jatuh bangun saya rasakan, dan itu banyak mengajarkan saya makna uang. Masuk semester 8 angkringan saya lumayan berkembang dan saya menyewa sebuah ruko, dan itu resiko besar yang saya ambil dan kesalahan yang membuat saya belajar dan mengajari saya kerasnya dunia bisnis. Dan sekarang saya bekerja di sebuah perusahaan korporat dan saya belajar bagaimana management dari sebuah perusahaan agar bisa angle, dan semoga nanti bisnis yang saya cita citakan bisa terwujud ketika saya sudah siap.",7 months ago,0,4,kuliah bisnis tekun semester 5 semester 9 wisuda buka angkring trotoar motor bantu hari ajar jatuh bangun rasa ajar makna uang masuk semester 8 angkring lumayan kembang sewa ruko resiko ambil salah ajar ajar keras dunia bisnis usaha korporat ajar management usaha angle moga bisnis cita cita wujud,0,Bukan PromosiJudi
@RogesTebuRMX,Aku terpaksa Jadi Pengusaha Kerna Gak ada lapangan kerja 😢😢,7 months ago,0,1,paksa usaha kerna gak lapang kerja,4,Promosi Judi
@rahmantv4139,buat sesederhana dan sehemat mungkin modalmu jika kamu ingin usahamu berkembang,7 months ago,0,0,sederhana hemat modal usaha kembang,4,Promosi Judi
@randasofyanbukeranda3194,"Bangun pagi itu tidak wajib,,tp sangat penting bagi mereka yang punya usaha dagang,,sales,,,,,karena jualan dari pagi sampai sore itu memungkinkan untuk mendapat omset yg lebih besar dari pada bangun siang lalu jualan dari siang sampai sore...begitulah kira2...",7 months ago,0,0,bangun pagi wajibtp usaha dagangsaleskarena jual pagi sore omset yg bangun siang jual siang sorebegitulah kira2,4,Promosi Judi
@supatmo1329,Salam shubuh.,7 months ago,0,0,salam shubuh,4,Promosi Judi
@adityprdna,Yes sir thank u 🫡,7 months ago,0,0,yes sir thank u,4,Promosi Judi
@RealSteveMoses,"@VSTHID percaya kata gw bro, smua orang di kelas menengah kebawah punya cita2 kononnya mau kaya terus membantu orang lain. Tapilu lupa, tanggungjawab lu apabila udah megang uang gede bakalan semakin besar juga. Bayar gaji karyawan setahun termasuk pajakan dan lain2, tolak itu ini. Lu mau bantu orang? Lah bisnes setahun aja terus tutup. Itu sebab kenapa TIDAK semua orang kaya akan “membantu” seenaknya orang lain, bahkan saudara sendiri juga.",6 months ago,0,0,vsthid percaya gw bro smua orang kelas tengah bawah cita2 konon kaya bantu orang tapilu lupa tanggungjawab lu udah megang uang gede bayar gaji karyawan tahun paja lain2 tolak lu bantu orang bisnes tahun aja tutup orang kaya bantu orang saudara,0,Bukan PromosiJudi
@andigamingchannel-j2l," @RealSteveMoses  menyisihkan sedikit uang kita untuk yg lebih membutuhkan apa salahnya ? bersedekah ,bentuk rasa syukur kita juga . sempit bgt pemikiran sma hatinya",6 months ago,0,0,realstevemoses sisih uang yg butuh salah sedekah bentuk syukur sempit bgt pikir sma hati,4,Promosi Judi
@andikcahayani2352,Seneng sama dokter tirta ini.,7 months ago,0,0,neng dokter tirta,4,Promosi Judi
@febriantorofiin5809,"A gak punya tabungan
B orang tua miskin
C gk kuliah
D anak pertama dengan 5 orang adik
( Generasi sandwich) Kerja gaji kecil buat mbantu ekonomi keluarga
Kurang apes apa saya jadi orang yg ingin jadi pebisnis?😂😂😂😂",7 months ago,0,1,a gak tabung b orang tua miskin c gk kuliah d anak 5 orang adik generasi sandwich kerja gaji mbantu ekonomi keluarga apes orang yg bisnis,0,Bukan PromosiJudi
@ardiykuntenk583,Dunia bisnis adalah tempatnya para petarung bro..siapin mental dulu kalo mau berbisnis 😊,7 months ago,0,0,dunia bisnis tempat tarung brosiapin mental kalo bisnis,4,Promosi Judi
@Julhand,"30 tahun lagi ""Dokter Tirta"" pasti akan menyesal mengatakan karena ""faktor Lucky"".",7 months ago,0,0,30 dokter tirta sesal faktor lucky,4,Promosi Judi
@DikaAndika29-jf5bm,Nyelamatin diri sendiri aja belum bisa mau nyelamatin orang lain deymmm,7 months ago,0,0,nyelamatin aja nyelamatin orang deymmm,4,Promosi Judi
@caniaazzahra7065,"Kenapa harus bisnis jadi youtober ajah murah ,asal punya ide bagus dan kebranian!!! youtober juga pengusaha jika sudah sukses",7 months ago,0,0,bisnis youtober ajah murah ide bagus kebranian youtober usaha sukses,4,Promosi Judi
@caniaazzahra7065,Apakah luck seseorang bisa diperhitungkan dengan akal manusia???,7 months ago,0,0,luck hitung akal manusia,4,Promosi Judi
@Reynaa01,"dr Tirta katanya benci motivator tapi anda sadar tidak? omongan anda sepenuhnya mengandung motivasi juga.

dan maaf seperti kebanyakan motivator lainnya disini masih ada bias otak.
yang menurut saya berbahaya dan tidak bisa diterima

Tapi masih worth it untuk ditonton karena ada daging yang dibahas cuma saya sarankan jangan 100% terima mentah-mentah tanpa berpikir kritis.
so, keputusan ada ditangan kalian yang baru mau nonton silahkan.

Saya hanya menyampaikan pendapat.",7 months ago,0,3,dr tirta benci motivator sadar omong sepenuh kandung motivasi maaf banyak motivator bias otak bahaya terima worth it tonton daging bahas saran 100 terima mentahmentah pikir kritis so putus tang nonton silah dapat,4,Promosi Judi
@shevia7,"""jangan di bodohi society""",7 months ago,0,0,bodoh society,4,Promosi Judi
@rahmadramadhannst1887,"Thanks Dr Tirta dan Malaka Project, sangat tertampar, tentu saya merenung dan Lumayan Ilmu gratisnya 😂",7 months ago,0,0,thanks dr tirta malaka project tampar renung lumayan ilmu gratis,4,Promosi Judi
@bimahendrawan2623,"IPK tidak ada karena SMA.
Generasi sandwich.
Tabungan 0
Semua itu terjadi pada 2016, baru lulus SMA.

Akhirnya bekerja di Warteg -> Ritel -> Staff -> Leader
Tabungan ada 2 digit lah
Kendaran ada
Rumah yang belum ada
Plan kuliah ada, karena infonya akan dipindah/promote.",7 months ago (edited),0,0,ipk sma generasi sandwich tabung 0 2016 lulus sma warteg ritel staff leader tabung 2 digit kendaran rumah plan kuliah info dipindahpromote,4,Promosi Judi
@civic-mo4n4,"""Bro 3,9 dulu IPK baru BACOT "" 🤌",7 months ago,0,1,bro 39 ipk bacot,4,Promosi Judi
@Raflinofriansyah,KEREN BANG,7 months ago,0,0,keren bang,4,Promosi Judi
@RizaGunturPrakoso,Bukalah bisnis yang kamu tahu seluk beluknya.,7 months ago,0,1,buka bisnis seluk beluk,4,Promosi Judi
@gzgamxng,15:40 😂,7 months ago,0,0,1540,4,Promosi Judi
@ferryagung3214,keren.. very good dok.. thanks,7 months ago,0,0,keren very good dok thanks,4,Promosi Judi
@zerosix7074,"20:51 🙏😭 Kapal USS Zumwalt pake tenaga listrik, Pak.",7 months ago,0,0,2051 kapal uss zumwalt pake tenaga listrik,4,Promosi Judi
@OZmotivasi,"Betul banget, saya tabungan gak ada + privillege sebatas seperti ketua RW, tapi ipk masih oke. Dan yaaahh,saya lulus kuliah langsung bisnis. Dari 2020 - 2025, but yaa setiap taun ada aja hal yang bikin bangkrut. Sekarang saldo di rekening 207ribu di tanggal 1 desember 2025. Setelah dipikir pikir saya belum kebentuk mental pengusaha + kurang privillege.",7 months ago,0,1,banget tabung gak privillege batas ketua rw ipk oke yaaahhsaya lulus kuliah langsung bisnis 2020 2025 but yaa taun aja bikin bangkrut saldo rekening 207ribu tanggal 1 desember 2025 pikir pikir bentuk mental usaha privillege,4,Promosi Judi
@sudut-d6g,"Teman gua ,belum lulus udah buka",7 months ago,0,0,teman gua lulus udah buka,4,Promosi Judi
@AHP29,Kapal uap  gak tuh..,7 months ago,0,0,kapal uap gak tuh,4,Promosi Judi
@muhamadrosyid9878,"Sumpah bang dari semua tontonan saya di YouTube,tontonan kaya gini yang saya cari,❤❤❤",7 months ago,0,0,sumpah bang tonton youtubetontonan kaya gin cari,4,Promosi Judi
@faispurba9083,"Ya karena uang, saya gak mau jadi miskin pak, apapun yg terjadi ya harus kuat pak.",7 months ago,0,0,ya uang gak miskin apa yg ya kuat,4,Promosi Judi
@GojouSatoruuu-fo4yx,"Dobble profesi is the best, orang kaya, kalau sdh kaya beli waktu, waktunya diluangkan untuk keluarganya",7 months ago (edited),0,0,dobble profesi is the best orang kaya sdh kaya beli luang keluarga,4,Promosi Judi
@amrizalofficial4777,Tour guide 😂😂😂,7 months ago,0,0,tour guide,4,Promosi Judi
@Lucuan-p7e,"Gw pilih jadi pengusaha karna gw pemalas, tidak disiplin, dan tidak mau di atur org",7 months ago,0,0,gw pilih usaha karna gw malas disiplin atur org,4,Promosi Judi
@asrimugilestari9207,"Dr .Tirta. .lebih realistis ....
Umur 25 saya belum.punya apa 2 lulus kuliah kerja ..mbatu orang tua.......
Jln keluar yg saya ambil nikah dengan org mapan..
Alhamdulillah ..sekarang tidak.kaya saya merasa lebih dari cukup.
Anak.2 bisa sekolah.di TMP
Yg baik......",7 months ago,0,0,dr tirta realistis umur 25 belumpunya 2 lulus kuliah kerja mbatu orang tua jln yg ambil nikah org mapan alhamdulillah tidakkaya anak2 sekolahdi tmp yg,1,Bukan PromosiJudi
@kalv3r150,"Terima kasih untuk materi berisi secara gratis ini Dr. Tirta dan teman-teman Malaka Project
Saya sebagai seorang yang awam dan dari latar belakang keilmuan saintek sangat tidak familiar dengan bagaimana dan apa itu bisnis, saya juga sudah beberapa kali diskusi dengan beberapa teman yg pernah berusaha dan berbisnis dan lumayan mendapatkan banyak ilmu 
Sebagai seorang dari latar belakang saintek saya dan dari keluarga menegah ke bawah saya sangat sulit dalam mendapatkan jaringan maupun pengetahuan berbisnis secara mendalam 
Saya banyak terlibat dalam kajian isu lingkungan baik project maupun kajian serta saat ini Indonesia yg lumayan mendorong umkm dan bisnis yang memiliki fokus Zero waste, akan tetapi pada realitanya tertampar di lapangan.",7 months ago,0,0,terima kasih materi isi gratis dr tirta temanteman malaka project awam latar ilmu saintek familiar bisnis kali diskusi teman yg usaha bisnis lumayan ilmu latar saintek keluarga tegah sulit jaring tahu bisnis dalam libat kaji isu lingkung project kaji indonesia yg lumayan dorong umkm bisnis milik fokus zero waste realitanya tampar lapang,1,Bukan PromosiJudi
@netpropertidotcom,"dokter paling Kocakk iki😅😅 super pinter tenanan.. mana wajahnya mirip aktor kungfu Donnie Yen,, hahahah",7 months ago (edited),0,0,dokter kocakk iki super pinter tenanan wajah aktor kungfu donnie yen hahahah,4,Promosi Judi
@mhasyim13,Kuliah 4 tahun adalah Pengangguran yang bergaya😂,7 months ago,0,0,kuliah 4 anggur gaya,4,Promosi Judi
@UbaiBaiquni,"Dari sy singkat saja, kasian bgt liverpool.",7 months ago,0,0,sy singkat kasi bgt liverpool,4,Promosi Judi
@Aidilaja0909,PASTI BANYAK YANG TERTAMPAR 😂😂,7 months ago,0,0,tampar,4,Promosi Judi
@yowaimo9300,Makasih dok sudah membuka pikiran anak yg nyentuh kepala 2 in dok❤🔥,7 months ago,0,0,makasih dok buka pikir anak yg nyentuh kepala 2 in dok,4,Promosi Judi
@clipbyzaa,"bisa cocok gitu ya gua ipk bagus, pengalaman kerja ada, tp gada privilege sama finansial",7 months ago,0,0,cocok gitu ya gua ipk bagus alam kerja tp gada privilege finansial,4,Promosi Judi
@halamancuan,saya ingin jadi pengusaha dan bisa menghasilkan banyak uang senantiasa bersedekah lalau mati dengan keadaan khusnul khotimah,7 months ago,0,0,usaha hasil uang senantiasa sedekah lalau mati khusnul khotimah,4,Promosi Judi
@JERESSTUDIO,"Solusinya, bergeraklah",7 months ago,0,0,solusi gerak,4,Promosi Judi
@yosepmukti1,"Yugi vs raphael, kartu raphael sangat bagus tetap yugi menang karena kartu yugi tidak dikocok #trivia",7 months ago,0,1,yugi vs raphael kartu raphael bagus yugi menang kartu yugi kocok trivia,4,Promosi Judi
@yosepmukti1,"#trivia yuki judai bertemu nyawa yami yugi dan diberi winged kuriboh
Yuki judai dibawa yami yugi ke masa lalu untuk duel #trivia
Yugi vs raphael, kartu raphael sangat bagus tetap yugi menang karena kartu yugi tidak dikocok #trivia 

#trivia apa yang terjadi kalau marik tidak menyerah dan I end my turn? Semua kartu di tangan sudah habis, semua kartu di arena habis. Kemudian yugi draw dan menyerang marik secara langsung. 

Yuki judai vs yubel yuki judai fusion dengan yubel padahal dilarang dalam game #trivia
Fungai magical hat di anime beda dengan yang di permainan asli",7 months ago,0,1,trivia yuk judai temu nyawa yami yugi winged kuriboh yuk judai bawa yami yugi duel trivia yugi vs raphael kartu raphael bagus yugi menang kartu yugi kocok trivia trivia marik serah i end my turn kartu tangan habis kartu arena habis yugi draw serang marik langsung yuk judai vs yubel yuk judai fusion yubel larang game trivia fungai magical hat anime beda main asli,4,Promosi Judi
@Cocobobo506,18:36 Lucu,7 months ago,0,0,1836 lucu,4,Promosi Judi
@marikunsszzz,"mvp di dunia nyata untuk ryan, respect, kebaikan dan cinta selalu ada di hati, tapi pikiranlah yg membuat menjadi jahat",7 months ago,0,0,mvp dunia nyata ryan respect baik cinta hati pikir yg jahat,4,Promosi Judi
@thisisit5719,"Semenjak dengerin dokdes skrg berpikir lebih realistis,, ngeliat judul ini emang betul,, dlu sering keracunan kata2 motivator,, skrg latihan otak rasional gk sering2 dibajak otak emosional.. spy bs berpikir jangka panjang dr setiap perkataan & tindakan",7 months ago,0,0,semenjak dengerin dokdes skrg pikir realistis ngeliat judul emang dlu racun kata2 motivator skrg latih otak rasional gk sering2 bajak otak emosional spy bs pikir jangka dr kata tindak,4,Promosi Judi
@davidklementius9739,"Dulu mau buka usaha biar bisa atur waktu sendiri, plus buka lapangan kerja buat orang. Tapi nyatanya pas coba running kedai 6bulan +3bulan RND ternyata ya 24/7 setiap hari harus stby. Selain itu kita belom bisa buka lapagan kerja buat orang karna budget yang kita itung di awal ga inc gaji, beruntungnya kita di bulan ke 2 kita tinggal muterin aja duit dari hasiil jualan ga perlu tambah modal lagi... 

modal yang kita keluarin ga besar karna baru bener bener lulus kuliah saat itu",7 months ago,0,1,buka usaha biar atur plus buka lapang kerja orang pas coba running kedai 6bulan 3bulan rnd ya 247 stby bom buka lapagan kerja orang karna budget itung ga inc gaji untung 2 tinggal muterin aja duit hasiil jual ga modal modal keluarin ga karna bener bener lulus kuliah,0,Bukan PromosiJudi
@miaww5291,"Jadilah apa adanya dan realistis adalah hal yang sekarang lagi aku hadapi. Banyak kenyataan pahit liat temen punya banyak privilege, selama aku ga punya apa-apa. Ditambah aku merasa hidupku terlalu suci karena banyak menolak hal-hal yang ga sesuai sama idealisme ku seperti masuk kerja lewat orang dalam. 

Semasa kuliah, mungkin ini jahat tapi bener yang dikatakan diakhir tadi karena jujur bersyukur ada covid jadi bisa ambil part time dengan lebih tenang. Punya pengalaman kerja, meskipun sampe sekarang masih belum ke pake karena akhirnya freelance dibidang yang jauh berbeda dari jurusan. Tapi setidaknya aku jadi tau aku ga mulai dari nol dan aku masih ada nilainya meskipun cuma 1 kalo dibandingin sama temen-temen yang lain. 

Realita itu pahit rasanya, bertahan itu sulit apalagi dikondisi yang seperti ini. Berharap ada orang lain yang nolong pun ga mungkin, karena kita cuma sendiri cuma punya nilai yang 1 itu dan harus bertahan supaya bisa dapet poin 3 😭",7 months ago,0,0,realistis hadap nyata pahit liat temen privilege ga apaapa tambah hidup suci tolak halhal ga sesuai idealisme ku masuk kerja orang kuliah jahat bener akhir jujur syukur covid ambil part time tenang alam kerja sampe pake freelance bidang beda jurus tau ga nol nilai 1 kalo dibandingin tementemen realita pahit tahan sulit kondisi harap orang nolong ga nilai 1 tahan dapet poin 3,0,Bukan PromosiJudi
@IzzulMuskaMuhammad,"13:32 ""Takdir boss""",7 months ago (edited),0,0,1332 takdir boss,4,Promosi Judi
@hendri-t4l,"dulu sy bekerja selama 15th, kenapa bisa lama bekerja ditempat yg sama? karena masuk dalam zona nyaman, singkat cerita sy mendengar movifasi yg mengatakan "" kamu tidak akan berkembang kalau kamu terus2san di zona nyaman,,,,' pada akhirnya sy berhenti bekerja & mencoba usaha karena sering mendengar motivasi tentang pengusaha sukses, setelah sy menjalaninya ternyata tidak semudah apa yg disampaikan oleh motivator, sy hanya bertahan di usaha yg saya jalani 5bln, dari semua yg sudah sy jalani saya mendapatkan pelajaran yg penting, "" kegagalan bukan akhir tetapi awal kita naik level"" sekarang sy mulai bekerja sambil buka usaha yg modal kecil dan minim resiko.",7 months ago,1,2,sy 15th tempat yg masuk zona nyaman singkat cerita sy dengar movifasi yg kembang terus2san zona nyaman sy henti coba usaha dengar motivasi usaha sukses sy jalan mudah yg motivator sy tahan usaha yg jalan 5bln yg sy jalan ajar yg gagal level sy buka usaha yg modal minim resiko,1,Bukan PromosiJudi
@slurpygaming.5677,GOKS.. DOK.... :elbowcough:,7 months ago,0,0,goks dok elbowcough,4,Promosi Judi
@matahatimalaikatasgruuwsen,"Makasih ilmu nya dok ,saya sedikit dapat pecerahan.
Saya termasuk orang yang yang tidak punya 3 hal yang dokter bilang ,boro-boro kuliah, smp aja kejar paket nembak, emang gokil ni hidup😂😂😂
Dan rasa nya memang gilaaa hampir mau mati ni otak rasanya. Tapi berjalan nya waktu dengan sekiyan banyak pederitaan ahirnya saya agak mending 😂😂
Saya sudah nikah dan punya 2 anak , saya nikah di umur 23thn.
Dan sekarang saya sudah 30thn.
Tapi saya punya keyakinan sebentar lagi sedikit lagi semua masalah saya slama ini akan lepas.
Berjalannya waktu Sekarang saya sudah buka warung dan berjalan 5thn alhamdulilah mulai tertata ni hidup.
Dan sedikit cerita saya bukan warung dulu bukan modal dari 0. tapi minusss (-) 😂😂😂 karna utang bang, dan jaminan sertifikat orang tuwa  rasanya mau mati dulu pas mau angsuran karna saya buka warung pas korono emang gilaa 😂😂😂 punya 2 anak istri usaha merintis,utang , pluss corona apa gak lengkap itu penderitaan. Ijazah gak punya. Tapi saya punya satu dok, mental yang agak gila 😂😂😂 kelak 5thn lagi jikala tuhan menghendaki dan tujuan ahir saya tercapi mohon di undang di potkes ini ya dok biar saya berbagi cerita . Semoga saja 5-6thn lagi saya jadi orang yang berguna dan sukses dok , kaya dokter. Trimakasih 😊",7 months ago,0,0,makasih ilmu nya dok pecerahan orang 3 dokter bilang boroboro kuliah smp aja kejar paket nembak emang gokil ni hidup nya gilaaa mati ni otak jalan nya sekiyan pederitaan ahirnya mending nikah 2 anak nikah umur 23thn 30thn yakin sebentar slama lepas jalan buka warung jalan 5thn alhamdulilah tata ni hidup cerita warung modal 0 minusss karna utang bang jamin sertifikat orang tuwa mati pas angsur karna buka warung pas korono emang gilaa 2 anak istri usaha merintisutang pluss corona gak lengkap derita ijazah gak dok mental gila kelak 5thn jikala tuhan tuju ahir cap mohon undang potkes ya dok biar bagi cerita moga 56thn orang guna sukses dok kaya dokter trimakasih,0,Bukan PromosiJudi
@petrusbayu1896,"gateli, bener kabeh omongan e 😂😅",7 months ago,0,1,gateli bener kabeh omong e,4,Promosi Judi
@yuheng5184,"23:48 gw nonton jam 12 malam, lucu lagi wkwkwk",7 months ago,0,2,2348 gw nonton jam 12 malam lucu wkwkwk,4,Promosi Judi
@seanwars1884,"Dok saya duda di tingal selingkuh ma istri saya, saya kerja jualan kecil""an punya tabungan 30jt,bingung mau ngembangin bisnis jujur saja aku dendam karena aku di tinggalkn PD waktu terpuruk""nya KRNA dulu aku terlalu percaya mempercayakan uang ku ke dia, dia boros prwatan Mulu macam LC, baju yg value nya GK ada setelah duda aku punya tabungan 30jt, dan motor buat operasional kerja sementara dia balikan ma mantan nya,  bpknya anaknya aku dulu terkena depresi curhat ke dokter Tirta juga di cnel Cipeng / apa gitu klo gk slah ttng mental health Alhamdulillah puli sekrng aku ingin memperbaiki ekonomi, fisik, dan spritual ku dok 🙏",7 months ago,0,0,dok duda tingal selingkuh ma istri kerja jual kecil tabung 30jtbingung ngembangin bisnis jujur dendam tinggalkn pd puruk krna percaya percaya uang ku boros prwatan mulu lc baju yg value nya gk duda tabung 30jt motor operasional kerja balik ma mantan nya bpknya anak kena depresi curhat dokter tirta cnel cipeng gitu klo gk slah ttng mental health alhamdulillah pul sekrng baik ekonomi fisik spritual ku dok,1,Bukan PromosiJudi
@muhammadrahul8767,👍,7 months ago,0,0,,4,Promosi Judi
@severus-samma,18:09 Cok dok dok! 😂,7 months ago,0,0,1809 cok dok dok,4,Promosi Judi
@rifqiaf3299,Endingnya untungnya gw fans city 😂 makasih dok ilmunya,7 months ago,0,0,endingnya untung gw fans city makasih dok ilmu,4,Promosi Judi
@achmadramdhan3629,Pas buka kacamata mirip IpMan ya,7 months ago,0,0,pas buka kacamata ipman ya,4,Promosi Judi
@jiffypangestu1688,"Saya 4 tahun menjalankan usaha toko dan bisa terus berjalan. Previllegenya toko yang saya bangun ada di tanah yang diberikan oleh orangtua. 

Keuntungannya saya tidak perlu banyar sewa bulanan atau bayar cicilan ruko. 

Pusing cuma pengadaan stock barang dan penjualan stock barang.",7 months ago,1,1,4 jalan usaha toko jalan previllegenya toko bangun tanah orangtua untung banyar sewa bulan bayar cicil ruko pusing ada stock barang jual stock barang,4,Promosi Judi
@AnnanFadholi,"hla aku kuliah mung dipekso wong tuo, meh teteg ragelem kuliah mah digebok",7 months ago,0,0,hla kuliah mung dipekso tuo meh teteg ragelem kuliah mah gebok,4,Promosi Judi
@EmpusLucu,"Alhamdulillah saya kerja sejak lulus SMA mulai dari kuli bangunan sampai sekarang (umur 29) meniti karir kerja kantoran, tanpa ijazah S1. Beberapa kali pindah kantor dengan ijazah SMA untuk posisi level Senior/SPV. Bersyukur perusahaan yang saya lamar tidak terlalu mempermasalahkan ijazah, tapi lebih ke skill dan pengalaman. Sekarang lagi merintis bisnis, kalau profit udah 10x gaji saya baru berani resign. 

Mental saya benar benar diuji saat bekerja dengan orang, sekaligus ambil ilmu marketing, keuangan, distribusi, dll dari berbagai kantor dan industri. 

Jangan patah semangat. Masa depan gak ada yg tau tapi yang pasti masa depan di tangan sendiri dan tuhan. Saya gak pernah membayangkan dulu saya angkut angkut barang dari truk, panas panasan, sekarang saya duduk tenang ngantor pake ac. Yang penting banyak belajar dan cari peluang. 

Semangat untuk kalian para pejuang pujaan hati dan keluarga. Semoga kita semua dipermudah oleh Tuhan YME. Aamiin",7 months ago,9,313,alhamdulillah kerja lulus sma kuli bangun umur 29 titi karir kerja kantor ijazah s1 kali pindah kantor ijazah sma posisi level seniorspv syukur usaha lamar masalah ijazah skill alam rintis bisnis profit udah 10x gaji berani resign mental uji orang ambil ilmu marketing uang distribusi dll kantor industri patah semangat gak yg tau tangan tuhan gak bayang angkut angkut barang truk panas panas duduk tenang ngantor pake ac ajar cari peluang semangat juang puja hati keluarga moga mudah tuhan yme aamiin,0,Bukan PromosiJudi
@dunialain1990,Serasa tertampar... Kita hanya terbuai dgn kata2 motivator...,7 months ago,0,0,serasa tampar buai dgn kata2 motivator,4,Promosi Judi
@masagab,dari pov gua gak selamanya kita di pake terus buat kerja dan ga selamanya kita kerja terus sama orang lain,7 months ago,0,0,pov gua gak pake kerja ga kerja orang,4,Promosi Judi
@muhammadirsyadi4433,I have no privilege at all😢,7 months ago,0,0,i have no privilege at all,4,Promosi Judi
@ZULFATNUR17,"Saya pengen jadi pengusaha,karena saya tidak mau diatur orang lagi...sekecil apa pun,usaha saya i'am the boss..",7 months ago,0,0,ken pengusahakarena atur orang lagisekecil punusaha iam the boss,4,Promosi Judi
@jiffypangestu1688,Kalau bisnis masih kecil jangan nikah. Kecuali orangtuamu kaya atau mertuamu memang kaya. 😂,7 months ago,0,0,bisnis nikah kecuali orangtuamu kaya mertua kaya,4,Promosi Judi
@thisisit5719,"Iyes,,, padahal zona nyaman itu penting, artinya nyaman dlm hidup. Ketika sdh nyaman, sdh terpenuhi kebutuhan sdh cukup ketimbang ambil risiko yang potensi kegagalannya jauh lebih tinggi.. Tp motivator bilang seolah zona nyaman tdk ada tantangan,,",7 months ago,0,1,iyes zona nyaman nyaman dlm hidup sdh nyaman sdh penuh butuh sdh ketimbang ambil risiko potensi gagal tp motivator bilang zona nyaman tdk tantang,4,Promosi Judi
@yeahyeah88,Keren🙌🏻 dari tulisan saja sudah menunjukan kualitasnya Anda.,3 months ago,0,7,keren tulis tunjuk kualitas,4,Promosi Judi
@Gasulore,"Saya lulusan baru 2026 sekarang saya kerja berat di pasar, mulai dari jam 2 pagi beres jam 2 siang. Sekarang saya lagi nyari pengalaman dan ilmu dulu, dan kedepannya juga gatau mau seperti apa. Kasih saran dan masukannya dong, saya pengen belajar bisnis juga",1 month ago,0,2,lulus 2026 kerja berat pasar jam 2 pagi beres jam 2 siang nyari alam ilmu depan gatau kasih saran masuk ken ajar bisnis,4,Promosi Judi
@warganetbudiman8597,Ikut seneng bang,3 months ago,0,0,neng bang,4,Promosi Judi
@himajna157," @EmpusLucu  aamiin, ikut bangga bang",3 months ago,0,0,empuslucu aamiin bangga bang,4,Promosi Judi
@Tacprazz03,aku lagi di jalan yang sama senior heheh,2 months ago,0,0,jalan senior heheh,4,Promosi Judi
@GoogleAkun-u3i,mas mau minta saran gw udah mau lulus smp dan bingung smk atau sma tujuan nya tu smk karna gw tu masi pengen kuliah tetep bisa ga ya lulusan smk masuk kuliah,2 months ago,0,0,mas saran gw udah lulus smp bingung smk sma tuju nya tu smk karna gw tu mas ken kuliah tetep ga ya lulus smk masuk kuliah,4,Promosi Judi
@EmpusLucu,​ @GoogleAkun-u3i SMA SMK sama aja punya kesempatan yg sama tapi kalo setelah lulus mau kerja sambil kuliah mending ambil smk,2 months ago,0,2,googleakunu3i sma smk aja sempat yg kalo lulus kerja kuliah mending ambil smk,4,Promosi Judi
@HilmanoPuttafika," @EmpusLucu  bang kalo berkenan gw cari ilmu dari abang, bisa drop sosmed yang bisa dihubungin bang 🙏",1 month ago,0,0,empuslucu bang kalo kenan gw cari ilmu abang drop sosmed dihubungin bang,4,Promosi Judi
@erillasetyakharismawanti1073,"Keren, daging semua🤍",7 months ago,0,0,keren daging,4,Promosi Judi
@quotespro1,WKWKW PENG PENG MENIT 9,7 months ago,0,0,wkwkw peng peng menit 9,4,Promosi Judi
@as_04393,Dokter Tirta pinter+biso ngelawak,7 months ago,0,0,dokter tirta pinterbiso ngelawak,4,Promosi Judi
@rikarahmawati7446,orang boyolali terpanggil,7 months ago,0,0,orang boyolali panggil,4,Promosi Judi
@bambank995,Tattoan malem2 lari2...maliiing😂😂,7 months ago,0,0,tattoan malem2 lari2maliiing,4,Promosi Judi
@abiradiamond2875,"23:49 jokes bapack bapack
29:37 keselek",7 months ago,0,0,2349 jokes bapack bapack 2937 keselek,4,Promosi Judi
@parkkwonthol,"inget ya temen2, privilege, tabungan, sama IPK itu buat safety net, atau manajemen resiko lah, kalo kalian ketiga2nya gak punya tapi masih mau gaspoll bisnis ya silahkan, keputusan ada ditangan kalian, video ini bukan berarti dokter tirta itu ngedikte atau mungkin ngelarang untuk kalian2 yang mau punya bisnis meskipun kalian gak punya ketiga hal yang udah doi sebut diatas",7 months ago,0,3,inget ya temen2 privilege tabung ipk safety net manajemen resiko kalo ketiga2nya gak gaspoll bisnis ya silah putus tang video dokter tirta ngedikte ngelarang kalian2 bisnis gak tiga udah doi atas,4,Promosi Judi
@swknowledge847,semua sedang mengusahakan luck itu.... wait and see the moment... ambil resiko dan BOOM !!,7 months ago,0,0,usaha luck wait and see the moment ambil resiko boom,4,Promosi Judi
@dimasmuhammad5671,Mimpi mimpi struk 😂😂😂😂 relate sama kehidupan,7 months ago,0,0,mimpi mimpi struk relate hidup,4,Promosi Judi
@noone-qo4kw,"7:59 ""hemat pangkal kaya, frugal living to the max. Kalau bisa bekas knp baru, kalau bisa cash knp kredit.""",7 months ago,0,0,759 hemat pangkal kaya frugal living to the max bekas knp cash knp kredit,4,Promosi Judi
@fadelk_,"""Kita tuh sama, endingnya kita mati di 2x1 dan jadi abu"" njimm, peng peng peng",7 months ago,0,0,tuh endingnya mati 2x1 abu njimm peng peng peng,4,Promosi Judi
@sofyanabdilahwijaya,mungkin untuk pribadi saya lebih suka ditampar dengan kata2 fakta seperti ini dari pada kata2 manis motivator,7 months ago,1,2,pribadi suka tampar kata2 fakta kata2 manis motivator,4,Promosi Judi
@Valdiarrizabalaga,25:13,7 months ago,0,1,2513,4,Promosi Judi
@nasywapraja,🙏,7 months ago,1,2,,4,Promosi Judi
@projectxyzchannel,Makasih banyak dr.tirta,7 months ago,0,1,makasih drtirta,4,Promosi Judi
@suherdinar12_46,"dokter tirta satu kata-kata  ""NDASMUUU DEEERRRRR"" Dayummmmm 24:16 penyemangat kuuuuuu quotes nya",7 months ago,0,1,dokter tirta katakata ndasmuuu deeerrrrr dayummmmm 2416 semangat kuuuuuu quotes nya,4,Promosi Judi
@吳鴻昆,"mantap ko, terima kasih banyak untuk sharing-nya",7 months ago,0,1,mantap ko terima kasih sharingnya,4,Promosi Judi
@nGagetIn_0,Bapaknya ketua RW. The privilage of leadership😂,7 months ago (edited),0,2,bapak ketua rw the privilage of leadership,4,Promosi Judi
@windiekadiary96,Hahaha dokter soft spoken sekaliiiiiii,7 months ago,0,1,hahaha dokter soft spoken sekaliiiiiii,4,Promosi Judi
@SigitGuntoro-te2je,Pengen punya usaha untuk bermanfaat untuk orang lain bosss,7 months ago,0,1,ken usaha manfaat orang bosss,4,Promosi Judi
@nasywapraja,Semangat kumpulkan skill guyss💪✨🤲,7 months ago,0,1,semangat kumpul skill guyss,4,Promosi Judi
@yusufkuntoro3141, @sofyanabdilahwijaya  Di negara seperti ini lebih cocok berpikir realistis daripada idealis,7 months ago,0,0,sofyanabdilahwijaya negara cocok pikir realistis idealis,4,Promosi Judi
@otan4680,23:43 liat koceng heheyy Awok,7 months ago,0,5,2343 liat koceng heheyy awok,4,Promosi Judi
@ariefnst9982,"Jujur sekali abg ini, saya suka",7 months ago,0,1,jujur abg suka,4,Promosi Judi
@aamdante8,"Saya dulu punya privilege Pengusaha UMKM Jahit konveksi dan Sparepart Konveksi, SMP Bapak Bangkrut hingga minus. 
Dan saya sekarang punya
Tanah 140m
Tabungan 22jt
Emas LM 40gram
DPA 71jt
BPJS 41jt
privilege Pengalaman kerja tambang 11th
Mengoperasikan HD785-7 9Th, Scania P410 2th, Dozzer 1set 1 Bulan.
Mau Mulai bisnis gagal terus, karena gaada waktu, Ada darah pebisnis didalam diri saya. Kira"" Masukan apa yg bisa saya dapatkan dok?",7 months ago (edited),0,1,privilege usaha umkm jahit konveksi sparepart konveksi smp bangkrut minus tanah 140m tabung 22jt emas lm 40gram dpa 71jt bpjs 41jt privilege alam kerja tambang 11th operasi hd7857 9th scania p410 2th dozzer 1set 1 bisnis gagal gaada darah bisnis dalam masuk yg dapat dok,1,Bukan PromosiJudi
@hmmmpayahh,8:48 dodol jmbut iso ra dok,7 months ago,0,2,848 dodol jmbut iso ra dok,4,Promosi Judi
@antoneka4223,"Ngefans sama dokter tirta peng2...
Agak beda ini...
,cocok juga kalau main film layar lebar...jadi aktor comedy antaginis dsb...
Di tunggu film nya dok...",7 months ago,0,1,ngefans dokter tirta peng2 beda cocok main film layar lebarjadi aktor comedy antaginis dsb tunggu film nya dok,4,Promosi Judi
@rcy.candra,"Yang terakhir dalam banget ""jangan buru buru nikah jika tidak punya uang,kalian hanya akan menciptakan kemiskinan baru.. realistis itu penting,menyelamatkan diri sendiri belum bisa apalagi orang lain"". Terimakasih dok",7 months ago,0,0,banget buru buru nikah uangkalian cipta miskin realistis pentingmenyelamatkan orang terimakasih dok,4,Promosi Judi
@stvnchanel444,Ini juga termasuk motivasi dok😂,7 months ago,0,1,motivasi dok,4,Promosi Judi
@balokofficialsusilo99,"Dr. Tirta pas lg minum kopi, mirip ip man",7 months ago,0,0,dr tirta pas lg minum kopi ip man,4,Promosi Judi
@alfinhardi7834,Berjuang dari nol dan hasilnya nol terus 🤣,7 months ago,0,0,juang nol hasil nol,4,Promosi Judi
@sosiej,13:41 push rank 😂,7 months ago,0,0,1341 push rank,4,Promosi Judi
@ridwanarifinarchitect,realistis! mantep,7 months ago,0,0,realistis mantep,4,Promosi Judi
@TasrifNasa,"Saya berharapnya video ini muncul  5 tahun lalu, hahahaa",7 months ago,0,2,harap video muncul 5 hahahaa,4,Promosi Judi
@micropig620,"Gue lulusan sd,orang tua pengangguran dan bapak saya hanya pekerja kantoran biasa dengan tidak ada networking apapun,tapi saya bangun usaha saya dari 8 tahun yang lalu dan alhamdulilah bisa punya financial yg cukup bagus diusia saya yg hampir ke 25

Untuk sekarang saya mau buka bisnis lagi tapi masih mencari ide,buat temen2 disini memang benar hidup ini harus realistis tapi jangan sampai realistis ini membuatmu menyerah dengan keadaan",7 months ago (edited),0,0,gue lulus sdorang tua anggur kerja kantor networking apapuntapi bangun usaha 8 alhamdulilah financial yg bagus usia yg 25 buka bisnis cari idebuat temen2 hidup realistis realistis buat serah,1,Bukan PromosiJudi
@bicara_baik,"Izin download dan reupload menjadi YT Shorts ya, Kak. Akan saya sertakan sumbernya. Terima kasih sebelumnya 🙏",7 months ago,0,0,izin download reupload yt shorts ya kak serta sumber terima kasih,4,Promosi Judi
@yosepmukti1,"11:50 jika tidaknya 1. Ada 2. IPK bagus, keluarga kaya raya tapi gak ada uang..kerja tiap hari. 1 hari 16 jam. Gak kerja ketika tidur.",7 months ago,0,9,1150 tidak 1 2 ipk bagus keluarga kaya raya gak uangkerja 1 16 jam gak kerja tidur,4,Promosi Judi
@yosepmukti1,"8:24 tabungan banyak dan stabil, orang tua kaya privilige, ipk tinggi pintar. 
3 ya
2 ya
1 ya
3 tidak",7 months ago,0,11,824 tabung stabil orang tua kaya privilige ipk pintar 3 ya 2 ya 1 ya 3,4,Promosi Judi
@yosepmukti1,"8:00 anak tunggal china, jenius, doktor",7 months ago,0,20,800 anak tunggal china jenius doktor,4,Promosi Judi
@alantriprasetyo9947,"Saya kenal orang yg benar2 dari zero, dan sampai saat ini dia masih terus berjuang untuk  S3 di UGM, luarbiasa perjuangan nya...",7 months ago,0,5,kenal orang yg benar2 zero juang s3 ugm luarbiasa juang nya,4,Promosi Judi
@Syaman.,Apakah sebelumnya leluhur Dr. Tirta punya privilege ?,7 months ago,1,3,leluhur dr tirta privilege,4,Promosi Judi
@iandenpasar5397,i have no privilege at all dok💪. but financial stable💵,7 months ago (edited),0,2,i have no privilege at all dok but financial stable,4,Promosi Judi
@ine2617,"Saya ikut tunjuk jari sukses dari faktor keberuntungan. Generasi milenial yg besar dari melihat susahnya orang tua mencari nafkah, anak petani. Saat itu semangat saya meskipun miskin tapi jangan bodo, hrus rajin ibadah. Lulus kuliah faktor keberuntungan datang lowongan pekerjaan terbuka lebar, umur 22 th kerja jd bidan desa wow bgt mental di hajar hbus2 an sampe mau nyungsep. Eh umur 25 thn faktor keberuntungan datang lagi dpt suami yg kerja di perusahaan asing 😅😅. Anak sdh 3 dan alhamdulillah sdh punya tabungan properti, dana pendidikan dan pensiun. Tetap dengan usaha menahan keinginan foya2. Pas beli tanah sempat hutang bank. Alhamdulillah selesai di umur 38 th. Sekarang sdh umur 40 thn tdk ada keinginan buka usaha, jujur gak ada skil selain yg di kerjakan sekarang, takut nanti mlh ngambang dan rugi. Fokus di kesehatan dan mendidik anak agar bermental kuat.",7 months ago,0,1,jari sukses faktor untung generasi milenial yg susah orang tua cari nafkah anak tani semangat miskin bodo hrus rajin ibadah lulus kuliah faktor untung lowong kerja buka lebar umur 22 th kerja jd bidan desa wow bgt mental hajar hbus2 an sampe nyungsep eh umur 25 thn faktor untung dpt suami yg kerja usaha asing anak sdh 3 alhamdulillah sdh tabung properti dana didik pensiun usaha tahan foya2 pas beli tanah hutang bank alhamdulillah selesai umur 38 th sdh umur 40 thn tdk buka usaha jujur gak skil yg kerja takut mlh ngambang rugi fokus sehat didik anak mental kuat,3,Bukan PromosiJudi
@solymatondang8989,MIMPI - MIMPI - STROKE,7 months ago,0,4,mimpi mimpi stroke,4,Promosi Judi
@budiutomo5628,"bisnis yang dibilang oleh para youtuber adalah tai kucing
saya kelahiran 1980 dan apapun yang kamu lakukan ga cukup pantas untuk menjadikan kamu sukses dalam hal keuangan.
yang kamu dapatkan semua nya adalah pemberian dari tuhan mu
kenapa saya nyaris tiap hari kerja? ya karena itu sebuah keharusan saja",7 months ago,0,1,bisnis bilang youtuber tai kucing lahir 1980 apa laku ga jadi sukses uang dapat nya beri tuhan mu kerja ya harus,4,Promosi Judi
@angit-kuru,terima kasih Dokter🙏ilmunya,7 months ago,0,0,terima kasih dokterilmunya,4,Promosi Judi
@sahrudin3089,Penerima cuci uang bisa bacot apa ajah,7 months ago,0,0,terima cuci uang bacot ajah,4,Promosi Judi
@alifmuhammadfahru12,Ipk itu apa yah,7 months ago,0,0,ipk yah,4,Promosi Judi
@mochamadalfiyan3141,aku fans mu tirta,7 months ago,0,0,fans mu tirta,4,Promosi Judi
@MuhammadIzzudin-gx9us,“NDASS MUU.. DIERRR!!!”😂 24:16,7 months ago (edited),0,0,ndass muu dierrr 2416,4,Promosi Judi
@avay8726,"Dr Tirta membanjiri kita dengan realita hidup

Dri sini saya paham klo sukses gk selalu punya duit banyak",7 months ago,0,0,dr tirta banjir realita hidup dri paham klo sukses gk duit,4,Promosi Judi
@bayujayateknik4063,"KEBERUNTUNGAN ADALAH KETIKA KESEMPATAN BERTEMU DENGAN KEMAMPUAN.

~ Luck is Real💪",7 months ago,0,0,untung sempat temu mampu luck is real,4,Promosi Judi
@pamtzy6456,mwahal banget anjir ni vdio wajib share ke temn asli,7 months ago,0,1,mwahal banget anjir ni vdio wajib share temn asli,4,Promosi Judi
@ahmadbaihaqisanatmoko2936,Mau jadi kaya raya,7 months ago,0,1,kaya raya,4,Promosi Judi
@azizahmaharani9390,"MasyaAllah sukaa bangett dr Tirtaa, walaupun sangat tertampar fakta seenggaknya kita sadar bahwa kesadaran adalah yang terpenting untuk kita memulai perjalanan",7 months ago,0,1,masyaallah sukaa bangett dr tirtaa tampar fakta enggak sadar sadar penting jalan,4,Promosi Judi
@bimaaryap,Kalo saya pengalaman bekerja ada cuma itu aja karena finacial gak stabil terus setiap tahunnya jadi mau pilih jalan bisnis juga bingung,7 months ago,0,1,kalo alam aja finacial gak stabil tahun pilih jalan bisnis bingung,4,Promosi Judi
@Laskarngaritindo,"Sya sering nangis karna emang di bisnis uncertainty, bener banget. Ssya menikah dengan suami yg keluarga basicnya dagang, sdgkn saya hidupnya teratur , itu aja bkin hidup saya naik turun kyk roll coaster",7 months ago,0,0,sya nang karna emang bisnis uncertainty bener banget ssya meni suami yg keluarga basicnya dagang sdgkn hidup atur aja bkin hidup turun kyk roll coaster,4,Promosi Judi
@Putin72,"Terimakasih dok, saya akan lebih giat lagi bekerja",7 months ago,0,1,terimakasih dok giat,4,Promosi Judi
@MishbahulFalih,Andalan🤟,7 months ago,0,1,andal,4,Promosi Judi
@Nopanpratamaaa,25:16,7 months ago,0,1,2516,4,Promosi Judi
@dennymaulanda5581,nih orang 😅🤣,7 months ago,0,1,nih orang,4,Promosi Judi
@aziz_bunciz23,"privilege is awak sehat seger waras, ati sing bakoh, lan pundak sing dikuat” no kanggo ngadepi kenyataan dok🙌🏻.
ahh jawaa ga bisa bacaa! terjemahin sendirii🫵🏻",7 months ago,0,1,privilege is awak sehat seger waras ati sing bakoh lan pundak sing kuat no kanggo ngadepi nyata dok ahh jawaa ga bacaa terjemahin sendiri,4,Promosi Judi
@yosepmukti1,10:44 sudah dijelaskan. Ada suaranya,7 months ago,0,3,1044 suara,4,Promosi Judi
@M2mbox,"Tetangga saya laki2 usia 38 tahun lulusan SARJANA HUKUM sekarang jualan cilok.
 Padahal anak orang kaya di kampung saya.
 Keponakan saya berusia 22 tahun SMP tidak Lulus sukarang jadi bos konveksi dg omset ratusan juta per bulan.
 Tetangga kampung sebelah dulu tukang rongsok , sekarang  punya diler bus dan mobil.",7 months ago (edited),1,2,tetangga laki2 usia 38 lulus sarjana hukum jual cilok anak orang kaya kampung keponakan usia 22 smp lulus sukarang bos konveksi dg omset ratus juta tetangga kampung belah tukang rongsok diler bus mobil,4,Promosi Judi
@jidot912,Mahal bgt kelas ini 🔥,7 months ago,0,2,mahal bgt kelas,4,Promosi Judi
@lslosaga123,"Saya berbisnis agar keuanganku stabil, karna saya takut saat saya tidak memiliki uang, dengan mudahnya saya menjuala agama dan mengorbankan akhirat hanya untuk mendapatkan uang atau dunia. Sebagaimana kebanyakan orang muslim zaman sekarang.",7 months ago,0,0,bisnis uang stabil karna takut milik uang mudah menjuala agama korban akhirat uang dunia banyak orang muslim zaman,4,Promosi Judi
@Skimaprinting,"top nyeneni uwong tenan iki,tp marai nguyu ngekek😅",7 months ago (edited),0,0,top nyeneni uwong tenan ikitp mara nguyu ngekek,4,Promosi Judi
@pendidikanfhunsut-jh9pl,saya beli juga barang bekas..,7 months ago,0,0,beli barang bekas,4,Promosi Judi
@Pinkpen0.2,"Baru lulus smk 6 bulan ±. Tabungan saya saat ini 300ribu, selama 6 bulan baru kerja 16 hari kelola toko orang.
Bapak kuli bangunan, ibu dirumah ngurus adek 2 masin TK dan baru SD. Bapak lulusan SD, Ibu SMP gak selesai. Privilege saya punya hp masih bisa buat nonton YouTube, masih kebeli kuota internet 1 atau 2 minggu sekali. 
Bisa service hp yang mudah"" (ganti lcd, ganti tombol) Belum bisa lebih dari itu karena keterbatasan alat service dan modal.

Punya rencana mau jualan es pinggir jalan dengan modal saat ini.

Ingin kuliah tapi ekonomi ga cukup, persiapan kuliah juga ga cukup, saya baru tau di akhir masa sekolah bahwa pendidikan itu penting (saya ga di beri tahu oleh orang tua saya, bahwa pendidikan itu penting, mungkin mereka juga ga ngerti). Parenting dari ortu hanya adab perilaku yang baik, sisanya tidak diajarkan. Ortu saya bilang kerja itu penting. Tapi lowongan yang ditawarkan kepada saya semuanya lowongan nyogok/ada uang Adm, uang rokok. Alasan saya ingin berjualan  karena saya ga mau pinjam uang ke orang cuma buat nyogok pekerjaan sebagai operator produksi.

Saya ada motor bebek dari kakek, pajak masih aktif, saya juga punya SIM tanpa tembak/nyogok.

Saya minta saran sebaiknya apa yang harus saya lakukan untuk memperbaiki dan menstabilkan ekonomi keluarga saya dengan latar belakang saya yang seperti ini, mungkin ada orang yang berpengalaman/pakar bisa membagi pengetahuannya ke saya.

Maaf jika ketikan saya belepotan/berantakan, semoga masih bisa dipahami 🙏",7 months ago,0,0,lulus smk 6 tabung 300ribu 6 kerja 16 kelola toko orang kuli bangun rumah ngurus adek 2 masin tk sd lulus sd smp gak selesai privilege hp nonton youtube kebel kuota internet 1 2 minggu service hp mudah ganti lcd ganti tombol batas alat service modal rencana jual es pinggir jalan modal kuliah ekonomi ga siap kuliah ga tau sekolah didik ga orang tua didik ga ngerti parenting ortu adab perilaku sisa ajar ortu bilang kerja lowong tawar lowong nyogokada uang adm uang rokok alas jual ga pinjam uang orang nyogok kerja operator produksi motor bebek kakek pajak aktif sim tembaknyogok saran laku baik stabil ekonomi keluarga latar orang berpengalamanpakar bagi tahu maaf keti belepotanberantakan moga paham,0,Bukan PromosiJudi
@indraindrawan1783,"Ok), Terimakasih Dr. Tirta",7 months ago,0,0,ok terimakasih dr tirta,4,Promosi Judi
@AchmadChoirul-o7l,"Dari 3 point yg disampaikan, saya hanya punya 1, networking. Alhamdulillah, saya punya bisnis dan bisa dikatakan sukses.

Sebenarnya (mungkin) ada faktor lagi selain 3 yg disebutkan Pak Tirta. Skill yg diasah terus menerus dan Attitude yg bagus...",7 months ago (edited),0,0,3 point yg 1 networking alhamdulillah bisnis sukses faktor 3 yg tirta skill yg asah terus attitude yg bagus,1,Bukan PromosiJudi
@johnwahyu1276,"Jangankan ipk jelek, punya ipk aja ngga, i'm done😂 saya gak punya 3 poin yg disebutkan. tapi alhamdulillah masih bisa survive sebagai karyawan sampai sekarang🎉",7 months ago,0,0,ipk jelek ipk aja ngga im done gak 3 poin yg alhamdulillah survive karyawan,4,Promosi Judi
@mthrn4252,"betul kerja duluu, nabung dikit2 umur 20an nabung mniman sebualn 300-1 juta perbulan gpp, invest buat diumur 30an, saya udh jalanin",7 months ago,0,1,kerja duluu nabung dikit2 umur 20an nabung mniman sebualn 3001 juta bulan gpp invest umur 30an udh jalanin,4,Promosi Judi
@zulkarnaenmasud5658,"generasi sandwich, ngga punya relasi bagus, ipk 3.
lulus kuliah cuma punya tabungan 10jt bikin angkringan sama jualan tembakau linting, cuma dapet capenya😂
“bekerjalah, bekerjalah!!”
ya akhirnya pergi kejepang nyari modal, udah jalan 3 thn udah bikin usaha ayam petelur, walopun belum gede tapi masih proses",7 months ago,0,0,generasi sandwich ngga relasi bagus ipk 3 lulus kuliah tabung 10jt bikin angkring jual tembakau linting dapet cape kerja kerja ya pergi kejepang nyari modal udah jalan 3 thn udah bikin usaha ayam telur walopun gede proses,4,Promosi Judi
@adamfirdaus9272,Liverpool aman dokter tirta?,7 months ago,0,0,liverpool aman dokter tirta,4,Promosi Judi
@mnoerfajri,"Tabungan ga ada
Privilage ga ada
Pengalaman kerja kosong
IPK rendah

Kebanyakan Push Rank, Beban Negara
😂😂😂",7 months ago (edited),0,0,tabung ga privilage ga alam kerja kosong ipk rendah banyak push rank beban negara,4,Promosi Judi
@pingkyapriliaa3569,Berasa lagi diomelin🤧,7 months ago,0,0,asa diomelin,4,Promosi Judi
@man-of-lyrics,"Libepul lagi beruntung?..beruntung dari segi mana dok?...udah 5x beruntun kalah EPL,mana udah di scam writz lagi,masa dibeli 120j tapi 11 match 0 goal,0 assist...belum isak lagi,dengan rekor transfer britain,baru cetak 1 goal,itupun di karabao cup...udah bertimpa timpa sial nya dok..😂😂😂😂😂",7 months ago,0,0,libepul beruntungberuntung segi dokudah 5x untun kalah eplmana udah scam writz lagimasa beli 120j 11 match 0 goal0 assistbelum isak lagidengan rekor transfer britainbaru cetak 1 goalitupun karabao cupudah timpa timpa sial nya dok,4,Promosi Judi
@ilhamdwiiheryanto8812,"modal pengalaman kerja doang berani² nya nonton ginian🤣 niat nya pengen buka usaha dagang, buat ada perubahan hidup aja, tapi gajadi dah wkwk",7 months ago,0,0,modal alam kerja doang berani nya nonton ginian niat nya ken buka usaha dagang ubah hidup aja gajadi dah wkwk,4,Promosi Judi
@ku.kuruyuk8046,"Mulai dr 0 
Cuma saat ngisi BBm🫣 

"" mati sekali "" hidup tiap pagi 

Smngt para pejuang ekonimi😊",7 months ago,0,0,dr 0 ngisi bbm mati hidup pagi smngt juang ekonimi,4,Promosi Judi
@AbdulAziz-mb2vo,Mantap lek kuu😮,7 months ago,0,0,mantap lek kuu,4,Promosi Judi
@ahmad_zs01,"Saya cuma ada di terakhir ipk pas"" an dengan biaya sendiri+ saya kerja yang penting dapat duit itu gimana ya🙏
Apakah saya berhenti kuliah dan kerja full time atau lanjut kuliah",7 months ago,0,0,ipk pas an biaya kerja duit gimana ya henti kuliah kerja full time kuliah,4,Promosi Judi
@opand5861,dok minimal tabungan nya berapa?,7 months ago,0,0,dok minimal tabung nya,4,Promosi Judi
@someone-cg9uc,"@M2mbox  kak maaf ya kak, kalau menurut saya kuliah dan sekolah itu investasi, tentang nasib setelahnya itu tergantung manusia tersebut. Kuliah dan sekolah tinggi ga menjamin masa depan? Ga juga tergantung manusianya selama kuliah udah ngambil pelajaran apa aja. Saya mahasiswa juga kak, semoga komentar sampean ga membuat anak muda jadi takut buat kuliah🙏",7 months ago,0,1,m2mbox kak maaf ya kak kuliah sekolah investasi nasib telah gantung manusia kuliah sekolah ga jamin ga gantung manusia kuliah udah ngambil ajar aja mahasiswa kak moga komentar sampean ga anak muda takut kuliah,0,Bukan PromosiJudi
@unfrezeehyper7759,"Kuliah pas awal mata pelajaran  kewirausahaan, dosen bukan nya ngajar bisnis. 
Tapi malah suruh hitung estimasi biaya kuliah selama 4 tahun(include biaya hidup) vs UMR Surabaya 😭 . Dikasi pertanyaan, bisa balik modal berapa tahun. ??? . . .",7 months ago,0,0,kuliah pas mata ajar kewirausahaan dosen nya ngajar bisnis suruh hitung estimasi biaya kuliah 4 tahuninclude biaya hidup vs umr surabaya kasi modal,4,Promosi Judi
@supriadimaddi,"Habis nonton ini, rasanya habis di tampar kiri kanan sakit betul ya Allah 😢😢😅.",7 months ago,0,0,habis nonton habis tampar kiri kanan sakit ya allah,4,Promosi Judi
@dwiwicaksono1328,fakta !!!! tertampar semua nih,7 months ago,0,0,fakta tampar nih,4,Promosi Judi
@Irv4n_Nextin,"1 tahun kemudian bakal balik ke video ini dengan catatan,bisnisku sudah stabil",7 months ago,1,32,1 video catatanbisnisku stabil,4,Promosi Judi
@kenaryo2879,"Pesan ini seharusnya didengar juga untuk para pelajar dan mahasiswa (syukur masih di awal2) agar Untuk yang kondisinya tidak ada semua (previlege, tabungan, dan prestasi) supaya kalian benar benar memaksimalkan kuliah karena menurut saya jalan untuk memperbaiki hidup adalah dengan memaksimalkan prestasi kalian. Jadi pintu masuk untuk mengubah nasib disini ada di prestasi, previlege dan tabungan akan mengikuti.",7 months ago,0,0,pesan dengar ajar mahasiswa syukur awal2 kondisi previlege tabung prestasi maksimal kuliah jalan baik hidup maksimal prestasi pintu masuk ubah nasib prestasi previlege tabung ikut,4,Promosi Judi
@GegohAgara,"20:32 kapal api laris karena dia pertama kali jual kopi kapal api,coba jual nya 2024,jadi kapal uap.😂",7 months ago (edited),0,0,2032 kapal api laris kali jual kopi kapal apicoba jual nya 2024jadi kapal uap,4,Promosi Judi
@ElegyFajarTriwardoyo,"kereut ceuli aing!
- Dr.Tirta, 2025",7 months ago,0,0,kereut ceuli aing drtirta 2025,4,Promosi Judi
@ramdani5338,ditampar banget,7 months ago,0,0,tampar banget,4,Promosi Judi
@RIZALBAHRI-pz4sy,"Oke gini dok, kalo gw di tanya mau jadi pembisnis gw akan jawab, gw pengen hidup gw berguna untuk membantu orang lain, karna disitu gw dapet rasa kepuasan tapi gw enggak munafik juga ya dok, gw pengen juga punya uang yang banyak membantu keluarga gw, dijaman sekarang untuk membantu orang lain itu pasti perlu uang and HATI.
Gw tau bisnis itu enggak mudah butuh perjuang , pengorbanan sampe lu ngerti di dalem bidang itu, ya karna apah bagi gw bisnis jalan satu"" nya lu bisa punya banyak uang, ya meskipun resiko nya lu bakalan miskin dan enggak jadi apa"" tapi disitu gw memiliki abis gw bakalan jadi satu"" nya yang bisa mengelola bisnis itu dengan baik dan berhasil. 
Sebelum nya gw mau curhat dikit dulu dok, meskipun gw sekarang lagih mencari akses dan ilmu nya gw yakin dimulai dari niat yang baik pasti akan berakhir dengan yang baik pula, meskipun gw akan menerima kenyataan bisnis gw harus tutup.
Ya segitu ajah dok yang gw lagi alami sekarang sory nih malah jadi panjang 😅 tnks dok banyak banget ilmu yang gw dapetin dari lu 🙏",7 months ago,0,0,oke gin dok kalo gw bisnis gw gw ken hidup gw guna bantu orang karna situ gw dapet puas gw munafik ya dok gw ken uang bantu keluarga gw jam bantu orang uang and hati gw tau bisnis mudah butuh juang korban sampe lu ngerti dalem bidang ya karna apah gw bisnis jalan nya lu uang ya resiko nya lu miskin situ gw milik abis gw nya kelola bisnis hasil nya gw curhat dikit dok gw lagih cari akses ilmu nya gw niat gw terima nyata bisnis gw tutup ya segitu ajah dok gw alami sory nih tnks dok banget ilmu gw dapetin lu,0,Bukan PromosiJudi
@juragankaosjawatimur2567,8:03 Frugalism to the max,7 months ago,0,1,803 frugalism to the max,4,Promosi Judi
@Adrian_Gm1,"Pertanyaan buat anda dr. Tirta yg alumni s2 sbm itb: jelaskan dengan sederhana, kapan seorang dikatakan sukses?",7 months ago,1,0,dr tirta yg alumni s2 sbm itb sederhana sukses,4,Promosi Judi
@heybit-m1q,"klo tabungan nge pas, privilage nge pas, kerja ngepas, ipk 4. itu gmn dok?",7 months ago,0,0,klo tabung nge pas privilage nge pas kerja ngepas ipk 4 gmn dok,4,Promosi Judi
@mahbb699,"Pak Gibran aja bisa, masa kita bisa??",7 months ago,0,0,gibran aja,4,Promosi Judi
@shusirou,keren dok,7 months ago,0,0,keren dok,4,Promosi Judi
@LAPTOPASUS-g1t,"Dok saya skolah sampe SMA orang tuaku orang desa petani , dulu saya akhirnya pindah skolah dikarenakan ikut sama kaka karena nikah dan dapat suami orang minang (pedagang) dan akhirnya saya pindah lingkungan bersama orang orang pedagang fashion karena suami kaka ku tsb . dan sebelumnya itu saya berpikiran cukup skolah sampai sma saja karena sudah mengenal uang , sering ikut jualan ke pasar jaga toko suami kaka ku dan saya di arahkan , di didik , di marahi di depan banyak pengunjung semakin lama saya semakin terbiasa mungkin terbentuk juga mental atas semua kesalahan dan arus ngapain jaga tok itu ,.  singkat cerita saya di arahkan untuk jualan online di tahun 2021 dan bumm saya punya uang di umur 21 kisaran 350 jt + hasil jualan online , tapi saya sangat menyesal karena tidak lanjut kuliah dan seterusnya . menurut saya skolah itu sangat penting , uang bisa habis tetapi ilmu di skolah walopn kata orang tidak penting itu bulshit karena mungkin kalo saya kuliah banyak lingkungan baru dan ilmu baru . dan buat temen tmen yang masi mikir skolah atau lanjut atau sebagainya mending skolah sih lanjutin yakin ko banyak wawasan baru atau privilage baru yang bisa membawa arus kita lebih banyak dan besar",7 months ago,0,0,dok skolah sampe sma orang tua orang desa tani pindah skolah kaka nikah suami orang mang dagang pindah lingkung orang orang dagang fashion suami kaka ku tsb pikir skolah sma kenal uang jual pasar jaga toko suami kaka ku arah didik marah unjung biasa bentuk mental salah arus ngapain jaga tok singkat cerita arah jual online 2021 bumm uang umur 21 kisar 350 jt hasil jual online sesal kuliah skolah uang habis ilmu skolah walopn orang bulshit kalo kuliah lingkung ilmu temen tmen mas mikir skolah mending skolah sih lanjutin ko wawas privilage bawa arus,0,Bukan PromosiJudi
@PinesJimmy,"thank you, dok.",7 months ago,0,0,thank you dok,4,Promosi Judi
@fauzihaidarhilmy,Mantapppp pak dokter ilmunya😎,7 months ago,0,0,mantapppp dokter ilmu,4,Promosi Judi
@egaprayoga6942,"saya lulusan SMK pariwisata 2018, sampai sekarang total 7 tahun kerja linear di pariwisata  dari perintilan kecil sampai eksekusi lapangan, di sati sisi sambil freelance di bidang Design Grafis.. networking vendor udah cukup lumayan, networking client masih cukup kecil. nikah sama perempuan yang gila perihal money management. 2026 besok mutusin untuk jalan sendiri di bidang pariwisata (travel Agent). jujur ngeliat ekonomi masyarakat indonesia saat ini, dan beberapa kebijakan gubernur jawa barat tentang larangan jalan untuk anak sekolah, lumayan bikin bimbang. terlalu fokus ngumpulin gear, sampai lupa mikirin strategi marketing kedepanya. Please, yang bisa kasih pencerahan atau pendapat. boleh balas comment gua.",7 months ago,0,0,lulus smk pariwisata 2018 total 7 kerja linear pariwisata perintilan eksekusi lapang sat sisi freelance bidang design grafis networking vendor udah lumayan networking client nikah perempuan gila perihal money management 2026 besok mutusin jalan bidang pariwisata travel agent jujur ngeliat ekonomi masyarakat indonesia bijak gubernur jawa barat larang jalan anak sekolah lumayan bikin bimbang fokus ngumpulin gear lupa mikirin strategi marketing depa please kasih cerah dapat balas comment gua,4,Promosi Judi
@Neng-Rai,"Dok saran buat para tkw please🙏...invest apa yg bagus ,karena kalau berbisnis sulit cari org yg dipercaya.apalagi saya single mom Dan sandwich generation 😊",7 months ago (edited),0,0,dok saran tkw pleaseinvest yg bagus bisnis sulit cari org yg dipercayaapalagi single mom sandwich generation,1,Bukan PromosiJudi
@Kocheng_Belang,"seharusnya nasihat ini ada di tahun 2015an, saya sangat butuh pencerahan seperti ini 😅",7 months ago,0,0,nasihat 2015an butuh cerah,4,Promosi Judi
@InaIndramayu-f3b, @Irv4n_Nextin  Amin,7 months ago,0,0,irv4nnextin amin,4,Promosi Judi
@erlinapuspita9954,Ketika gak dipenjara,7 months ago,0,1,gak penjara,4,Promosi Judi
@dadapanbanyuwangi9293,"ini yg gw suka from Tirta, bicara Apadanya & Blak-blakan tak seperti motivator konvensional. Thanks Doc insight ny",7 months ago,0,1,yg gw suka from tirta bicara apadanya blakblakan motivator konvensional thanks doc insight ny,4,Promosi Judi
@boultv9667,"Hatur nuhun dok, hatur nuhun malaka project",7 months ago,0,0,hatur nuhun dok hatur nuhun malaka project,4,Promosi Judi
@bamstr10,Kalo sd gimana dok,7 months ago,0,0,kalo sd gimana dok,4,Promosi Judi
@kintamcakra21,"sm kaya yg dipesenin ortuku

""bapak/ibu cm bs ngasih ilmu, mau seberapa keluar uang lg kere jg bakal di usahain bgt, jgn berharap harta dr bpk/ibu.. ya ada sedikit, tp jgn berharap dr sana, karna bakal abis kalo gk punya ilmu""",7 months ago,0,0,sm kaya yg senin ortuku bapakibu cm bs ngasih ilmu uang lg kere jg usahain bgt jgn harap harta dr bpkibu ya tp jgn harap dr karna abis kalo gk ilmu,4,Promosi Judi
@agilrahmatfirdaus7231,butuh sub dari bahasa jawa,8 months ago,0,0,butuh sub bahasa jawa,4,Promosi Judi
@m.aslamnaufal2085,"saya smt 3 gabyear setahun,dengan uang hasil kerja nyambi kuliah, Saya membuka sebuah brand baju, dan apa yang di katakan dr tirta sangat"""" arggg sama dengan di lapangan",8 months ago,0,1,smt 3 gabyear setahundengan uang hasil kerja nyambi kuliah buka brand baju dr tirta arggg lapang,4,Promosi Judi
@mrwanoi1511,"tertampar bgt sama fans liverpool garis keras :) , thanks dok",8 months ago,0,1,tampar bgt fans liverpool garis keras thanks dok,4,Promosi Judi
@joddymalfica,“hajinguk” 🤣🤣,8 months ago,0,0,hajinguk,4,Promosi Judi
@leanweb-id,"Jarang motivator yang bahas faktor rezeki atau istilah sekulernya ""keberuntungan"", padahal hal tsb itu adalah salah satu faktor utama orang sukses. Sehebat-hebatnya orang kalau dunia menolak yang dia lakukan, tidak bisa jadi apa2.",8 months ago,0,0,jarang motivator bahas faktor rezeki istilah sekuler untung tsb salah faktor utama orang sukses sehebathebatnya orang dunia tolak laku apa2,4,Promosi Judi
@pastikurnia9505,"😂kok seneng kalo ngomel2 ya,tapi suka,terima kasih",8 months ago,0,0,neng kalo ngomel2 yatapi sukaterima kasih,4,Promosi Judi
@ezaafr8939,Gua belum sukses tapi kalo dilihat orang2 yg sukses itu rata2 merasa cukup dengan yg dipunya dan terus punya tujuan selanjutnya,8 months ago,0,0,gua sukses kalo orang2 yg sukses rata2 yg punya tuju,1,Bukan PromosiJudi
@anakesimak2375,"komen ini boleh di bantah ya gaes

bisnis itu semakin banyak gagal semakin banyak ilmu/pengalaman yang kalian miliki, entah itu soal celah atau kegagalan yang lain",8 months ago,0,0,komen bantah ya gaes bisnis gagal ilmupengalaman milik celah gagal,4,Promosi Judi
@Ivan_Adistyann,"""Wluwluwluwluuu""

   - dr.Tirta citot",8 months ago (edited),0,0,wluwluwluwluuu drtirta citot,4,Promosi Judi
@mutiarasal__6246,"IPK 3.70 accounting universitas kedibilitas A, priviledge orang tua enterpreneur sangat stabil. Buka bisnis abis lulus, cuma bertahan 1 tahun karena mental ga siap. Menurutku priviledge engga cuma external factors, tapi mental state dengan fondasi yang kuat itu priviledge yang luar biasa.

Setuju banget sama statement dr. Tirta ""Mereka tau sekolah itu bullshit karena mereka sekolah."" Sama banget sama bisnis tanpa mentor, learning by doing is so fucking hard man wkwkwk",8 months ago (edited),1,0,ipk 370 accounting universitas kedibilitas a priviledge orang tua enterpreneur stabil buka bisnis abis lulus tahan 1 mental ga turut priviledge engga external factors mental state fondasi kuat priviledge tuju banget statement dr tirta tau sekolah bullshit sekolah banget bisnis mentor learning by doing is so fucking hard man wkwkwk,0,Bukan PromosiJudi
@okyachmads,Anak umur 24 punya 1T Ya itu beneran ada gak ya,8 months ago (edited),0,0,anak umur 24 1t ya beneran gak ya,4,Promosi Judi
@dholicam3670,Financial Liverpool habis ngalahin Madrid gimana dok,8 months ago (edited),0,0,financial liverpool habis ngalahin madrid gimana dok,4,Promosi Judi
@eriksetiawan9942,23:36 cat lovers dok pie maneh i 😅,8 months ago,0,0,2336 cat lovers dok pie maneh i,4,Promosi Judi
@mochamadzaynali,"Ini yang namanya FULL DAGING, di tonton dan dipraktikkan sampai 20 th kedepan masih masuk akal.

Semua kalangan tertampar sm dokter tirta... 🔥",8 months ago,0,1,nama full daging tonton praktik 20 th depan masuk akal kalang tampar sm dokter tirta,4,Promosi Judi
@Dennss-y5b,"Dia bilang maaf kalau menyinggung, tapi malah ini yang gua cari buat validasi yang lagi dirasain..... Entah kenapa relate dan sekarang lagi di fase rambut pink, yah semoga bisa lebih paham buat ga ngasi makan ego wkwkw",8 months ago,0,0,bilang maaf singgung gua cari validasi dirasain relate fase rambut pink yah moga paham ga ngasi makan ego wkwkw,4,Promosi Judi
@YusrilAbdulAziz,Suka banget 🎉,8 months ago,0,0,suka banget,4,Promosi Judi
@trafalgardmail4811,Sekelas pizza HUT dikota ku sebulan pertama doang rame nya skrng mulai sepi mana sistem gajinya bagi hasil 60-40 makin org GK minat kerja disitu,7 months ago,0,0,kelas pizza hut kota ku bulan doang rame nya skrng sepi sistem gaji hasil 6040 org gk minat kerja situ,4,Promosi Judi
@suryantosubdirjo9823,Bertahan adalah salah satu cara untuk hidup,8 months ago,0,0,tahan salah hidup,4,Promosi Judi
@dikafirmansyah6779,"Habis lulus jangan langsung buka bisnis kecuali anda anak orang kaya yg punya back up bejibun buat jatuh bangun. Mending kerja dulu sambil cari pengalaman, rasakan pressurenya, pelajari alur produksi dan alur uangnya.
Saya yang abis kuliah langsung berdagang, masih ada rasa nyesel karena tahun2 awal dihabiskan untuk meraba dari nol banget.",8 months ago,0,0,habis lulus langsung buka bisnis kecuali anak orang kaya yg back up bejibun jatuh bangun mending kerja cari alam rasa pressurenya ajar alur produksi alur uang abis kuliah langsung dagang nyesel tahun2 habis raba nol banget,1,Bukan PromosiJudi
@estherhalenaohee,"""Arogan kalau pintar, gakpapa""_ Demmmmmmmmmmmmmmmmmm!",8 months ago,0,0,arogan pintar gakpapa demmmmmmmmmmmmmmmmmm,4,Promosi Judi
@anggahendra7569,"Bersyukur banget saya bisa nonton video seperti ini, sedikit cerita saya sedang dalam masa kebingungan yang ga bisa saya selesaikan. Saya seorang mahasiswa akhir semester 7, dengan tidak memiliki tabungan, ortu keduanya tidak ada (ibu meninggal ayah pergi gatau kemana), dan ip pas pas an ga sampe 3.5, pernah kerja part time cuma satu semester dan semester lainnya sedikit mengejar ipk (saya ga pinter pinter amat tapi kuliah nyari beasiswa semenjak ayah pergi) sekarang udah mulai ambil tugas akhir yang insyaallah semester depan lulus, punya hutang keluarga yang luamayan besar juga kalo ga dibayar rumah saya yg jadi taruhan. Sekarang saya sedang bingung sekali harus bagaimana setelah lulus. Namun, thanks buat video ini, karenanya saya tertampar dan tau apa yang harus saya lakukan yaitu kerja, kerja sekeras mungkin karena bagaimanapun hanya itu yang bisa dilakuin, dan makasih lagi, 'jangan buru buru nikah' jadi kata pamungkas juga buat saya. Terima Kasih Malaka buat konten yang sebagus ini",8 months ago,0,2,syukur banget nonton video cerita bingung ga selesai mahasiswa semester 7 milik tabung ortu tinggal ayah pergi gatau mana ip pas pas an ga sampe 35 kerja part time semester semester kejar ipk ga pinter pinter kuliah nyari beasiswa semenjak ayah pergi udah ambil tugas insyaallah semester lulus hutang keluarga luamayan kalo ga bayar rumah yg taruh bingung lulus thanks video tampar tau laku kerja kerja keras dilakuin makasih buru buru nikah pamungkas terima kasih malaka konten bagus,0,Bukan PromosiJudi
@sukmaendriyanto655,mantap dok... suka dgn gayamu yg ceplas ceplos tp jujur adanya,8 months ago,0,0,mantap dok suka dgn gaya yg ceplas ceplos tp jujur,4,Promosi Judi
@sukubussuku3845,"beliau memang mentor yang sangat best.. udh dikasih ilmu, kesadaran, pemahaman, dan gimmick organik menjadi sebuah kombinasi yang perfectt, terima kasih Dr. Tirta dan MALAKA 🙏",8 months ago (edited),0,0,beliau mentor best udh kasih ilmu sadar paham gimmick organik kombinasi perfectt terima kasih dr tirta malaka,4,Promosi Judi
@Monzargh,Pelit medit 😂😂😂😂,8 months ago,0,0,pelit medit,4,Promosi Judi
@ninocikoci,"Cara duduknya pak dokter😅. 
Semangat terus Pak! 
Semoga ilmunya bikin orang-orang awam jadi semakin kritis!",8 months ago,0,0,duduk dokter semangat moga ilmu bikin orangorang awam kritis,4,Promosi Judi
@rohyatizahra472,Serius tapi dpt enjonya mak kasih dr tirta atas nasehatnya dan ilmunya😊,8 months ago,0,1,serius dpt enjonya mak kasih dr tirta nasehat ilmu,4,Promosi Judi
@excelindokrisnaputra4493,"Dok, kapal selam itu diesel elektrik 😂",8 months ago,0,0,dok kapal selam diesel elektrik,4,Promosi Judi
@zxuagskwgl,"maturnuwun dokter Tirta, daging semua, luar biasa. di ""Indonesia adalah negara realistis"".",8 months ago,0,0,maturnuwun dokter tirta daging indonesia negara realistis,4,Promosi Judi
@aditk8886,"Mobil pertama saya pakai uang sendiri murni di usia 27th di harga 150jt ditahun 2011.. rumah senilai 750jt pertama saya diusia 35tahun.. berat boss hidup.. 

Yg gw pusing pensiun pakai uang siapa? Investasi.. duit ku habis boss.. 

Investasi miliaran biar pensiun tenang.. duit siapa wkwkw",8 months ago,0,0,mobil pakai uang murni usia 27th harga 150jt tahun 2011 rumah nila 750jt usia 35tahun berat boss hidup yg gw pusing pensiun pakai uang investasi duit ku habis boss investasi miliar biar pensiun tenang duit wkwkw,4,Promosi Judi
@MDA_SPORT,Ijin ambil vidionya buat gua bikin vidio short bg🙏 boleh Ndak kira²?,8 months ago,0,0,ijin ambil vidionya gua bikin vidio short bg ndak,4,Promosi Judi
@regkaregkgading5281,Pak saya cuman bilang di umur dari 20-25 kita bukan nya tidak bisa punya uang 1M kalo difikir sih bener tpi kita bisa buat motivasi kita sendiri untuk patokan kita bekerja berusaha untuk lebih maju,8 months ago (edited),0,1,cuman bilang umur 2025 nya uang 1m kalo difikir sih bener tpi motivasi patok usaha maju,4,Promosi Judi
@hafispratama3821,"haii, aku adalah calon dokter yang sekarang sudah di  jenjang koaas, dan aku juga bukan terlahir dari keluarga kaya raya, bahkan saat pre klinik aku kerja sampingan dengan musik, editing dan vidiography yang kupelajari saat SMA untuk membeli sesuatu yang kuinginkan, dan aku ingin menjadi seorang pengusaha agar aku tidak mencari uang dari profesi dokter dan bisa menolong banyak orang di pedalaman tanpa meminta biaya pengobatan sepeserpun, karena hidupku  sudah terpenuhi dari usaha ku, dan itu adalah mimpi ku, karena aku suka terjun kelapangan dan bermanfaat untuk orang lain, daripada kalian bingung mau menulis apa di kolom komentar dari konten yang sedikit membantu kalian meraih apa yang kalian inginkan, ayo tulis juga apa mimpi kalian bersama ku",8 months ago,1,2,hai calon dokter jenjang koaas lahir keluarga kaya raya pre klinik kerja samping musik editing vidiography ajar sma beli ingin usaha cari uang profesi dokter tolong orang dalam biaya obat peser hidup penuh usaha ku mimpi ku suka terjun lapang manfaat orang bingung tulis kolom komentar konten bantu raih ayo tulis mimpi ku,1,Bukan PromosiJudi
@ferryvideo,mantap.. content yang sangat bermanfaat.. Terimakasih dok,8 months ago,0,0,mantap content manfaat terimakasih dok,4,Promosi Judi
@gamemobile3078,"Bener bang, kita disajikan 2 pilihan yaitu uang atau *waktu*.

Saya ijin sharing aja ya bg, dulu waktu sy kls 2 smp ikut
 partime. Sehari kerja 9 jam, dibayar 40rb. Ya karena waktu dulu lagi butuh, nah gw ambil tuh. Sampe kelas 3 smp baru gw mikir ""nuker waktu seharian demi dapat uang 40rb, kok kayaknya kurang relevan, toh ortu masih sanggup nanggung"".
Jadi akhirnya saya milih waktu nih daripada partime. Waktu tuh mahal loh, bisa ngapain aja. Bisa bangun otak dan otot, ya karena investasi orang berduit aja otak dan kesehatan.

Tapi yg gw agak gimana gitu bg, waktu ada duit lalu beli hp, emas juga Alhamdulillah 2g.
Tapi gara² beli hp baru ini, jadi makin susah lawan diri sendiri, keasikan push rank😂

Oya faktor lucky itu emang sebrutal itu bg, orang yang tau bisnis digital pertama, itu dia orang paling untung. Jual²in e-book, dan jadi yang paling terkenal duluan. Kalian yang mau ikut bisnis digital udah tersaingi ama mereka, jadi susah bersaing.
Dah cukup itu aja yang mau ku sampaikan, thanks.",8 months ago,0,1,bener bang saji 2 pilih uang ijin sharing aja ya bg sy kls 2 smp partime hari kerja 9 jam bayar 40rb ya butuh gw ambil tuh sampe kelas 3 smp gw mikir nuker hari uang 40rb kayak relevan ortu sanggup nanggung milih nih partime tuh mahal loh ngapain aja bangun otak otot ya investasi orang duit aja otak sehat yg gw gimana gitu bg duit beli hp emas alhamdulillah 2g gara beli hp susah lawan asi push rank oya faktor lucky emang brutal bg orang tau bisnis digital orang untung jualin ebook kenal duluan bisnis digital udah saing ama susah saing dah aja ku thanks,0,Bukan PromosiJudi
@rickyramadhan3889,Malu aku Cok komen mau berbisnis padahal Mash mines,8 months ago,0,0,malu cok komen bisnis mash mes,4,Promosi Judi
@khoerullisan5342,video ini harus diulang setiap bulan. terimakasih malaka team dan dr.tirta,8 months ago,0,0,video ulang terimakasih malaka team drtirta,4,Promosi Judi
@nurulluthfiana2783,"Hai Tim Malaka, sehat selalu tim. Terima kasih buat sharing ilmunya.",8 months ago,0,0,hai tim malaka sehat tim terima kasih sharing ilmu,4,Promosi Judi
@iqbldwi3099,mantapp dokk. terimakasih atas cerita hebatnya!!,8 months ago,0,0,mantapp dokk terimakasih cerita hebat,4,Promosi Judi
@valeiro147,Kaya dan Bermanfaat Pak Dokter!!!,8 months ago,0,0,kaya manfaat dokter,4,Promosi Judi
@pakdepirman4162,Terima kasih banyak untuk edukasi nya Pak dokter 🙏 menjadi amal ibadah dan amal kebaikan panjenengan sekeluarga 🤲 aamiin,8 months ago,0,0,terima kasih edukasi nya dokter amal ibadah amal baik panjenengan keluarga aamiin,4,Promosi Judi
@galihtresnaputra7655,Tidakkk,8 months ago,0,0,tidakkk,4,Promosi Judi
@ferdiemvira,"Bagus dok penyampaiannya gamblang, jujur dan menghibur. 

Tapi kenapa ujung2nya malah bahas nikah?😅Kayaknya itu dibahas disesi terpisah deh dok. Soalnya kalau ngandalin ilmu, skill, mental & ekonomi harus nunda menikah lah kalo jodoh sudah ketemu piye?. dibiarin gitu nikah ama orglain yg lebih mapan?. ketemu lagi biarin lagi, gitu terus ampe bangkotan. LOVE itu ada frekwensinya bukan??, ada getarannya. Gak semua orang memang dapat kesempatan itu, tapi pasti adalah org yg pas nemu ""oh kayaknya dia nih dari sekian pria/wanita yg datang ngedeketin"", walau chance nya dikit. Belum lagi ada 1 faktor yg gak kalah pentingnya = umur. Umur itu jalan terus kan dok?.. Punya anak juga ada hitung2annya, monggo misal mau nikah umur 40th. Trus anak lahir diumur 40th juga, lah kalo anak masuk kuliah itu anda kan udah diumur 58th. Katakan kuliahnya on time 4th, berarti usia 58-61th. Pertanyaannya: apa masih kuat umur segitu utk bekerja membiayai anak masih kuliah?..wong ASN aja pensiun umur 58 lo.. pemuda jaman now usia 30an aja ada yg kena diabetes karna boba, cuci darah, stroke, dsb.

Faktor Luck. maaf dok harus disagree, kalau dalam Islam, faktor luck itu ga ada. Itu bagian dari budaya atau kultur tertentu aja. Di Islam faktor bekerja, usaha, skill, mental itu ada, cuma sekitar 50%, sisanya seizin Allah. Kalo Allah gak ngizinin ya mau secakep/sekaya apapun ya kalo ga jodoh ya ga akan nikah. Ada toh orang yg ikut lomba lari udah usaha sedemikian rupa tapi ternyata dia harus juara 2 atau 3, entah karena jurinya curang, dia keseleo, kram betis, terpeleset, kedistrak cewek bohay dikursi penonton, dsb. Juara 1 cuma utk 1 orang kan?. Gak bisa 2 org naik 1 podium sekaligus.. tapi, semua ada gilirannya masing2 seperti yg dok bilang tentang Liverpool.",8 months ago (edited),0,0,bagus dok sampai gamblang jujur hibur ujung2nya bahas nikahkayaknya bahas sesi pisah deh dok ngandalin ilmu skill mental ekonomi nunda meni kalo jodoh ketemu piye dibiarin gitu nikah ama orglain yg mapan ketemu biarin gitu ampe bangkot love frekwensinya getar gak orang sempat org yg pas nemu oh kayak nih sekian priawanita yg ngedeketin chance nya dikit 1 faktor yg gak kalah umur umur jalan dok anak hitung2annya monggo nikah umur 40th trus anak lahir umur 40th kalo anak masuk kuliah udah umur 58th kuliah on time 4th usia 5861th tanya kuat umur segitu utk biaya anak kuliahwong asn aja pensiun umur 58 lo pemuda jaman now usia 30an aja yg kena diabetes karna boba cuci darah stroke dsb faktor luck maaf dok disagree islam faktor luck ga budaya kultur aja islam faktor usaha skill mental 50 sisa izin allah kalo allah gak ngizinin ya secakepsekaya apa ya kalo ga jodoh ya ga nikah orang yg lomba lari udah usaha rupa juara 2 3 juri curang keseleo kram betis peleset kedistrak cewek bohay kursi tonton dsb juara 1 utk 1 orang gak 2 org 1 podium gilir masing2 yg dok bilang liverpool,3,Bukan PromosiJudi
@gudbook17,"😂😂ngakak klo pas ngomel ngomel, tapi jadi sadar sih .",8 months ago,0,0,ngakak klo pas ngomel ngomel sadar sih,4,Promosi Judi
@tobibowo,"1 kata , NGACA 😂 itu ada motivator lo kek gitu",8 months ago,0,0,1 ngaca motivator lo kek gitu,4,Promosi Judi
@Alut-w3z,Baru sma dok.,8 months ago,0,0,sma dok,4,Promosi Judi
@Ehsan_Rafique,👍👍👍,8 months ago,0,0,,4,Promosi Judi
@Sagung-n4m,Setuju👍 dok. Semuanya😅,8 months ago,0,0,tuju dok,4,Promosi Judi
@iankayaknya,terimakasih dok🙏🙏,8 months ago,0,0,terimakasih dok,4,Promosi Judi
@RadenPhoneservice,ajib dok kena tamparan dokter tirta sampe sadar makasih dok,8 months ago,0,0,ajib dok kena tampar dokter tirta sampe sadar makasih dok,4,Promosi Judi
@EkoSumarno,"Klosinge ndadak watok barang...
ndlogok tenan i 😂",8 months ago,0,0,klosinge ndadak watok barang ndlogok tenan i,4,Promosi Judi
@nitapujirahayu2864,Fakta semua yg disampaikan 😅... pengusaha bertarung dengan ketidakpastian..,8 months ago,0,0,fakta yg usaha tarung ketidakpastian,4,Promosi Judi
@neilanizzata,"Thank you wejangan 1AM nya dok, sangat membantu untuk merekonstruksi otak di early morning buat saya yang susah tidur.",8 months ago,0,0,thank you wejang 1am nya dok bantu rekonstruksi otak early morning susah tidur,4,Promosi Judi
@IlviNuraini,"Bener banget apa yang dibilang oleh dr. Tirta.
Saya punya perjalanan hidup dr nol hingga punya 300jt dalam 2 tahun kerja (privilage bukan sandwich generation). yg pertama gapunya apa"" baru lulus kuliah yg pertama memang harus kerja apapun yg penting dapet duit dan bisa nerima kita dr freelance selama 3-4 bulan jd surveyor di dinas"" terkait sambil ambil pendekatan barangkali ada pekerjaan yg lain. lanjut bekerja di konsultan yg cross dengan background pendidikan sambil cari"" pekerjaan yg lebih bagus. 2 bulan tiba"" dari Dinas hubungin saya karena kinerja saya pas magang dulu bagus  pas semester 5 jadi ditawarkan untuk menjadi tenaga ahli. selang 1-2 bulan saya diterima kerja di BUMN Semarang alhamdulillah dan dr pihak dinas dr awal  berpesan bebas untuk ikut recruitment untuk lebih baik pada status kerja. Alhamdulillah bekerja 5 bulan ikut lomba antar BUMN sehingga dilirik oleh dirut atas kemampuan bekerja dan promosi perusahaan. Selang setahun bekerja tahun di BUMN saya dapat penugasan dr dirut untuk ke holding/induk BUMN Jkt sehingga dapat tunjangan khusus yang bisa menambah tabungan. Setelah setahun setelah balik penugasan surah dpt tabungan banyak. Jangan stop disitu, tabungan masukin di pasar uang atau invest emas dll dan baru mulai cari"" usaha.

Tips (kalo gaada duit jangan maksain demi gengsi. Kalo bisa frugal living frugal aja dulu. kalo duit udah 3 digit baru bisa hidup normal tapi sewajarnya. Mending dikira miskin tapi banyak duit dr pada dikira punya duit ternyata miskin).
Privilage (lulusan dari 3 Top Unniv Indo, Bisa Kerja Lintas Bidang)",8 months ago (edited),0,0,bener banget bilang dr tirta jalan hidup dr nol 300jt 2 kerja privilage sandwich generation yg gapunya lulus kuliah yg kerja apa yg dapet duit nerima dr freelance 34 jd surveyor dinas kait ambil dekat barangkali kerja yg konsultan yg cross background didik cari kerja yg bagus 2 dinas hubungin kerja pas magang bagus pas semester 5 tawar tenaga ahli selang 12 terima kerja bumn semarang alhamdulillah dr dinas dr pesan bebas recruitment status kerja alhamdulillah 5 lomba bumn lirik dirut mampu promosi usaha selang tahun bumn tugas dr dirut holdinginduk bumn jkt tunjang khusus tambah tabung tahun tugas surah dpt tabung stop situ tabung masukin pasar uang invest emas dll cari usaha tips kalo gaada duit maksain gengsi kalo frugal living frugal aja kalo duit udah 3 digit hidup normal wajar mending miskin duit dr duit miskin privilage lulus 3 top unniv indo kerja lintas bidang,3,Bukan PromosiJudi
@rentech8560,Gila daging semua isinya,8 months ago,0,0,gila daging isi,4,Promosi Judi
@SyiarProperti,Dr tirta sadar pernah keliru ..menyampaikan apa adanya itu mahal,8 months ago,0,0,dr tirta sadar keliru mahal,4,Promosi Judi
@mokhamadarifin1628,"Saya tidak punya privilage, kuliah di kampus kecil swasta ipk 3 pas tapi ijazah sampai sekarang belum pernah masuk ke perusahaan.

Saya bekerja dibidang profesional bermodalkan ijazah smk, dan bisa saving 50-100jt/tahun. Saya berumur 26tahun, pengalaman kerja 7 tahun, saving termasuk ada. Tapi saya bermental kecil untuk usaha/bisnis. Karena saya sudah tau bagaimana cara kerja bisnis berjalan, apa saja resiko dan pusingnya. Dan saya lebih memilih jadi freelancer multi company sebagai pemasukan tetap, dan saya belajar mengolah uang dan asset menjadi sampingan. Belajar bagaimana berinvestasi di saham, crypto, emas, tanah. Ga perlu banyak yang penting bisa terus tumbuh. Jangan gambling, kadang berfikir untuk membuka usaha/bisnis tapi saya belum siap mental dengan segala resikonya. Legalitas di +62, oknum, leadership team, finansial, persaingan pasar, tanggungjawab beban mental menanggung tenaga kerja.

- sekian 😊",8 months ago,0,1,privilage kuliah kampus swasta ipk 3 pas ijazah masuk usaha bidang profesional modal ijazah smk saving 50100jttahun umur 26tahun alam kerja 7 saving mental usahabisnis tau kerja bisnis jalan resiko pusing pilih freelancer multi company pasu ajar olah uang asset samping ajar investasi saham crypto emas tanah ga tumbuh gambling kadang berfikir buka usahabisnis mental resiko legalitas 62 oknum leadership team finansial saing pasar tanggungjawab beban mental tanggung tenaga kerja sekian,0,Bukan PromosiJudi
@tomiadi5360,"Milenial, AS old as dr tirta, had been working for 12 years. Percayalah yang dikatakan dr tirta bener, bahkan sak  pisuh pisuh ane",8 months ago,0,0,milenial as old as dr tirta had been working for 12 years percaya dr tirta bener sak pisuh pisuh ane,4,Promosi Judi
@RadenMadrib,Aku arek suroboyo bro simpel hidup itu lur gak S1 S2 S3 prof doktor sekalipun klu tdk bergaul sm pebisnis  percuma koyok kadal tibo soko atap genteng lur sing penting per kaya dengan pengalaman yakin dan berani. Berperilaku yg baik sesama teman.jng punya sifat iri dengki dan pelit .modal nomer 29 nanti dtg sendiri.alloh maha kaya harus sll banyak bersyukur tiap detik.pasti alloh mengabulkan ucapanmu lur.teori jauh dari pada prakteknya.kecuali kaya warisan beda lg.intinya konci hidup sukses.....sll sadar diri sll tenang sll senang .lambemu iku lur dadi emas.smg pesan iki dadi mamfa.at amin...,8 months ago,0,0,arek suroboyo bro simpel hidup lur gak s1 s2 s3 prof doktor klu tdk gaul sm bisnis koyok kadal tibo soko atap genteng lur sing kaya alam berani perilaku yg temanjng sifat iri dengki pelit modal nomer 29 dtg sendirialloh maha kaya sll syukur detikpasti alloh kabul ucap lurteori prakteknyakecuali kaya waris beda lgintinya konci hidup suksessll sadar sll tenang sll senang lambe iku lur dadi emassmg pesan iki dadi mamfaat amin,1,Bukan PromosiJudi
@DhimasWim,29:22 - 29:27 Aku jadi realistis yang baik Aamiin.🙏,8 months ago,0,0,2922 2927 realistis aamiin,4,Promosi Judi
@debbydebby4544,Share materi yg luar biasa... And ditutup dengan... Keselek 😂,8 months ago,0,0,share materi yg and tutup keselek,4,Promosi Judi
@Franco_X6,Glory glory man united🎉🎉,8 months ago,0,0,glory glory man united,4,Promosi Judi
@EnyApriyanti-t7t,"Menjelaskan dengan cara simple, realistis dan gaya yg sangat Soft Spoken.. Mantab",8 months ago,0,0,simple realistis gaya yg soft spoken mantab,4,Promosi Judi
@Kancutiron,BACoooot……,8 months ago (edited),0,0,bacoooot,4,Promosi Judi
@Jolla31,Makasih dok di tengah gonjang ganjing tekanan society dan ovt diingetin ttg hal realistis,8 months ago,0,0,makasih dok gonjang ganjing tekan society ovt diingetin ttg realistis,4,Promosi Judi
@MohamadZaki-zo2vn,Salfok sama kemeja yang dipakai dr tirta mungkin ada yang tahu merk nya? 😂,8 months ago,0,0,salfok kemeja pakai dr tirta merk nya,4,Promosi Judi
@budiaphin3922,Luck itu adalah preparations meet opportunity,8 months ago,1,0,luck preparations meet opportunity,4,Promosi Judi
@nalendrawicaksono1229,saya butuh omongan dr tirta lagi,8 months ago,0,0,butuh omong dr tirta,4,Promosi Judi
@muhammadrasya9888,29:38 gagal sigma dok,8 months ago,0,1,2938 gagal sigma dok,4,Promosi Judi
@maulanawidyatama936,"Doc btw sekarang kualitas IPK juga beda sama dulu, dulu dapet 3 keknya pro banget sekarang dapet 3 gampang banget malah aneh kalo mahasiswa ga dapet IPK 3 minimal jaman now",8 months ago,0,0,doc btw kualitas ipk beda dapet 3 kek pro banget dapet 3 gampang banget aneh kalo mahasiswa ga dapet ipk 3 minimal jaman now,4,Promosi Judi
@BangTaniSawit,Alasanya buat menjadi manusia bermanfaat,8 months ago,0,0,alasanya manusia manfaat,4,Promosi Judi
@adi_pradana14,"Kata Socrates ""Gnothi Seauton Kai Meden Agan"", Kenalilah dirimu sendiri, dan Jangan berlebihan.",8 months ago,0,0,socrates gnothi seauton kai meden agan kenal diri,4,Promosi Judi
@indracahyono9021,Ngakak cokkk😂,8 months ago,0,0,ngakak cokkk,4,Promosi Judi
@yopiebrian7742,"Sekarang gue sadar, gue terlalu banyak bantu orang lain, tetapi orang² yang gue bantu tidak pernah ada bantu gue. And ketika kita jatih dan terpuruk, orang yang menginjak kita justru orang yang kita bantu",8 months ago,0,0,gue sadar gue bantu orang orang gue bantu bantu gue and jatih puruk orang injak orang bantu,4,Promosi Judi
@likebeom15,"Buka usaha kalo modal pas2an mending mundur dulu. Jangan habisin semua uangmu untuk buka usaha baru tanpa ada dana cadangan atau pemasukan lain. Karena nggak semua orang beruntung, nggak semua usaha langsung jalan.",8 months ago,0,1,buka usaha kalo modal pas2an mending mundur habisin uang buka usaha dana cadang pasu nggak orang untung nggak usaha langsung jalan,1,Bukan PromosiJudi
@HIPKA0501,Thanks banget dok,8 months ago,0,0,thanks banget dok,4,Promosi Judi
@muhammadhimamawali8131,"""Di negara yang bersikap realistis, kita harus realistis"" sama dok, saya berasal dari jurusan yang prospek kurang bagus. Setelah wisuda (2024) saya mencoba peluang untuk belajar mandarin, singkat cerita sekarang saya lanjut studi di Tiongkok pada Teknik Metalurgi.",8 months ago,1,0,negara sikap realistis realistis dok asal jurus prospek bagus wisuda 2024 coba peluang ajar mandarin singkat cerita studi tiongkok teknik metalurgi,4,Promosi Judi
@alvonsuspandu1116,"BAHAHAHAHAHA... ini to the point makjlebb, dark berbalut humor, full ilmu.. orang ini harus kita lestarikan.. semangat terus dokk..",8 months ago,0,0,bahahahahaha to the point makjlebb dark balut humor full ilmu orang lestari semangat dokk,4,Promosi Judi
@aidilkatanye2530,Mau nanya  tapi gak salah kan dok nargetin kayak umur 26harus ada ini itu,8 months ago,0,0,nanya gak salah dok nargetin kayak umur 26harus,4,Promosi Judi
@yosepmukti1,Ora boss,7 months ago,0,1,ora boss,4,Promosi Judi
@arfiyuzar8,Keren bray gua lulusan akuntansi tapi belok jadi tukang bengkel dulu,7 months ago,0,0,keren bray gua lulus akuntansi belok tukang bengkel,4,Promosi Judi
@madukorofarm,"Jd pengusaha btuh keberanian, pandai tangkap peluang, meski bisa d bilang saya pemalas tp sy punya keberanian hasil dari TKI brsama istri 350 jt sy buat modal usaha smua tdk bgn rmh, tdk beli mobil dll.. Alhamdulillah dlm 5 thn aset jadi 1, 3  M penghasilah 40 jt perbulan mski bgitu saya ttap hdp sprti org biasa mau beli martabak 30 rb aja msih mkir... 😂😂",8 months ago,0,0,jd usaha btuh berani pandai tangkap peluang d bilang malas tp sy berani hasil tki brsama istri 350 jt sy modal usaha smua tdk bgn rmh tdk beli mobil dll alhamdulillah dlm 5 thn aset 1 3 m has 40 jt bulan mski bgitu ttap hdp sprti org beli martabak 30 rb aja msih mkir,1,Bukan PromosiJudi
@Seljasamperante,Kearifan local swasembada,8 months ago,0,0,arif local swasembada,4,Promosi Judi
@Lempongdux,"Setuju, menuju finansial stable itu jalan nya panjang. 
Sangkin panjang nya kadang umur ga cukup dan mati di tengah-tengah proses, dengan kata lain ga pernah menyicipi finansial stable seumur hidup",8 months ago,0,0,tuju finansial stable jalan nya sangkin nya kadang umur ga mati tengahtengah proses ga menyicipi finansial stable umur hidup,4,Promosi Judi
@suryantochanel3584,alasan berbisnis ada untuk bertahan  untuk survival,8 months ago,0,0,alas bisnis tahan survival,4,Promosi Judi
@abuhalwa1139,soft spoken sekali dok 😁,8 months ago,0,0,soft spoken dok,4,Promosi Judi
@axemmagroup6661,"1. tidak
2. tidak
3. ipk 3.2, penglaman kerja 13 tahun (kerja dari lulusan smk, kuliah sambil kerja dari mulai d3 sampe s1)",8 months ago,0,0,1 2 3 ipk 32 lam kerja 13 kerja lulus smk kuliah kerja d3 sampe s1,4,Promosi Judi
@di2kful,"idealism kopong kalo soal uang, Anda boleh idealis kalo sudah tidak miskin
karena Anda hidup dinegara yang sangat realistis
Damn-kecemplung dinegara yang ga tepat",8 months ago,0,0,idealism kopong kalo uang idealis kalo miskin hidup negara realistis damnkecemplung negara ga,4,Promosi Judi
@5bersaudara505,"Sy bedagang karena suka kebebasan..bisa melakukan segala inspirasi...sy dagang gak modal bro...aset baru 3 M..sy dagang hanya bermodal kepercayaan...sy murni dari 0.. ibu bapak sudah meninggal...namun sy tidak terlalu edial...yg sy pelajari dimana dia bertahan dan tekun dalam bisnis maka disitulah kita akan menang...hal yang terbaik adalah uang itu harus berputar ...selama kamu bisa terus memutar uangmu maka akan survive...usaha utama sudah berjalan...lalu merintis usaha lain...usaha baru dari nol...mulai menemui titik temu...intinya tekun, bersabar, kerjakeras,  jangan pernah menyerah",8 months ago (edited),0,0,sy bedagang suka kebebasanbisa inspirasisy dagang gak modal broaset 3 msy dagang modal kepercayaansy murni 0 meninggalnamun sy edialyg sy ajar mana tahan tekun bisnis situ menanghal baik uang putar putar uang surviveusaha utama berjalanlalu rintis usaha lainusaha nolmulai temu titik temuintinya tekun sabar kerjakeras serah,4,Promosi Judi
@JadeNaufal,22.18,8 months ago,0,0,2218,4,Promosi Judi
@benqzwij,Ini baru bener 👍😊,8 months ago,0,0,bener,4,Promosi Judi
@ArifNurhayadi,Cukup buat kebutuhan sehari2 aja,8 months ago,0,0,butuh sehari2 aja,4,Promosi Judi
@dedehasanibrahimy4679,😂wes kadung remok dok...😅,8 months ago,0,0,wes kadung rok dok,4,Promosi Judi
@dedehasanibrahimy4679,😂wes kadung remok dok... Cuma nunggu luck ajjah😅,8 months ago,0,0,wes kadung rok dok nunggu luck ajjah,4,Promosi Judi
@fazrienbyotas4112,Terimakasih pa dokter tirta atas masukan nya bagi ku,8 months ago,0,0,terimakasih pa dokter tirta masuk nya ku,4,Promosi Judi
@kucingpundung,Memulai bisnis ketika dana darurat 3 tahun..,8 months ago,0,0,bisnis dana darurat 3,4,Promosi Judi
@Sitongkemins,"Kata kunci, sukses, financially stable, privilege, survival, experience, rasional,  realistis itu penting 😀😂",8 months ago (edited),0,0,kunci sukses financially stable privilege survival experience rasional realistis,4,Promosi Judi
@subursayuti-d4x5l,"keren bnget dokter sangat bermanfaat dan menghibur, jdi termotifasi pantang pulang sebelum tumbang 😂",8 months ago,0,2,keren bnget dokter manfaat hibur jdi termotifasi pantang pulang tumbang,4,Promosi Judi
@unyilunyuunyu436,"Aku seorang tkw, ayah sudah meninggal sejak kecil. Memutuskan jadi tkw karena kebutuhan keluarga. Buat biaya sekolah adik. Btw, adik ku ada 2. Alhamdulillah udah pada kerja. 

Usia ku sudah 28 tahun. Dari hasil tkw bisa bikin rumah, beli tanah, juga merintis ternak. Sekarang tabungan hanya 100 jt. Pengen kuliah tapi takut uang tiba-tiba habis. Mau bisnis masih ragu memulai dari mana. Sekarang masih stay di luar negeri. 

Sebagai anak yang lahir di kampung, menempuh pendidikan di kampung, tapi mengais rezeki di luar negeri. Sesuatu pencapaian yang besar. Mungkin kalau mau ngumpulin uang cepet dapatnya, karena gaji sudah bersih. Semua kebutuhan tercukupi.

Sayangnya, aku berpikiran sampai kapan aku harus hidup bawah orang lain. Pengen rasanya punya penghasilan di kampung halaman. Membangun bisnis meski di pelosok desa. 

Saran dok, dengan usia segini. Dengan apa yang aku miliki dalam cerita ini. Menurut anda, salahkah jika aku berhenti bekerja dan memulai bisnis dari kecil? Atau harus menunggu usia 30 tahun dulu baru pulang kampung? Sekarang berada di posisi yang nano-nano. 

Btw, aku juga harus mencukupi kebutuhan ibu, kakek. Meski sekarang lebih ringan karena di bantu adik-adik.",8 months ago,0,0,tkw ayah tinggal putus tkw butuh keluarga biaya sekolah adik btw adik ku 2 alhamdulillah udah kerja usia ku 28 hasil tkw bikin rumah beli tanah rintis ternak tabung 100 jt ken kuliah takut uang tibatiba habis bisnis ragu stay negeri anak lahir kampung tempuh didik kampung kais rezeki negeri capai ngumpulin uang cepet dapat gaji bersih butuh cukup sayang pikir hidup orang ken hasil kampung halaman bangun bisnis pelosok desa saran dok usia gin milik cerita salah henti bisnis tunggu usia 30 pulang kampung posisi nanonano btw cukup butuh kakek ringan bantu adikadik,0,Bukan PromosiJudi
@Antosaputra3562,"Thn 2002 adlah hari brubahnya hidupku dan mama. Kami hidup berdua ,sy yg ditinggal ayah sejak umur 9bulan. Thn 97 mama merantau k bali sy dititip d umur 5th di saudara mma. Thn 2002 sy dijemput mama d ajak ke bali, trnyta mama sudah nikah sama bule kala itu, dan punya rumah d daerah yg bernama Seminyak. Papa angkat sy dari ausi yg pengusaha lumayan punya nama d kotanya, sy punya adik bule cewe yg lahir dri mma. Khidupan drastis dri msa kecilku d bogor yg acak""an. SMP d bali sy bawa minicoper smpe SMA d denpasar santoyosep. Th 2013 saat sy kuliah di unud mama sama papa bule pisah. Dan mama d kasi harta kalau gak salah total sama aset tanah hampir 40an M blum rumah dan mobil. Smpe skrg yg punya anak 2,dan mama sudah berumur 51 kmi ttp stay d bali. Nasib begitu  berubah tanpa rencana",8 months ago,0,1,thn 2002 adlah brubahnya hidup mama hidup dua sy yg tinggal ayah umur 9bulan thn 97 mama rantau k bal sy titip d umur 5th saudara mma thn 2002 sy jemput mama d ajak bal trnyta mama nikah bule rumah d daerah yg nama minyak papa angkat sy aus yg usaha lumayan nama d kota sy adik bule cewe yg lahir dri mma khidupan drastis dri msa kecil d bogor yg acak smp d bal sy bawa minicoper smpe sma d denpasar santoyosep th 2013 sy kuliah unud mama papa bule pisah mama d kasi harta gak salah total aset tanah 40an m blum rumah mobil smpe skrg yg anak 2dan mama umur 51 kmi ttp stay d bal nasib ubah rencana,1,Bukan PromosiJudi
@benglap,Setengah M pertama saya di semester 7 S1. Tanpa modal dari orang tua. Tapi jalur ketiban duren,8 months ago,0,0,m semester 7 s1 modal orang tua jalur ketiban duren,4,Promosi Judi
@Undentifiednoname,Gw punya priviliage  tapi gabisa gw gunain karena apa yang ingin gw bangun tidak di dukung orang tua. Orang tua punya relasi dan uang yang cukup. Tapi sektor yang saya ingin jajaki tidak pernah di jajaki oleh keluarga.,8 months ago,0,0,gw priviliage gabisa gw gunain gw bangun dukung orang tua orang tua relasi uang sektor jajak jajak keluarga,4,Promosi Judi
@SONDJALAL,"Ada yg kurang disini dok, barangkali ada yg sama.
Ga punya privilege,ga punya tabungan,ga kuliah Mergo ga punya duit.dan punya seabrek tanggungan alias tugas nyaur utang keluarga.
Gimana caranya supaya bisa financial stable dok.
Saya belom lanjut nonton karena dari 3 ga ada yg relate.
Ini kondisi yg lebih parah soalnya 😂",8 months ago,2,0,yg dok barangkali yg ga privilegega tabunganga kuliah mergo ga duitdan abrek tanggung alias tugas nyaur utang keluarga gimana financial stable dok bom nonton 3 ga yg relate kondisi yg parah,1,Bukan PromosiJudi
@ajoasgar3866,"Yaudah dok, minjem modal buat usaha lah...",8 months ago,0,0,yaudah dok minjem modal usaha,4,Promosi Judi
@daveent9637,"Saya modal pertama jadi pengusaha minus 100jt dok. Ya teman teman saya punya utang 100jt makanya saya jadi pengusaha, Hahahahaha sebelumnya saya kerja 7 tahun lebih, belajar disana, punya relasi yg bagus, yg menyelamatkan saya cuma nama baik saya selama kerja.
Previlage",8 months ago,0,1,modal usaha minus 100jt dok ya teman teman utang 100jt usaha hahahahaha kerja 7 ajar sana relasi yg bagus yg selamat nama kerja previlage,1,Bukan PromosiJudi
@MuhammadRezaFajarSatrio,SANGAT BERMANFAAT,8 months ago,0,0,manfaat,4,Promosi Judi
@juliusbudhi9123,"Aku sak umuran karo dr.tirta 36 an th,tp tak akoni dekne cerdas
Iso membuka mata apa itu arti yg belum tersingkap
Kadang hidup antara beruntung & tidak",8 months ago,0,0,sak umur karo drtirta 36 an thtp akoni dekne cerdas iso buka mata arti yg singkap kadang hidup untung,4,Promosi Judi
@NFA_Gardening,"Selama masa masa baik,Anda siap siap untuk masa buruk.
Selama masa masa buruk,anda selalu ingat pasti baik.",8 months ago,0,0,baikanda buruk burukanda,4,Promosi Judi
@ALDI14S,Ilmu mahal ini,8 months ago,0,0,ilmu mahal,4,Promosi Judi
@TirexIlham,bhappp menti 3.00 memang mantap dan paling amanah HANYA OWL76,8 months ago,0,0,bhappp menti 300 mantap amanah owl76,4,Promosi Judi
@rizkynursetiawan8377,"Kalo ipk 2,94 punya tabungan 18 juta nabungnyadari awal kuliah hasil sangu 50 ribu per hari itu saranya gimana guys saya lamar sana sini   belum dapet  kerjaan",8 months ago,2,0,kalo ipk 294 tabung 18 juta nabungnyadari kuliah hasil sangu 50 ribu sara gimana guys lamar dapet kerja,4,Promosi Judi
@thesantico424,"""Arogan klo pinter gpp"" 🔥🔥🔥this is not arogan this is percaya diri 😎",8 months ago,0,0,arogan klo pinter gpp this is not arogan this is percaya,4,Promosi Judi
@romli6323,Peng peng itu maknanya apa? sepertinya asik istilahnya.,8 months ago,0,0,peng peng makna asik istilah,4,Promosi Judi
@DonnyAndi-j3l,"Ga ada privilege Dan ga ada pengalaman Dan kerja keras tapi mau kaya ya ngimpi, memang generasi 12 tahun terakhir itu tertipu mulyono yang suka kalau pidato menghina pegawai Dan nyuruh anak muda menjadi entrepreneur, ga perlu sekolah Dan jadi ahli it.... Padahal nyatanya jadi pengusaha itu perlu pengalaman Dan itu bisa didapat Dari kerja dulu, selain itu ga ada lowongan it disini semua produksi it Dari luar negeri",8 months ago,0,0,ga privilege ga alam kerja keras kaya ya ngimpi generasi 12 tipu mulyono suka pidato hina pegawai nyuruh anak muda entrepreneur ga sekolah ahli it usaha alam kerja ga lowong it produksi it negeri,0,Bukan PromosiJudi
@iblistampan5197,Sumpah panutan bgt ini..,8 months ago,0,0,sumpah panutan bgt,4,Promosi Judi
@iamnobodyxxxytrvq,"gw mulai bisnis dari 2017, udah 2 kali bangkrut, hutang ratusan juta, sekarang hutang lunas, tabungan ada, karyawan banyak. Gw cuma lulusan SMP karna nggak ada biaya buat sekolah akhirnya malah nikah muda, warisan nggak ada. Kalau bisnis mulai dari 0 masih gampang, gw mulai dari - ( minus ).. cuma faktor LUCK emang bener, bahkan menurut gw LUCK itu 90%, 5% mental, 5% nya ilmu, usaha, kerja keras dan konsisten. Kalau dari awal nggak ada mental pengusaha, mau punya duit berapapun atau previlage apapun dia nggak akan jadi pengusaha. From 0 bahkan from minus itu nyata kalau standar nya adalah hidup layak dan berkecukupan, tapi kalau standarnya konglomerat, mungkin from 0 itu mitos.",8 months ago,0,0,gw bisnis 2017 udah 2 kali bangkrut hutang ratus juta hutang lunas tabung karyawan gw lulus smp karna nggak biaya sekolah nikah muda waris nggak bisnis 0 gampang gw minus faktor luck emang bener gw luck 90 5 mental 5 nya ilmu usaha kerja keras konsisten nggak mental usaha duit previlage apa nggak usaha from 0 from minus nyata standar nya hidup layak cukup standar konglomerat from 0 mitos,0,Bukan PromosiJudi
@laurogaming2355,Bravo bos,8 months ago,0,0,bravo bos,4,Promosi Judi
@rhwai32,"30 tahun, nangis gw dengerin kamu dok, makasi insightnya dok✍🙏",8 months ago,0,0,30 nang gw dengerin dok makas insightnya dok,4,Promosi Judi
@dimasrochmat1230,Gimana menurut dokter tirta anak adalah investasi masa depan kata orang jaman dulu tuhh 😅,8 months ago,0,0,gimana dokter tirta anak investasi orang jaman tuhh,4,Promosi Judi
@Sprtnks, @SONDJALAL  bersyukur saja masih diberi hidup. Jalani apa adanya,8 months ago,0,0,sondjalal syukur hidup jalan,4,Promosi Judi
@SONDJALAL,"​ @Sprtnks selesai udah semuanya, bisa di jelaskan maksud syukur nya bagaimana?",8 months ago,0,0,sprtnks selesai udah maksud syukur nya,4,Promosi Judi
@rizkynursetiawan8377,Itupun 50 belum kepotong bensib,8 months ago,0,0,itu 50 potong bensib,4,Promosi Judi
@rizkynursetiawan8377,N,8 months ago,0,0,n,4,Promosi Judi
@ferdysugianto3171,"17:07 saya 7 profesi, masih hidup, stres sitik😂",8 months ago,1,20,1707 7 profesi hidup stres sitik,4,Promosi Judi
@boedifangestu,Kelas banget dok,8 months ago,0,0,kelas banget dok,4,Promosi Judi
@zaifulsinttesis7469,Keren masuk Iklan kapal Apinya...,8 months ago,0,0,keren masuk iklan kapal api,4,Promosi Judi
@noverichanel,Saya 3 Tidak,8 months ago,0,0,3,4,Promosi Judi
@Sumber-hidup,"Jadi pengusaha supaya bisa mandiri secara finansial untuk keluarga.
Karena saya hanya lukus sd tahun 85.
Kerja aerabutan aoa saja mencangkul dll. 
Sejak 95 kerja helper 97 naik sales sampai 2018.
Keluar dan bikin usaha sendiri agen beberapa barang sampai sekarang.
Modal awal 500 rb
Mulai jualan sebelum keluar dari kerjaan. 
Sekitar 2016.",8 months ago (edited),0,0,usaha mandiri finansial keluarga lukus sd 85 kerja aerabutan aoa cangkul dll 95 kerja helper 97 sales 2018 bikin usaha agen barang modal 500 rb jual kerja 2016,1,Bukan PromosiJudi
@Andreas.T.W,Kirain Ip Man... suhu angkat aku jadi murid mu... 😂😂,8 months ago,0,0,kirain ip man suhu angkat murid mu,4,Promosi Judi
@nunungsupriadi6551,wkwkwkw Kamboja Saja....asli ngakak,8 months ago,0,0,wkwkwkw kamboja sajaasli ngakak,4,Promosi Judi
@riowahyucahyaningsaputra6475,Cox nann😂,8 months ago,0,0,cox nann,4,Promosi Judi
@PutriDaniati-n7g,sangat” menampar🙌🏻,8 months ago,0,0,tampar,4,Promosi Judi
@mamiqajiesakina6071,"Betul, saya brrhutang untuk modal franchise, 8 bulan berjalan ga bisa ngapa-ngapain, bangkrut, malah aset saya makin banyak yang dijual buat nutup hutang, bukan dari hasil keuntungan. Tadinya saya pikir berusaha itu mudah sekali... Tapi nyatanya berat sekali... 😩",8 months ago,0,0,brrhutang modal franchise 8 jalan ga ngapangapain bangkrut aset jual nutup hutang hasil untung pikir usaha mudah berat,4,Promosi Judi
@calico_4,"Mimpi - mimpi struk 
-dr tirta",8 months ago (edited),0,0,mimpi mimpi struk dr tirta,4,Promosi Judi
@MarlisApin-w3e9x,"Prinsip saya memulai bisnis kemaren sederhana, ingin memberdayakan masyarakat sekitar saja. Alhamdulilah sudah berjalan 7th",8 months ago,0,0,prinsip bisnis kemaren sederhana daya masyarakat alhamdulilah jalan 7th,4,Promosi Judi
@WahyuBagongBGmusic,6:48,8 months ago,0,0,648,4,Promosi Judi
@alfiandkurniawan7155,emang paling masuk akal logika dr. Tirta buat gua... matur sembah nuwun dok,8 months ago,0,0,emang masuk akal logika dr tirta gua matur sembah nuwun dok,4,Promosi Judi
@Wibisana364,25:16 Wisdom dr Tirta 🙏🏽,8 months ago,0,0,2516 wisdom dr tirta,4,Promosi Judi
@afsulthon,"1. Sudah stable secara finansial? TIDAK.
2. Seberapa besar privilege yang Anda punya? I have no privilege at all.
3. Kuliah berapa semester? IPK? Punya pengalaman kerja? Kuliah 8 semester, IPK 3.79, belum punya pengalaman kerja.",8 months ago,0,0,1 stable finansial 2 privilege i have no privilege at all 3 kuliah semester ipk alam kerja kuliah 8 semester ipk 379 alam kerja,4,Promosi Judi
@cinema_drama704,Makasih dok,8 months ago,0,1,makasih dok,4,Promosi Judi
@BiranAffandi-o9s2b,Saya bangun pagi terus dok dari pagi sampe sekarang kuliah kenapa belum kaya2 ya😊,8 months ago,0,0,bangun pagi dok pagi sampe kuliah kaya2 ya,4,Promosi Judi
@sewamotorjakarte,"Aku inget dulu Bapak pernah kasih uang ke admin, buat bayar listrik di PLN. Bukannya dibuat bayar listrik, uangnya malah admin belikan ke lotre yang hadiahnya mobil Innova baru. Sampe rumah admin jelasin ke Bapak kalo uang listrik udah dibelikan ke lotre, seketika bapak ngamuk ngamuk, admin digebukin sampe benjol dan lebam.

Besok paginya Bapak bangun pagi dan ketika buka pintu rumah, ada mobil Innova baru warna hitam parkir didepan rumah. Bapak dan admin langsung nangis, tapi admin nangisnya kenceng banget. Ternyata Innovanya milik petugas PLN yang mau mutus listrik karna listrik belum dibayar. Akhirnya admin digebukin lagi sama Bapak dan benjolnya pun makin parah.",8 months ago,0,0,inget kasih uang admin bayar listrik pln bayar listrik uang admin belikan lotre hadiah mobil innova sampe rumah admin jelasin kalo uang listrik udah beli lotre ngamuk ngamuk admin digebukin sampe benjol lebam besok pagi bangun pagi buka pintu rumah mobil innova warna hitam parkir depan rumah admin langsung nang admin nang kenceng banget innovanya milik tugas pln mutus listrik karna listrik bayar admin digebukin benjol parah,4,Promosi Judi
@Rezki_SR,"kalau semua gak ada gmn ?
inventory/gear kosong
buff gak ada
exp gak ada
stat rendah.

RNG LORD PLS HELP US :v",8 months ago,0,0,gak gmn inventorygear kosong buff gak exp gak stat rendah rng lord pls help us v,4,Promosi Judi
@nandarisky2453,Hebat banget 😅,5 months ago,0,0,hebat banget,4,Promosi Judi
@soniaw8038,"Semuanya gapunya dari koneksi sama uang, pengalaman seadanya 
Kuliah ancurrrr gara gara ekonomi dan saudara gapeduli 
Keras hidup 😭",8 months ago,0,0,gapunya koneksi uang alam ada kuliah ancurrrr gara gara ekonomi saudara gapeduli keras hidup,4,Promosi Judi
@dendeq5273,otw kamboja,8 months ago,0,0,otw kamboja,4,Promosi Judi
@mochammadsyachrianwar2944,Kerja 9-17 yang penting punya sampingan. Saya tersadar ketika sudah menikah. Saya tinggalkan pekerjaan kontraktor yang 8-22 dan memilih dekat dengan keluarga untuk buildup strategi bisnis sampingan.,8 months ago,0,0,kerja 917 samping sadar meni tinggal kerja kontraktor 822 pilih keluarga buildup strategi bisnis samping,4,Promosi Judi
@Fadeee28,"Saya seorang remaja umur 17 tahun yang sudah sedari TK ingin menjadi pengusaha dimana teman teman saya semua mau jadi pegawai negeri, dan di setiap di tanya oleh guru dari kecil saya selalu menjawab dengan suara yang besar dari yang dari yang lain saya ingin jadi pengusaha, saya ingin jadi pengusaha karena mewujudkan mimpi kecil saya dan menepati janji pada orang tua dan keluarga besar saya untuk membahagiakan mereka dan berbelanja kebutuhan sepuas hati mereka tanpa memikirkan tentang uang lagi, dan saya tidak munafik saya harus jadi kaya raya agar dapat menepati janji saya itu agar keluarga saya kelak tidak akan bercerai akibat ekonomi. Semoga saya di beri jalan dan di permudah dalam menggapai mimpi dan menghadapi masa depan yang tidak pasti seperti seorang pengusaha yang berperang di ketidakpastian di setiap harinya (gambling). Semoga",8 months ago,2,37,remaja umur 17 dar tk usaha mana teman teman pegawai negeri guru suara usaha usaha wujud mimpi tepat janji orang tua keluarga bahagia belanja butuh puas hati pikir uang munafik kaya raya tepat janji keluarga kelak cerai akibat ekonomi moga jalan mudah gapai mimpi hadap usaha perang ketidakpastian hari gambling moga,1,Bukan PromosiJudi
@weiterwachsen,tiba tiba banget langsung bahas liverpool 😭🤣,8 months ago,0,0,banget langsung bahas liverpool,4,Promosi Judi
@achmadfajar6356,DAGING!!,8 months ago,0,0,daging,4,Promosi Judi
@lalumiftahulazmi8860,mana sub indo untuk bahass jawa nya?,8 months ago,0,0,sub indo bahass jawa nya,4,Promosi Judi
@titik_sadar,Thanks dok tirta ilmu ini yg paling relevan buat aku dan thanks untuk malaka telah mendatangkan dok tirta....thanks,8 months ago,0,0,thanks dok tirta ilmu yg relevan thanks malaka dok tirtathanks,4,Promosi Judi
@ryanriyanto228,"Terlucu,teredukatif,tak tonton sampai ini yg ke 4 kali,,realistis,saya usia 52 tahun dari Surabaya,salam kenal semuanya.",8 months ago,0,0,terlucuteredukatiftak tonton yg 4 kalirealistissaya usia 52 surabayasalam kenal,4,Promosi Judi
@araara849,Kalo kerja 15 jam gimana ngatur bisnis nya,8 months ago,0,0,kalo kerja 15 jam gimana ngatur bisnis nya,4,Promosi Judi
@RININURHIDAYATI-v8q,"Saya dari kalangan bawah banget, ibu pedagang & bapak kuli. Cuma lulusan D1 perhotelan, dl mau kerja apa aja karna sadar gak pny title dan ijasah cm SMA. Saya yatim dari SD, dan Piatu umur 21. Alhamdulillah skrg sudah jadi senior manager di salah satu international hotel based di US 😇 buat semua yang kalangan bawah dan tdk mengenyam pendidikan tinggi, jangan berkecil hati. Krn proses tdk akan mengkhianati hasil",8 months ago (edited),3,42,kalang banget dagang kuli lulus d1 hotel dl kerja aja karna sadar gak pny title ijasah cm sma yatim sd piatu umur 21 alhamdulillah skrg senior manager salah international hotel based us kalang tdk kenyam didik kecil hati krn proses tdk khianat hasil,4,Promosi Judi
@mazeratutikdiani-v5b,dr tirta yapping 7:15 wkwkwk,8 months ago (edited),0,0,dr tirta yapping 715 wkwkwk,4,Promosi Judi
@fazrixiimipa3347,Last question 100% berkelas,8 months ago,0,0,last question 100 kelas,4,Promosi Judi
@bimaprabowo4570,Taruhannya sama kayak Coki Pardede. Potong telinga saya,8 months ago,0,0,taruh kayak cok pardede potong telinga,4,Promosi Judi
@buimel-123,Mantaappp,8 months ago,0,0,mantaappp,4,Promosi Judi
@newmont9846,Tidak semua,8 months ago,0,0,,4,Promosi Judi
@acolaw88it67,"Adagium bahasa latin "" Amat Victoria Curam"" kemenangan butuh persiapan",8 months ago,0,0,adagium bahasa latin victoria curam menang butuh siap,4,Promosi Judi
@acolaw88it67,18:07😅,8 months ago,0,0,1807,4,Promosi Judi
@beatfimberr..901,"Saya dulu ngejer cewek nekat buka usaha, mati2an saya pertaruhkan harga diri mimpi dan segalanya. Disaat bisnis udah mau jalan eh kok dia dinaikin orang",8 months ago,0,0,ngejer cewek nekat buka usaha mati2an taruh harga mimpi saat bisnis udah jalan eh dinaikin orang,4,Promosi Judi
@khayrasiran,"Sorry saya bersebrangan dgn statement dr Tirta...dan kebenaran gua juga dokter....
Lahir dari keluarga pas2an ...masuk kedokteran modal otak.....
Anak kedokteran kaya raya semua.....pengen suatu saat sya punya blackberry...tapi kalau minta orng tua lagi...gak tahu diri saya😂😂😂
Soalnya udh dipeseni...le Ra udah minder koncomu sugeh2 penting utekmu...podo2 mangan sego😂😂😂😂
Alhasil uang 300rb buat hidup 1 Minggu saat itu sya manfaatkan maksimal...
100rb beli HP monocrome seken
100rb buat hidup seminggu 100rb buat beli pulsa....
Jualan pulsalah sya di circle RS anak2 koas semua dari angkatan sya sampai kakak kelas...
Hanya dalam 1 bulan 100rb itu jadi 10jt😂...karena mulai banyak yg hutang akhirnya sya pensiun....lalu sya belajar dropship jam arloji dari supercopy smpe original expedition, AC dll....seketika uang itu jadi 100jt pertama saya....dan saat mau lulus ..sya koneksi dgn temen yg bisnis HP..dan hancurlah sya kena tipu temen sendiri..ternyata HP itu barang KW...dan nama baik bisnis saya seketika hancur...
Perlahan bangkit...akhirnya pas mau lulus saya jadi sponsorship...simposium 😂😂😂wkwkwkw
Di sela itu sya membuat website arloji mebangi perlahan lagi dan dapat pasar seluruh Indonesia....dapat 500jt profit kotor...pertama saya...
Disamping itu selama coas sya juga Inul windows dan manfaatin skill2 yg lain....jebolin ebook2! S2 dan S3.... Saya reetas.... akhirnya saya dikenal sama konsulen2 di RS..jadilah anak kesayangan mereka....
Setelah lulus...saya melebarkan syap jualan di Elevenia bukalpak tokopeda ....makin moncer jualan jam tangan saya...kemudian sya eprlevar jualan parfum original....dapat suplier orng2 cina.....ajibnya saya gak pernah ketemu...tapi mereka percaya sama sya dan jualan sya disuport mereka makin ajib......sampai penjualan sya dlu tembus 1M........
Lalu jatuh lagi...karena salah teknik...dan bangkit lagi...sampai sempet nyesel...kalau gua hnya jadi dokter dgn gaji saat itu 500rb...per bulan gak kebayang sya bakal survive atau tidak....
Atas dasar ini gua gak setuju sama stament dr Tirta ...dgn uang 100rb jgn mikir bisnis...sdngkan bisnis sya skrg ini kalau dituntut berawal dari uang 100rb pertama saya 😂😂😂",8 months ago (edited),0,0,sorry bersebrangan dgn statement dr tirtadan benar gua dokter lahir keluarga pas2an masuk dokter modal otak anak dokter kaya raya semuapengen sya blackberrytapi orng tua lagigak udh dipesenile ra udah minder konco sugeh2 utekmupodo2 mangan sego alhasil uang 300rb hidup 1 minggu sya manfaat maksimal 100rb beli hp monocrome ken 100rb hidup minggu 100rb beli pulsa jual pulsa sya circle rs anak2 koas angkat sya kakak kelas 1 100rb 10jtkarena yg hutang sya pensiunlalu sya ajar dropship jam arloji supercopy smpe original expedition ac dllseketika uang 100jt sayadan lulus sya koneksi dgn temen yg bisnis hpdan hancur sya kena tipu temen sendiriternyata hp barang kwdan nama bisnis hancur perlahan bangkitakhirnya pas lulus sponsorshipsimposium wkwkwkw sya website arloji mebangi perlahan pasar indonesiadapat 500jt profit kotorpertama samping coas sya inul windows manfaatin skill2 yg lainjebolin ebook2 s2 s3 reetas kenal konsulen2 rsjadilah anak sayang lulussaya lebar syap jual elevenia bukalpak tokopeda moncer jual jam tangan sayakemudian sya eprlevar jual parfum originaldapat suplier orng2 cinaajibnya gak ketemutapi percaya sya jual sya disuport ajibsampai jual sya dlu tembus 1m jatuh lagikarena salah teknikdan bangkit lagisampai sempet nyeselkalau gua hnya dokter dgn gaji 500rbper gak bayang sya survive dasar gua gak tuju stament dr tirta dgn uang 100rb jgn mikir bisnissdngkan bisnis sya skrg tuntut uang 100rb,2,Bukan PromosiJudi
@gunawanngakak1354,umur berapa bro ?,2 months ago,0,0,umur bro,4,Promosi Judi
@TriHaryanta-j8i, @gunawanngakak1354  dipanggil atas katanya 17 THN bng,7 days ago,0,0,gunawanngakak1354 panggil 17 thn bng,4,Promosi Judi
@imaniarnia2432,Kak share dong apply ke LN dulu lewat mana ?,2 months ago,0,1,kak share apply ln,4,Promosi Judi
@SlametPriyanto08, @RININURHIDAYATI-v8q  keren om btw loker dong,4 months ago,0,0,rininurhidayativ8q keren om btw loker,4,Promosi Judi
@ranggietobias7591,Info loker bang,3 months ago,0,0,info loker bang,4,Promosi Judi
@alfialkarim3937,"gw pernah di tanya pake pertanyaan tolol 
""lu bangun pagi ngapain? udah punya mobil berapa emang?"" sumpah this is the most stupid question that was thrown at me 😂😂😂",8 months ago,0,0,gw pake tolol lu bangun pagi ngapain udah mobil emang sumpah this is the most stupid question that was thrown at me,4,Promosi Judi
@andredharmawanmed9751,keren,8 months ago,0,0,keren,4,Promosi Judi
@HumamMuz,"Saya adalah salah satu pebisnis yang terjun saat lulus kuliah, bertahan 4 tahun & gagal. Rugi ratusan juta, bahkan sekarang malah meninggalkan hutang :) Sekarang mau kerja mentok sama umur dan tidak punya pengalaman. 😊 Saya ikhlas semoga Allah mengganti semua perjuangan ini dengan hasil yang tidak terhingga :)",8 months ago,0,0,salah bisnis terjun lulus kuliah tahan 4 gagal rugi ratus juta tinggal hutang kerja mentok umur alam ikhlas moga allah ganti juang hasil hingga,4,Promosi Judi
@BANGIJOOFFICIAL,"saya frelencerr, dan saya nyaman sama pekerjaan itu",8 months ago,0,0,frelencerr nyaman kerja,4,Promosi Judi
@drmaker.official,kalau yang bawa dr tirta gw demen mau nonton 1000 kali pun,8 months ago,0,0,bawa dr tirta gw demen nonton 1000 kali,4,Promosi Judi
@Sakura-can13,"Lulusan cuma SD. 
Kerja dari dulu tpi generasi sandwich. 
Ayah seorang penghulu tpi 10 tahun lalu sekarang sudah tidak aktif lagi karna sudah gk ada ayahnya. 
Menguasai 3 bahasa internasional dan 2 bahasa daerah. Inggris, arab, Indonesia, sunda, melayu. 
Mau belajar bisnis agar bisa merubah hidup dan tidak terus-terusan bergantung sama gaji.",8 months ago,0,0,lulus sd kerja tpi generasi sandwich ayah penghulu tpi 10 aktif karna gk ayah kuasa 3 bahasa internasional 2 bahasa daerah inggris arab indonesia sunda melayu ajar bisnis rubah hidup terusterusan gantung gaji,4,Promosi Judi
@lutfiyoga3011,Terimakasih,8 months ago,0,0,terimakasih,4,Promosi Judi
@yuzokiromi,kalo SMK gimana dr.tirta 🙂,8 months ago,0,0,kalo smk gimana drtirta,4,Promosi Judi
@Mutafir_Official,"Adanya keberadaan sistem ekonomi kapitalis, hal itu menciptakan hidup terasa survival, seperti berada di peradaban alam rimba, terasa hidup sendiri tak ada yang menolong. Sehingga hal itu juga mempengaruhi kemunculan teori cara bertahan hidup seperti teori yang telah di sampaikan dokter tirta, sesuai dan bagus diamalkan di era sistem kapitalis ini. Yang kaya semakin kaya dan yang miskin tetep miskin atau bahkan semakin miskin. Terjadilah ketidakadilan dimana2 dan kriminalitas.

Tubuh, harta, tahta, waktu itu kenapa kelak akan di pertanggung jawabkan? sebab semua itu titipan dan amanah dari investor Sang Pencipta, bukan milik diri sendiri semata. Dimana modal itu sewenang-wenang kita gunakan untuk hal pribadi atau hal lain yang tidak sesuai keinginan investor, maka jadilah hutang. Di kehidupan kelak kita mau bayar hutang pakai apa? Sedangkan modal dari investor tidak kita golangkan menjadi keuntungan. Sia-sialah hidup & matinya",8 months ago (edited),0,1,ada sistem ekonomi kapitalis cipta hidup survival adab alam rimba hidup tolong pengaruh muncul teori tahan hidup teori dokter tirta sesuai bagus amal era sistem kapitalis kaya kaya miskin tetep miskin miskin ketidakadilan dimana2 kriminalitas tubuh harta tahta kelak tanggung jawab titip amanah investor sang cipta milik mana modal sewenangwenang pribadi sesuai investor hutang hidup kelak bayar hutang pakai modal investor golangkan untung siasialah hidup mati,1,Bukan PromosiJudi
@RobocopReal,"makasih dr. Tirta inputnya, gua jadi lebih yakin sama pilihan yang udah gua ambil

btw, ini ada lagunya lagi ga 23:44",8 months ago (edited),0,0,makasih dr tirta inputnya gua pilih udah gua ambil btw lagu ga 2344,4,Promosi Judi
@abdursampit7929,Berasa dimarahi bapak sendiri njir 😂,8 months ago,0,0,asa marah njir,4,Promosi Judi
@muhammadwafa7786,"Bawahan gw, tiga-gitanya enggak. Tapi disuruh kerja malah ngambek, bener tiap hari push rank.",8 months ago,0,0,bawah gw tigagitanya suruh kerja ngambek bener push rank,4,Promosi Judi
@baksocolok,Jadi kaya raya yang kekayaannya berguna untuk dunia dan akhirat. 😊,8 months ago (edited),0,0,kaya raya kaya guna dunia akhirat,4,Promosi Judi
@bismillahtrader12345,Jossss,8 months ago,0,0,jossss,4,Promosi Judi
@ravis77,Mksd dokter emyu juga bisa jd Juara premier league lg kan setelah lebih dari 10th 😊,8 months ago,0,0,mksd dokter emyu jd juara premier league lg 10th,4,Promosi Judi
@Roxx-m2i,Kok ga buat dari dulu vidio ini😢,8 months ago,0,0,ga vidio,4,Promosi Judi
@Nomadeun,Emang bangun pagi ga bikin kaya kalo cuma bangun aja gaada usaha 🫠,8 months ago,0,0,emang bangun pagi ga bikin kaya kalo bangun aja gaada usaha,4,Promosi Judi
@MiftahulArif-hh1df,Dok kalau lulusan SMA dan gak ada ketiganya gimana dok?,8 months ago,0,0,dok lulus sma gak tiga gimana dok,4,Promosi Judi
@ardi3sanata,"Seng penting yakin dan berusaha, pasrah kan ke Allah untuk takdir ya",8 months ago,0,0,seng usaha pasrah allah takdir ya,4,Promosi Judi
@bachtiarsaleh-1118,Menit 7:46 s/d 7:60 tipikal PoV generasi Baby Boomers banget😂,8 months ago,0,0,menit 746 sd 760 tipikal pov generasi baby boomers banget,4,Promosi Judi
@mahottama3909,cocote lee..,8 months ago,0,0,cocote lee,4,Promosi Judi
@Pr3z3nt0-4ppr,"berarti dr. tirta mirip admiral kings pd2 amrik, baru ketemu padanan nya. gpp sih itu preferensi org",8 months ago,1,0,dr tirta admiral kings pd2 amrik ketemu padan nya gpp sih preferensi org,4,Promosi Judi
@ArsanBadung,ngakak mulu saya liat yg ini 😂,8 months ago,0,0,ngakak mulu liat yg,4,Promosi Judi
@1mntpaham,channel terbaik 🤞,8 months ago,0,0,channel baik,4,Promosi Judi
@jackal-ghuroba6907,"Mau berbisnis,buat dapatin 60jt pertama untuk umrohin ibu.",8 months ago,0,0,berbisnisbuat dapatin 60jt umrohin,4,Promosi Judi
@irvandarmawan5706,"Mau tanya Dok, lahir jad Cindo privilage gk???, soalnya banyak orang ngomong cindo cari kerja lebih gampang.",8 months ago,0,0,dok lahir jad cindo privilage gk orang ngomong cindo cari kerja gampang,4,Promosi Judi
@Pos4metaL,Sangat relate... thank infonya,8 months ago,0,0,relate thank info,4,Promosi Judi
@vinmatsuri8949,"Dulu Tirta mengejar validasi bahwa dirinya pintar, skrg sedang mengejar validasi bahwa dirinya sudah cukup bijak.. aman kok dok ngejar validasi.. karena hidup memang butuh pengakuan",8 months ago,0,7,tirta kejar validasi pintar skrg kejar validasi bijak aman dok ngejar validasi hidup butuh aku,4,Promosi Judi
@ahmadamirudin5871,platform media sosial sekarang udah lumayan berkembang karena banyak konten edukatif jika dibanding 2015 an,8 months ago,0,0,platform media sosial udah lumayan kembang konten edukatif banding 2015 an,4,Promosi Judi
@gombalmukiyo5525,"22:27 kemungkinan yg di maksud dr tirta
Yasa Singgih
Gita Wirjawan
William Tanuwijaya",8 months ago,0,0,2227 yg maksud dr tirta yasa singgih gita wirjawan william tanuwijaya,4,Promosi Judi
@TOLHASMANGATURSIAGIAN,mau jadi pengusaha agar bermanfaat kesemua orang,8 months ago,0,0,usaha manfaat semua orang,4,Promosi Judi
@Atetvchannel,"Dia tidak menjelaskan Agama, tetapi dia membuka Agama dengan sampul yg sederhana, Realistis itu sampulnya😉",8 months ago,0,0,agama buka agama sampul yg sederhana realistis sampul,4,Promosi Judi
@irhamismail6225,"Banyak privilege.., saya berjuang dari nol, kepruk ndase.. 😄😄😄",8 months ago,0,0,privilege juang nol kepruk ndase,4,Promosi Judi
@jaingrecords,"Saya jd penasaran, apabila saya menonton video ini sebelum saya memulai kehancuran saya 5 tahun lalu, apakah saya bakal dengerin?",8 months ago,0,0,jd penasaran tonton video hancur 5 dengerin,4,Promosi Judi
@apkredit,"Tutorial yg sangat realistis, memang itulah 3 pertimbangan penting sebelum mulai bisnis, dan pesan yg paling saya ingat di video ini, kalau baru lulus kuliah, jangan terjebak RUSH, terburu-buru mengejar idealisme fiktif, Tapi bekerjalah apapun itu tanpa prestis, itu sungguh tangga paling bagus,, btw : Mantapp",8 months ago,0,0,tutorial yg realistis 3 timbang bisnis pesan yg video lulus kuliah jebak rush terburuburu kejar idealisme fiktif kerja apa prestis sungguh tangga bagus btw mantapp,1,Bukan PromosiJudi
@fluffyandsoft362,"Bila jd enterpreneur karena kondisi sertifikasi pendidikan yg tidak mendukung,dan zaman sekarang mau kerja juga harus bayar biar masuk.
Gmn tuh dok peng?",8 months ago,0,0,jd enterpreneur kondisi sertifikasi didik yg mendukungdan zaman kerja bayar biar masuk gmn tuh dok peng,4,Promosi Judi
@cyrillusarief1014,sekarang saya berfikir realistis😊😊,8 months ago,0,0,berfikir realistis,4,Promosi Judi
@biruuu.0i,Kamboja last option 😂,8 months ago (edited),0,0,kamboja last option,4,Promosi Judi
@ocul3602,Terimakasih dok.,8 months ago,0,0,terimakasih dok,4,Promosi Judi
@muhammaddzulkifli1423,Kuncinya pembicaraan ini ada di menit 26. Cekidot,8 months ago,0,0,kunci bicara menit 26 cekidot,4,Promosi Judi
@Pr3z3nt0-4ppr,/laksamana kings*,8 months ago,0,0,laksamana kings,4,Promosi Judi
@ghostbuster8102,MENTALITAS,8 months ago,0,0,mentalitas,4,Promosi Judi
@learn-arabic_online,"makasi dok nasihatnya, memang harus ditampar realita dulu baru sadar diri.",8 months ago,0,0,makas dok nasihat tampar realita sadar,4,Promosi Judi
@AlizyanMalco,Thanks dok 🙏,8 months ago,0,0,thanks dok,4,Promosi Judi
@AqilZaid-ws8pe,"gw bisnis pengen nyari duit tapi tetep bebas untuk sholat dok, kalo kerja biasane masbuk dok 🗿",8 months ago,1,0,gw bisnis ken nyari duit tetep bebas sholat dok kalo kerja biasane masbuk dok,4,Promosi Judi
@nunung456,"Setuju dgn paparan dr tirta, dan sy suka dgn cara dr tirta menyampaikan paparan tsb, santay, dgn kata2 yg kadang kocak didengar, jadi muda dipahami, kuy kita langsung praktekkan",8 months ago,0,0,tuju dgn papar dr tirta sy suka dgn dr tirta papar tsb santay dgn kata2 yg kadang kocak dengar muda paham kuy langsung praktek,4,Promosi Judi
@isakidris,Saya mau kaya raya dok,8 months ago,0,0,kaya raya dok,4,Promosi Judi
@satriodauhan6264,Bapak-bapak lihat ini merasa terwakilkan. Makasi dok.,8 months ago,0,0,bapakbapak lihat wakil makas dok,4,Promosi Judi
@nathanwidhiarso8586,Hanya pekerja keras dan tekun dan tidak lupa bersyukur yang bisa menimati perjalanan hidupnya.,8 months ago,0,0,kerja keras tekun lupa syukur menimati jalan hidup,4,Promosi Judi
@ZM777,Top,8 months ago,0,1,top,4,Promosi Judi
@mfaiqhaydar,"Bapakku tukang kayu,ibukku jualan bubur ayam,sekarang aku lagi bangun kost kotssan soalnya tahun kemaren bangun 8 kamar kost dan sekarang udah full,dan sekarang lagi kuliah semester 7,kuliah sambil kerja serabutan...minta doanya guys
 semoga cita cita ku terlaksana",8 months ago,0,4,bapak tukang kayuibukku jual bubur ayamsekarang bangun kost kotssan kemaren bangun 8 kamar kost udah fulldan kuliah semester 7kuliah kerja serabutanminta doa guys moga cita cita ku laksana,4,Promosi Judi
@activitiboy,nah,8 months ago,0,1,,4,Promosi Judi
@Bekerat_666,"Tabung ada dok 10juta doang, bingung mau simpen di mana, 5juta saya pake untuk usaha jualan baju bekas, 5 juta nya saya simpen di saham bca buat jangka panjang. Saya ga punya privilege, org tua bapak meninggal , ibu ga bisa jalan gara gara jatuh di kamar mandi, tapi saya semangat bekerja trus, yg penting perut keisi dulu, ga peduli mau sukses apa ngak nantinya..",8 months ago (edited),1,5,tabung dok 10juta doang bingung simpen 5juta pake usaha jual baju bekas 5 juta nya simpen saham bca jangka ga privilege org tua tinggal ga jalan gara gara jatuh kamar mandi semangat trus yg perut isi ga peduli sukses ngak,1,Bukan PromosiJudi
@awisnu1322,Woyy lahh tenkyu pak tirtaa,8 months ago,0,0,woyy lahh tenkyu tirtaa,4,Promosi Judi
@tsanicl,"""jangan buru buru nikah""",8 months ago,0,1,buru buru nikah,4,Promosi Judi
@katroktelo,"saya baru lulus dagang komputer 
ibu bapak cuma PNS
uang saku kuliah cuma 500K
alhamdulillah usia 30 tahun aku udah dapat segalanya",8 months ago,0,0,lulus dagang komputer pns uang saku kuliah 500k alhamdulillah usia 30 udah,4,Promosi Judi
@rexevan6714,Ilmu Mahal. Terima Kasih Banyak dokter Tirta dan Malaka Project,8 months ago,0,0,ilmu mahal terima kasih dokter tirta malaka project,4,Promosi Judi
@FahmihzaTech,ya under 50 wkwkw,8 months ago,0,0,ya under 50 wkwkw,4,Promosi Judi
@TotokSugiarto-k3g,"Klo gk punya tabungan tapi punya aset gmna?
Apakah asetnya harus dijual untk modal usaha?",8 months ago,0,0,klo gk tabung aset gmna aset jual untk modal usaha,4,Promosi Judi
@SazaiRe,Buat stable finance aja om,8 months ago,0,0,stable finance aja om,4,Promosi Judi
@ermakurniawati7681,Keren banget cok,8 months ago,0,0,keren banget cok,4,Promosi Judi
@muhammaddzulkifli1423,"Niat yg bagus, semoga di permudah bisnisnya...",8 months ago,0,0,niat yg bagus moga mudah bisnis,4,Promosi Judi
@khayrasiran,Sya modal 100rb😂 saat itu hanya jualan pulsa...bisa berlipat2;uang 100rb itu Bahakan pernah sampai 1 M.....bisnis itu ada polanya...dan gua gak pernah ikut kelas apapun😂😂,8 months ago,0,0,sya modal 100rb jual pulsabisa berlipat2uang 100rb bahak 1 mbisnis polanyadan gua gak kelas apa,4,Promosi Judi
@SelakauSelindung,Saya kira motivasi dari wong fei hung,8 months ago,0,0,motivasi fei hung,4,Promosi Judi
@meliakhusnuzan4122,"Gua ketawa sendiri saat dr tirta ngomongin privilage , di dapur sambil ngopi dan narik rokok gua ngakak gk da satupun privilage asu.. 😂😂😂
Yaudah saya punya pikiran terbuka, tubuh yang sehat badan yang kuat, akan saya buat privilage itu 😂😂😂😂😅",8 months ago,0,0,gua ketawa dr tirta ngomongin privilage dapur ngopi narik rokok gua ngakak gk da satu privilage asu yaudah pikir buka tubuh sehat badan kuat privilage,4,Promosi Judi
@egiernadi2669,Banyak mkir sama ketawanya 😂,8 months ago,0,0,mkir ketawa,4,Promosi Judi
@adhicahyono9795,asem we dok ...pancet ae gayane 🤣🤣🤣🤣,8 months ago,0,0,asem we dok pancet ae gayane,4,Promosi Judi
@AzizImammudinR,"26:25

1. Ilmu
2. Anak
3. Amal

Ustadz. Tirta 😊👍",8 months ago,0,0,2625 1 ilmu 2 anak 3 amal ustadz tirta,4,Promosi Judi
@arifwibowo5828,"Kerja dulu cari ilmu,pengalaman,sambil mbangun usaha..jadi gaji bisa nyubsidi...kalo sudah siap usahanya...baru resign .",8 months ago,0,0,kerja cari ilmupengalamansambil mbangun usahajadi gaji nyubsidikalo usahanyabaru resign,4,Promosi Judi
@TeriDaily,"Saya kerja di bidang FNB 17 tahun
Merasa sudah paham segala hal tentang fnb.
Bisnis pertama dibidang fashion gagal total
Bisnis kedua dikuliner gagal lagi
Bisnis ke tiga dikuliner lg, rasanya baru ada tanda2 berkembang.",8 months ago,0,0,kerja bidang fnb 17 paham fnb bisnis bidang fashion gagal total bisnis kuliner gagal bisnis kuliner lg tanda2 kembang,4,Promosi Judi
@toko_media,Ya,8 months ago,0,0,ya,4,Promosi Judi
@Konoha-r5n,"Anjer ngakak gue... 😂😂 nemu dosen begini, perut kenceng muluuu😅",8 months ago,0,0,anjer ngakak gue nemu dosen perut kenceng muluuu,4,Promosi Judi
@karnobakso353,"Simpel ,gak pingin kaya tapi pingin hidup tenang tanpa memikirkan biaya dan bisa melaksanakan hobi sambil uang aman",8 months ago,0,0,simpel gak pingin kaya pingin hidup tenang pikir biaya laksana hobi uang aman,4,Promosi Judi
@Rx7sttudio7233,"ha..ha...sudah tahu konsep ini sejak lama. Logis dan realistis itulah cara""Survival"" sebenarnya. Beliau hanya menjabarkan secara detail. Nice dr. tirta.",8 months ago,0,0,hahasudah konsep logis realistis carasurvival beliau jabar detail nice dr tirta,4,Promosi Judi
@nurmalavalentina,Dok kalo kerja di Pialang boleh?,8 months ago,0,0,dok kalo kerja pialang,4,Promosi Judi
@renitria1831,"Saya kerja mulai dari umur 20 tahun sampai sekarang 39 thn namun juga suka mencoba buka usaha, bangkrut coba lagi dan lagi, kuncinya selama selama saya punya tabungan saya tidak menyerah menemukan usaha yang cocok, selalu mencoba walapun gagal. Selama uang modal yang di pakai bukan hasil hutang, beban tidak doble beratnya jadi masih bisa di pakai muter untuk operasional. Dan saya juga masih belum berani lepas pekerjaan, alhamdulillah bisa hire karyawan. Karena tujuan saya membuka usaha adalah semoga saya di mampukan membuka lapangan kerja untuk orang2 yang tidak lulus sekolah Insha Alloh ingin menjadi manusia yang bisa bermanfaat untuk manusia lainnya, karena ijasah bukan yang utama buat saya.",8 months ago (edited),0,12,kerja umur 20 39 thn suka coba buka usaha bangkrut coba kunci tabung serah temu usaha cocok coba walapun gagal uang modal pakai hasil hutang beban doble berat pakai muter operasional berani lepas kerja alhamdulillah hire karyawan tuju buka usaha moga mampu buka lapang kerja orang2 lulus sekolah insha alloh manusia manfaat manusia ijasah utama,1,Bukan PromosiJudi
@muhammadrangga2071,Donnie yen versi jowo 😄🙏,8 months ago,0,0,donnie yen versi jowo,4,Promosi Judi
@ahmadfs1482,"Tapi liverpool musin25/26 lgi gblok""nya dok wkwkwk:v",8 months ago,0,0,liverpool musin2526 lgi gbloknya dok wkwkwkv,4,Promosi Judi
@flowerbouquetinspiration,1. Tujuan harus jelas kalau mau jadi pengusaha,8 months ago,0,0,1 tuju usaha,4,Promosi Judi
@Yang_Mulia,"gw udah cobak kerja > bisnis> bankrut > kerja > bisnis > bangkrut dan sekarang kerja lagi, bisnis itu susah bro! keras! setuju sekali 👍
mending kerja dulu cari ilmu cari pengalaman baru bisnis",8 months ago (edited),0,0,gw udah cobak kerja bisnis bankrut kerja bisnis bangkrut kerja bisnis susah bro keras tuju mending kerja cari ilmu cari alam bisnis,0,Bukan PromosiJudi
@miftahul5288,Kalimat terakhirnya bole juga tuh 😂 #ynwa,8 months ago,0,0,kalimat akhir bole tuh ynwa,4,Promosi Judi
@ramzysummer,wah brarti gw ud crazy rich donk bisa beli waktu buat di abisin breng keluarga 1x24jem dirumah doank😌,8 months ago,0,0,brarti gw ud crazy rich donk beli abisin breng keluarga 1x24jem rumah doank,4,Promosi Judi
@safirmuhmmd25,"tertampar gua dok, makasih dok thx juga buat tim Malaka sudah membuat chanel ini",8 months ago,0,0,tampar gua dok makasih dok thx tim malaka chanel,4,Promosi Judi
@arifwa3631,Sangar cak🔥,8 months ago,0,0,sangar cak,4,Promosi Judi
@SUKMAwijayaTegalpapak,"Aku anak miskin, gak punya privilage ,  orang tua hanya ibu yang berusia 80 thn, aku seorang difabel lowvision. Aku berusia 30an sedang menempuh kukiah smester 7 dengan veasiswa, profesi hanya seorang terapi massage.",8 months ago (edited),0,1,anak miskin gak privilage orang tua usia 80 thn difabel lowvision usia 30an tempuh kiah smester 7 veasiswa profesi terapi massage,4,Promosi Judi
@kadekartha8224,Banyak yg kuliah karena ortunya asn,8 months ago,0,0,yg kuliah ortunya asn,4,Promosi Judi
@ejafahlevi3465,"wkwkwk dari awal bener jawabanku, yang dicari jadi pengusaha itu waktu luangnya lebih banyak 😂😂

sekedar info saya kuliah ipk 3,3 ; privillege bapak pebisnis (sempet vakum saat saya kuliah) ; privillege networking juga dari bapak ; privillege ya ada lah uang tapi gk kaya banget

dari privillege itu, awalnya emang niatnya cuman kerja biasa aja, karena lulus kuliah langsung daftar kerja (dengan privillege networking bapak juga), cuman waktu saya kerja dibidang yang sama yaitu marine, saya merasa dalam pov saya menilai bagaimana nasib ""boss"" atau istilahnya disini subcontractor itu banyak yang ditipu oleh karyawan dan ditindas oleh maincontractor..

bertepatan dengan hal tersebut, walaupun perusahaan sebelumnya sudah dijual oleh bapak saya, privillege networking membuat bapak saya menjadi pengusaha lagi dengan PT baru, dikarenakan ada kekhawatiran yang saya rasakan sewaktu bekerja dengan orang lain serta saya rasa sedikit ilmu yang bertambah dapat membuat saya bisa membantu bapak saya agar tidak tertipu oleh karyawan.

jatuh bangunnya saya ikuti dari bapak saya, bahkan sempat rugi karena baru memulai lagi...

hingga saat ini semoga semakin stabil lagi profit yang kami dapat setelah kurang lebih 1 tahun sebagai pembelajaran kegagalan dalam berbisnis ❤❤",8 months ago (edited),1,0,wkwkwk bener jawab cari usaha luang dar info kuliah ipk 33 privillege bisnis sempet vakum kuliah privillege networking privillege ya uang gk kaya banget privillege emang niat cuman kerja aja lulus kuliah langsung daftar kerja privillege networking cuman kerja bidang marine pov nilai nasib boss istilah subcontractor tipu karyawan tindas maincontractor tepat usaha jual privillege networking usaha pt khawatir rasa orang ilmu tambah bantu tipu karyawan jatuh bangun ikut rugi moga stabil profit 1 ajar gagal bisnis,0,Bukan PromosiJudi
@sonyprototype5216,Gue gak keberatan di ilokno kalo demi kebaikan gue sendiri 😅,8 months ago,0,0,gue gak berat ilokno kalo baik gue,4,Promosi Judi
@mimauzaofficial9615,"semua kembali kepada durabilitas buat survive.. privilage bisa dibilang cuma 1 dari yg dok tirta sebutkan, tapi kami masih bisa survive dan growt tiap tahun hingga sekarang, dan ingat durabilitas harus tinggi dan sangat tinggi..",8 months ago,0,0,durabilitas survive privilage bilang 1 yg dok tirta sebut survive growt durabilitas,4,Promosi Judi
@SotoAyam-w6b,"Orangtua gua pedagang, dari kecil udah liat susahnya orangtua gw buka usaha sendiri... Udahlah ditipu supplier, ditipu pembeli, ditipu saudara sendiri, dipalakin RT, dipalakin ormas dan akamsi... macem2 itu semua butuh modalll dan mental yang kuat... Kalo baru lulus sekolah, modal dengkul, mending kerja jadi budak korporat dulu, ngumpulin modal dulu baru deh sedikit-sedikit buka usaha sendiri...",8 months ago,0,0,orangtua gua dagang udah liat susah orangtua gw buka usaha udahlah tipu supplier tipu beli tipu saudara dipalakin rt dipalakin ormas akamsi macem2 butuh modalll mental kuat kalo lulus sekolah modal dengkul mending kerja budak korporat ngumpulin modal deh sedikitsedikit buka usaha,1,Bukan PromosiJudi
@muhammadadnan6280,"Semangat adik-adik yang sekarang masih kuliah, emang hidup itu seperti ini adanya. Saya cuma punya 1 dari 3 Privilage yang disebutin dr. Tirta. Modal IPK diatas 3, kuliah pun karena dapet Bidik Misi. Emang baiknya kerja keras dan cari pengalaman kerja yang banyak. Kalaupun kalian emang getol pengen jadi pengusaha, coba buktiin saat kalian kuliah, kalian malu ga nawar-nawarin barang ke temen-temen kuliah mu? kalau itu aja malu mending fokus kuliah, dapetin intership di perusahaan sesuai dengan bidangmu. Ingat di Indonesia, kalian cuma punya waktu kurang lebih 3-4 tahun setelah lulus, karena loker rata2 sudah tutup untuk usia diatas 25 tahun, Good Luck!",8 months ago,0,0,semangat adikadik kuliah emang hidup 1 3 privilage disebutin dr tirta modal ipk atas 3 kuliah dapet bidik misi emang baik kerja keras cari alam kerja emang getol ken usaha coba buktiin kuliah malu ga nawarnawarin barang tementemen kuliah mu aja malu mending fokus kuliah dapetin intership usaha sesuai bidang indonesia 34 lulus loker rata2 tutup usia atas 25 good luck,0,Bukan PromosiJudi
@RidhoMahesa-el4iy,"Saya umur 19thn 
kerja gajih dw 200rb perhari 
 kuliah ipk cuma 3
 investasi baru 3jt 
Trading ada 1jt  
bapa saya pns 
Saya Cuma ngasih jajan ke orang tua.",8 months ago,0,1,umur 19thn kerja gajih dw 200rb hari kuliah ipk 3 investasi 3jt trading 1jt bapa pns ngasih jajan orang tua,4,Promosi Judi
@AndyChannelproperty,edukasinya bersemangat berapi api sampe batuk😂,8 months ago,0,0,edukasi semangat rap api sampe batuk,4,Promosi Judi
@rahmatswandy9243,"Kerja dari umur 20 tahun aampe 26 cmn terkumpul 40 juta, dgn catatan ngga rokok , minum, slot dan jajan aneh aneh. 
Caranya dapet 100 juta berat kalau ngandalin gaji umr😂. Kecuali beruntung",8 months ago,1,1,kerja umur 20 aampe 26 cmn kumpul 40 juta dgn catat ngga rokok minum slot jajan aneh aneh dapet 100 juta berat ngandalin gaji umr kecuali untung,4,Promosi Judi
@pelitatriano7350,"Trims, Dr Tirta atas ilmunya..",8 months ago,0,0,trims dr tirta ilmu,4,Promosi Judi
@witadarmaiketut1325,"Tim malaka coba bikin pembahasan ""bagaimana menjadi seorang kapitalis"" saya lagi pengen belajar menjadi kaum kapitalis atau bisnis kapitalis, dan apakah masih layak di tahun 2025 s/d 2030 kedipan?",8 months ago,0,0,tim malaka coba bikin bahas kapitalis ken ajar kaum kapitalis bisnis kapitalis layak 2025 sd 2030 kedip,4,Promosi Judi
@riskyriswanto1733,mati itu cuman sekali hidupnya tiap hari,8 months ago,0,0,mati cuman hidup,4,Promosi Judi
@stanlygareng9912,Kenapa tidak ada yang menyarankan kerja di luar negeri?,8 months ago,0,0,saran kerja negeri,4,Promosi Judi
@AjiMasaid-r7w,Ini baru hebat ...motifasi,8 months ago,0,0,hebat motifasi,4,Promosi Judi
@Nining78-r3u,"Aku dulu kuliah jg tdk terlalu pinter,  suka main saja,tdk menguasai  materi kuliahku ,tp begitu aku lulus kuliah krn aku jurusan akuntansi  aku beli buku akuntansi dan perpajkan trus aku belajar sendiri, jd begitu aku ujian masuk kerja aku bisa, alhamdulillah  tdk terlalu sulit dapat kerja, aku telateni  kerja,sampai sekarang aku masih kerja, sambil  bisnis kecil2 lan aja
Dulu prinsip ku ku ga mau menggantungkan hidup ku ke orang lain termasuk ortu ku....alhamdulillah dikabulkan oleh alloh",8 months ago,0,0,kuliah jg tdk pinter suka main sajatdk kuasa materi kuliah tp lulus kuliah krn jurus akuntansi beli buku akuntansi perpajkan trus ajar jd uji masuk kerja alhamdulillah tdk sulit kerja telaten kerjasampai kerja bisnis kecil2 lan aja prinsip ku ku ga gantung hidup ku orang ortu alhamdulillah kabul alloh,0,Bukan PromosiJudi
@nokless2299,"dok kalo, privilege nggak ada tabungan belum ada, nggak kuliah ? gimana dong ngatasinnya.",8 months ago,0,0,dok kalo privilege nggak tabung nggak kuliah gimana ngatasinnya,4,Promosi Judi
@GenOz-x6p,"Dari nol dari nol ,ndasmu😂",8 months ago,0,0,nol nol ndasmu,4,Promosi Judi
@kevinmitnick-e2m,NAMPAR BANGET KATA-KATANYA !!! :face-pink-tears:,8 months ago,0,0,nampar banget katakatanya facepinktears,4,Promosi Judi
@kevinmitnick-e2m,tokoh yg gw demen dari zaman covid,8 months ago,0,0,tokoh yg gw demen zaman covid,4,Promosi Judi
@nandaekaputra325,"Yes,,,,
PENGALAMAN !!!!
Catat itu Kawan2 dan adik2,,,
Pengalaman.
Pengalaman baik ataupun pengalaman buruk.
Ada pelajaran dibalik itu semua.",8 months ago,0,0,yes alam catat kawan2 adik2 alam alam alam buruk ajar balik,4,Promosi Judi
@FindHopeYT,"Saya kalau ga diphk juga ga akan Freelance sekarang,Enakan kerja tinggal ngerjain apa yang orang suruh,ya meskipun susahnya di drama dengan orang orang",8 months ago,0,0,ga diphk ga freelance sekarangenakan kerja tinggal ngerjain orang suruhya susah drama orang orang,4,Promosi Judi
@DzawinNur.,Sungguh lucu sekali mas ini 😂😂😂,8 months ago,3,119,sungguh lucu mas,4,Promosi Judi
@deden77720,"Aku bingung

Kamu dokter apa tukang jualan",8 months ago,0,0,bingung dokter tukang jual,4,Promosi Judi
@Pejuangrejekireceh321,"Aku sudah 15 tahun usaha. 
Sekarang buka cabang. Susah rame nya.. Lesu. 
Tp usaha yang sudah berjalan Alhamdulillah tetp rame.",8 months ago,0,0,15 usaha buka cabang susah rame nya lesu tp usaha jalan alhamdulillah tetp rame,4,Promosi Judi
@kelvinhidayat1513,Dapet ilmu sambil ngakak wkwk,8 months ago,0,0,dapet ilmu ngakak wkwk,4,Promosi Judi
@satrianarandafa27,Ayah ini arahnya kemana,8 months ago,0,0,ayah arah mana,4,Promosi Judi
@ありがとうZX,"Bapa e direktur bank
anak e wis tunggal 'cino' 
pelit pula 😆🤣

jleb banget...!!",8 months ago (edited),0,0,bapa e direktur bank anak e wis tunggal cino pelit jleb banget,4,Promosi Judi
@Tokopilbiru,gw selalu suka motivasi tirta walopun waktu dia masih ugal2an 😂. karena waktu beliau selalu relate sama dia,8 months ago,0,0,gw suka motivasi tirta walopun ugal2an beliau relate,4,Promosi Judi
@permadhiarya8326,"Wasu tenan ik, suwun dok... suwun tenan 🙏",8 months ago,0,0,wasu tenan ik suwun dok suwun tenan,4,Promosi Judi
@muhammadalbertnasuroloh7733,Pehh dokter sangar iki,8 months ago,0,0,pehh dokter sangar iki,4,Promosi Judi
@sekedarqodir4387,"Gua 35, ga punya tabungan, ga punya privilege, IPK pas2an, kerja cuman ngojol 😅
Makanya gua ga pernah berani ngambil keputusan buat nikah, karna gamau ngebuat lingkaran kemiskinan, dan gua setuju banget sama omongan pa dokter ini, cuman ya susah kalo di lingkungan ga sedikit juga yg bilang kalo bujang ya rejekinya cuman buat satu orang, coba kalo nikah ""pasti ada aja rejekinya"" yaudah gabisa lanjut ngomong kalo dibenturinnya kearah situ karna endingnya pasti dikata ""kaya ga punya iman"" 😂
Pengen banget bisa minta solusi/arahan2 sama orang pinter kek gini 🙇🏾‍♂️",8 months ago,0,0,gua 35 ga tabung ga privilege ipk pas2an kerja cuman ngojol gua ga berani ngambil putus nikah karna gamau ngebuat lingkar miskin gua tuju banget omong pa dokter cuman ya susah kalo lingkung ga yg bilang kalo bujang ya rejekinya cuman orang coba kalo nikah aja rejekinya yaudah gabisa ngomong kalo dibenturinnya arah situ karna endingnya kata kaya ga iman ken banget solusiarahan2 orang pinter kek gin,0,Bukan PromosiJudi
@jajangdul,"Gua jualan Dok, apakah masuk bisnis? nyari kerja susah. Daripada nganggur jualan aja dok modal kecil kecilan.",8 months ago,0,0,gua jual dok masuk bisnis nyari kerja susah nganggur jual aja dok modal kecil,4,Promosi Judi
@syaondri14,"21:00 dok Kapal Listrik ada, mesinnya kayak mesin jet ski pakai sistem jet air tapi 40 megawatt hour XD",8 months ago,0,0,2100 dok kapal listrik mesin kayak mesin jet ski pakai sistem jet air 40 megawatt hour xd,4,Promosi Judi
@furqan8275,"Terlalu kaya dibilang miskin, Terlalu miskin dibilang kaya. Menengah tanggung join the club",8 months ago,0,0,kaya bilang miskin miskin bilang kaya tengah tanggung join the club,4,Promosi Judi
@waningocehtv,"Saya sudah lulus kuliah, lahir dari tidak punya uang sama sekali bahkan disepelekan tetangga maupun saudara

1 mie instan selalu menjadi makanan pokok untuk tiga orang  ibu adik dan saya , kadangpun cari daundaunan diberikan air dan garam
Kendaraan hanya punya sepeda dan kaki
Sampai kuliah saya diberi kemudahan diboncengin teman sampai semester 4, semester 4 dapat beasiswa prestasi penganti

Tapi kerja : semuanya sudah saya coba 
Masuk radio sudah, tv (lokal) sudah, bikin film sudah, bikin naskah sudah, main film sudah, barista sudah, kerja sablon sudah, motivator sudah, crew film dan panggung sudah, bikin acara dari kementrian sudah (dulu namanya FBK), Cuci piring sudah, bisnis (kopi dan cuci sepatu) sudah tapi kurang beruntung, kerja nganter barang sudah,  menyelesaikan adiknya sampai s1 sudah

Akhir cerita, sekarang menjadi asn 

Setelah semua di lalui, intinya adalah ""Berusaha"" sisanya biar Tuhan yang memberikan jalan terbaik

Tapi sampai sekarang belum menikah karena memang belum mendapatkan biyaya lebih dan tak mau menyusahkan anak orang


Apakah saya puas dengan ini semua? ternyata tidak.
Kenapa ? 
Kalau pengen tau ya ,ayooo kita ngobrol mengenai Hidup hehe


Terimakasih
Maaf terlalu panjang dan mungkin tidak sama dengan kaliyan jalan hidup saya",8 months ago (edited),0,4,lulus kuliah lahir uang sepele tetangga saudara 1 mie instan makan pokok orang adik kadang cari daundaunan air garam kendara sepeda kaki kuliah mudah diboncengin teman semester 4 semester 4 beasiswa prestasi anti kerja coba masuk radio tv lokal bikin film bikin naskah main film barista kerja sablon motivator crew film panggung bikin acara tri nama fbk cuci piring bisnis kopi cuci sepatu untung kerja nganter barang selesai adik s1 cerita asn lalu inti usaha sisa biar tuhan jalan baik meni biyaya susah anak orang puas ken tau ya ayooo ngobrol hidup hehe terimakasih maaf kaliyan jalan hidup,0,Bukan PromosiJudi
@pesantrendss,29:08 nahh ini the best quote Dok,8 months ago,0,0,2908 nahh the best quote dok,4,Promosi Judi
@lioneljordanyap9826,"wejangan keras tapi memang inilah fakta kehidupan, saya lebi krg 30 thn dibisnis, belum bisa finansial freedom, omset milyar, tp seperti yg dr tirta blg, kita harus mikirkan cost karyawan, asset  , pajak, pungli, kejadian diluar dugaan dll... Yg baru mulai lsg bisa kaya raya, itu 100% ada privilege, menang lotere, money laundering atau bisnis mafia diawal trus cuci tangan dibisnis terang....bullshit klo rintis btr bisa kaya raya",8 months ago (edited),0,1,wejang keras fakta hidup lebi krg 30 thn bisnis finansial freedom omset milyar tp yg dr tirta blg mikirkan cost karyawan asset pajak pungli jadi luar duga dll yg lsg kaya raya 100 privilege menang lotere money laundering bisnis mafia awal trus cuci tangan bisnis terangbullshit klo rintis btr kaya raya,1,Bukan PromosiJudi
@millennialyouthofficial3779,Tujuan jadi pengusaha + berbisnis untuk menambah income perbulan /perhari,8 months ago,0,0,tuju usaha bisnis tambah income bulan hari,4,Promosi Judi
@ejafahlevi3465,"ohhiya reminder : karena pembelajaran yang saya dapat dari 8 bulan bekerja di perusahaan orang lain itu, sewaktu saya ikut terlibat dalam perusahaan bapak saya, karyawan2 saya merasa betah bahkan selalu bertanya2 kapan mereka bisa join lagi dengan kami, sederhana tapi bikin bahagia ❤❤",8 months ago,0,0,ohhiya reminder ajar 8 usaha orang libat usaha karyawan2 betah bertanya2 join sederhana bikin bahagia,4,Promosi Judi
@aihub6639, @rahmatswandy9243  jelas bisnis 😂,8 months ago,0,0,rahmatswandy9243 bisnis,4,Promosi Judi
@ragileksbean,Lha.. akun aseli 🙏🏻,8 months ago,0,2,lha akun aseli,4,Promosi Judi
@alifmuhammadfahru12,🤣🤣🤣,7 months ago,0,2,,4,Promosi Judi
@seenakzidat9339,Lucu sama emosian si,7 months ago,0,1,lucu emosi si,4,Promosi Judi
@rizzyx.7030,terimakasih dok,8 months ago,0,1,terimakasih dok,4,Promosi Judi
@AHMADADITSAPUTRA-b6n,"Kalau yg cuma lulusan smk 
Gk punya privilege buat lanjut kuliah 
Gk punya tabungan gimana 
Cara buat bisa survive di era seperti ini 
Dan bisa bertahan",8 months ago,2,0,yg lulus smk gk privilege kuliah gk tabung gimana survive era tahan,4,Promosi Judi
@jefflokanata,"engga, bro . ending kita mungkin berbeda. aku mau buat piramid ah.. hahahaha...
tapi setelah saya cek kurang lebih biayanya , bahkan kalau pakai asuransi jiwa,, tidak akan ada perusahaan asuransi yang mau dan bisa honor the contract.",8 months ago,0,0,engga bro ending beda piramid ah hahahaha cek biaya pakai asuransi jiwa usaha asuransi honor the contract,4,Promosi Judi
@dinaatiffany,"Saya asli kota Solo dan suami asli Boyolali. Bapak mertua saya kepala desa & Ibu mertua saya petani. Selama 1,5th berumah tangga aku liat kehidupan Bapak Ibu mertua saya memang hemat ""Frugal Living To The Max"" impact nya apa? Tanah sawahnya banyak, mau ekonomi dihantam krisis? Tenang krn tabungannya banyak ada amunisi buat bertahan hidup. And one day, saya merenungkan hal itu & I'm realized that cara hidup Frugal Living seperti itu perlu saya contoh. Tetep hidup sederhana walaupun sudah punya apa-apa.",8 months ago,0,0,asli kota solo suami asli boyolali mertua kepala desa mertua tani 15th rumah tangga liat hidup mertua hemat frugal living to the max impact nya tanah sawah ekonomi hantam krisis tenang krn tabung amunisi tahan hidup and one day renung im realized that hidup frugal living contoh tetep hidup sederhana apaapa,4,Promosi Judi
@hallochanel45,Olive fried chicken ngk sembarang orang bisa franchise dok😢,8 months ago,0,0,olive fried chicken ngk sembarang orang franchise dok,4,Promosi Judi
@hallochanel45,Mau jadi orang yang bermanfaat untuk sekitar,8 months ago,0,1,orang manfaat,4,Promosi Judi
@dwi.isjudono.2,hahaha dr. Tirta asik 😅,8 months ago,0,0,hahaha dr tirta asik,4,Promosi Judi
@kencurmas9661,Saya 30th. Hidup d lingkaran setan. Saya mau keluar dri lingkaran tp blm punya penghasilan lain. Dn mulai coba buka stan kecil. Meskipun kecil alhamdulilah cukup buat bayar tim dn nutup untuk kehidupan,8 months ago,0,0,30th hidup d lingkar setan dri lingkar tp blm hasil dn coba buka stan alhamdulilah bayar tim dn nutup hidup,4,Promosi Judi
@jerseytr,"yang tidaknya lebih dari satu, kamboja aja.... sattt",8 months ago,0,0,tidak kamboja aja sattt,4,Promosi Judi
@gowashsaljuseboto,Riel bangeettt,8 months ago,0,0,riel bangeettt,4,Promosi Judi
@johanindrapermana7328,Bener banget sih factor luck itu,8 months ago,0,0,bener banget sih factor luck,4,Promosi Judi
@TheReinz18,kalau kata timothy yakin dulu dan ubah mindset,8 months ago,0,0,timothy ubah mindset,4,Promosi Judi
@yodiputra8604,"Saya Tidak semuanya dok, tapi alhamdulillah masih punya Luck jadi setidaknya gak di bawah bawah banget. Tapi masih mimpi buat buka usaha sendiri.",8 months ago,2,0,dok alhamdulillah luck gak banget mimpi buka usaha,4,Promosi Judi
@salimsumairi,"Saya salim. Umur saya 21 th, saya lulusan SMA, saya yatim sejak umur 5 th. Ibu saya IRT 
SAYA TIDAK PUNYA PRIVILEGE
 Alhamdulillah saya sekarang sedang merintis usaha kecil. Setelah nonton ini saya makin sadar. Terimakasih Dr. Tirta juga Malaka Project ❤️",8 months ago,1,1,salim umur 21 th lulus sma yatim umur 5 th irt privilege alhamdulillah rintis usaha nonton sadar terimakasih dr tirta malaka project,4,Promosi Judi
@Aldianasrullah,Nice,8 months ago,0,0,nice,4,Promosi Judi
@eddysusanto17,Ini baru motivasi based on reality. Bukan motivasi yang seakan-akan membuat semua hal terdengar mudah dan indah,8 months ago,0,0,motivasi based on reality motivasi seakanakan dengar mudah indah,4,Promosi Judi
@dedenjunaedi3075,"SEMUA YG INGIN KOU LAKUKN HRS JUJUR DGN DIRIMU,GA USAH MARAH DGN KEADAANMU,IHTIAR DGN SEKUAT TENAGA TANPA KELUHAN.HATI"" DGN NAFSU YG JUSTRU AKAN MMENJARAKNMU.JALANIN AJA ,SUDAH ADA YG NGATUR.GA USAH PERCAYA SAMA ORANG LAIN,KLO MAU CARI ILMU SEKOLAH AJA.JANGN JUSTRU CARI DUKUN ,CARI.MOTIFATOR ,KAGA ADA YG MEREKA BISA LAKUKN ,KLO PUN LO SUKSES ITU SUDAH JLN LO.PERCAYA SJ SAMA YG MENCIPTAKAN,USAHA YG MAKSIMAL SETELAH ITU PASRAHKN PD YG KUASA,KARNA BISA JD BUKAN LO SUKSES TP JUSTRU LO SAKIT,YG PENTING SEHAT PIKIRAN,PHISIK.",8 months ago,0,0,yg kou lakukn hrs jujur dgn dirimuga marah dgn keadaanmuihtiar dgn kuat tenaga keluhanhati dgn nafsu yg mmenjaraknmujalanin aja yg ngaturga percaya orang lainklo cari ilmu sekolah ajajangn cari dukun carimotifator kaga yg lakukn klo lo sukses jln lopercaya sj yg menciptakanusaha yg maksimal pasrahkn pd yg kuasakarna jd lo sukses tp lo sakityg sehat pikiranphisik,1,Bukan PromosiJudi
@EdwardGiovanni-h7o,"relasi none, finansial none, ipk ? mohon maaf, saya hanya lulusan SMA (tapi baru baru ini ambil kuliah yah walaupun hanya UT dan di umur yang relatif terlambat yah). doakan saja saya bisa naik level dalam hidup ini sebelum saya wafat.",8 months ago,0,0,relasi none finansial none ipk mohon maaf lulus sma ambil kuliah yah ut umur relatif lambat yah doa level hidup wafat,4,Promosi Judi
@Fixxti,11 12 dengan ilmu dari pak Chandra Putra Negara,8 months ago,0,0,11 12 ilmu chandra putra negara,4,Promosi Judi
@farissulthon4877,🎉🎉❤❤😊😊😊😊thanks peng peng,8 months ago,0,0,thanks peng peng,4,Promosi Judi
@yodiputra8604,Dan saya generasi sandwich,8 months ago,0,0,generasi sandwich,4,Promosi Judi
@softcookie5359,@AHMADADITSAPUTRA-b6n  tetap masuk kategori kerja,8 months ago,0,0,ahmadaditsaputrab6n masuk kategori kerja,4,Promosi Judi
@dafaday,Main yt lah buat dapet uang,8 months ago,0,0,main yt dapet uang,4,Promosi Judi
@yosepmukti1,Ok kan,7 months ago,0,1,ok,4,Promosi Judi
@DodiHermanto-g9q,Kalo bisnis mudah semua orang pasti terjun tolol,8 months ago,0,0,kalo bisnis mudah orang terjun tolol,4,Promosi Judi
@Samsudin-d8h8y,damn,8 months ago,0,0,damn,4,Promosi Judi
@InitialD-s6k,"Saya masih semester 5, mahasiswa Informatika di salah satu universitas swasta terbaik di Yogyakarta. Tabungan saya kurang dari 2 digit, tetapi orang tua punya kebun sawit lumayan luas di Sumatera dan relasi dengan banyak orang berpengaruh. IPK saya 3.64, punya pengalaman sebagai brand ambassador dari salah satu startup besar di bidang teknologi transportasi, dan lingkungan kampus saya diisi orang-orang cerdas dan berpengaruh.

Melihat insight dari dr. Tirta soal privilege, finansial, dan pengalaman kerja, saya ingin bertanya: Langkah apa yang sebaiknya saya ambil saat masih kuliah seperti sekarang? Lebih baik fokus menambah pengalaman kerja lewat magang/freelance, memanfaatkan networking keluarga untuk mulai belajar bisnis, atau sudah mulai usaha kecil dari sekarang? Sektor bisnis seperti apa yang cocok untuk mahasiswa Informatika agar tidak hanya mengandalkan privilege, tapi juga survive secara realistis dan tetap berkembang secara profesional?",8 months ago,0,0,semester 5 mahasiswa informatika salah universitas swasta baik yogyakarta tabung 2 digit orang tua kebun sawit lumayan luas sumatera relasi orang pengaruh ipk 364 alam brand ambassador salah startup bidang teknologi transportasi lingkung kampus isi orangorang cerdas pengaruh insight dr tirta privilege finansial alam kerja langkah ambil kuliah fokus tambah alam kerja magangfreelance manfaat networking keluarga ajar bisnis usaha sektor bisnis cocok mahasiswa informatika andal privilege survive realistis kembang profesional,0,Bukan PromosiJudi
@bebeboyyyy,"Oke, mungkin aku telat 1 dekade untuk melihat video ini.
Mulai dari mimpi, dan prinsip hidup. ""Jujur dan terus gerakan tangan mu,maka tidak akan lapar"" dan aku sangat benci gagal, aku tidak punya semua 3 point itu.
aku punya 1 wanita hebat. 
But, so thanks dok, buat 1 kata, financiall steable.",8 months ago,0,0,oke telat 1 dekade video mimpi prinsip hidup jujur gera tangan mumaka lapar benci gagal 3 point 1 wanita hebat but so thanks dok 1 financiall steable,4,Promosi Judi
@myvacation9587,nyimak,8 months ago,0,0,nyimak,4,Promosi Judi
@whenyrolis9536,"Dok, kata2 sampean suka bener ya😂... Angkat AQ jadi muridmu @drtirta",8 months ago,0,0,dok kata2 sampean suka bener ya angkat aq murid drtirta,4,Promosi Judi
@al-farizi8756,20 tahun  44 jt,8 months ago,0,0,20 44 jt,4,Promosi Judi
@lidaf2859,bagus bgt woy!!!!!!!!!!!! bener2 realistis !!! keren dok! valid 10000000%,8 months ago,0,0,bagus bgt woy bener2 realistis keren dok valid 10000000,4,Promosi Judi
@WfrsDesign,"Bacot doank… menikah memacu pikiran dan otakmu untuk tidak malas malasan karena punya tanggung jawab..eh disuruh jangan nikah kalau gak punya duit..duit untuk nikah dibuat tak seberapa bisa, tapi perjuangan besar itu wajib..tirta lolll",8 months ago,0,0,bacot doank meni pacu pikir otak malas malas tanggung jawabeh suruh nikah gak duitduit nikah juang wajibtirta lolll,4,Promosi Judi
@andrianusagun5689,Asli keren. Mudah2an yg menonton memahami ilmu mahal yg dr. Tirta bagikan,8 months ago,0,0,asli keren mudah2an yg tonton paham ilmu mahal yg dr tirta bagi,1,Bukan PromosiJudi
@baper.negara,saya fans MU. saya mampir karena liat fans Liverpool. (21okt25),8 months ago,0,0,fans mu mampir liat fans liverpool 21okt25,4,Promosi Judi
@singomotongevlog7614,dok... ayo nobar ntar malam juventus vs real madrid wkwkwkw,8 months ago,0,0,dok ayo nobar ntar malam juventus vs real madrid wkwkwkw,4,Promosi Judi
@Real-x1e,"Jadikan bisnis kegiatan sehari-hari ajarkan sejak dini, jangan mengharap instan, tata demi masa depan ❤",8 months ago,0,0,jadi bisnis giat seharihari ajar harap instan tata,4,Promosi Judi
@MohAnggi2003,"Bajunya khusus kayanya buat kelas pakar, soalnya sama kaya di video 6-7 bulan lalu",8 months ago,0,0,baju khusus kaya kelas pakar kaya video 67,4,Promosi Judi
@raysubandi6998,"Baru nonton, jirr lah keren ni orang... ngena baget 🙏👍",8 months ago,0,0,nonton jirr keren ni orang ngena baget,4,Promosi Judi
@IdunMcGG,"benar 
yang menghancur kan semua itu adalah ""RUSH""👏",8 months ago,0,0,hancur rush,4,Promosi Judi
@tukangrepet118,aku umur sudah Setengah Abad lebih😮😮😮bangga kan tepuktanganlah fuluuu😮😮😮.maka dari itu aku akan selalu katakan yang Benar ajaa yang ngak benar pasti aku protes jiklau nampak yaaa nyataaa yaaaaa😮😮😮,8 months ago,0,0,umur abad lebihbangga tepuktanganlah fuluuumaka ajaa ngak protes jiklau nampak yaaa nyataaa yaaaaa,4,Promosi Judi
@tukangrepet118,jikalau aku dagang laris aku mau lah hutang Banyak itu tandaNya aku lagi lariss😮😮😮sempat Bos Datang berapa tagihan Boss ngak adaa😢😢😢 nota nya hanya 1 ini ajaa😢😢😢 sama sama Mampuslah Kita Bos bentar lagikk😢😢😢,8 months ago,0,0,dagang laris hutang tanda larisssempat bos tagih boss ngak adaa nota nya 1 ajaa mampus bos bentar lagikk,4,Promosi Judi
@tukangrepet118,makanya aku Bintang Toejoe😮😮😮ngak bakalan sakit Kelapa lahh Kaliann😮😮😮,8 months ago,0,0,bintang toejoengak sakit kelapa lahh kaliann,4,Promosi Judi
@tukangrepet118,Ahmad Akbar dan Ucok aku juga tau ada Film Nya Duo Kribo😮😮😮 .Ada Rambut Kribo dou douuuuu😮😮😮 laguNya adaaa,8 months ago,0,0,ahmad akbar ucok tau film nya duo kribo rambut kribo dou douuuuu lagu adaaa,4,Promosi Judi
@adhisip,"ha ndi subtittle e, malakane blong",8 months ago,0,0,ha ndi subtittle e malakane blong,4,Promosi Judi
@tukangrepet118,Charles Bronson.TiLung.Fu sen.jiklau Bruce Lee ada tapi Copy Baru😮😮😮,8 months ago,0,0,charles bronsontilungfu senjiklau bruce lee copy,4,Promosi Judi
@tukangrepet118,Dari Jaman Rhoma Irama Dan Arafiq main film aku sudah nonton😮😮😮,8 months ago,0,0,jaman rhoma irama arafiq main film nonton,4,Promosi Judi
@tukangrepet118,dari Kecil Smp 1 aku berani lho jualan asongan di Bioskop😮😮Kalian berani ngakk😮😮malu kan makanya goblok dapat duit dapat nonton Gratis maka aku nonton film Bioskop banyak😮😮😮gratisss😮😮😮,8 months ago,0,0,smp 1 berani lho jual asong bioskopkalian berani ngakkmalu goblok duit nonton gratis nonton film bioskop banyakgratisss,4,Promosi Judi
@tukangrepet118,Sekarang kamu punya apa banggg😮😮😮apakh kau sudah kaya rayaaa😮😮😮 yaa😮😮😮 di tanyak.iya Bang aku dulu seea rumah sekarang punya rumah walau kredit😮😮aku dulu ngak punya Binik sekarang sudah Berkeluarga anak sudah Dewasa usaha sendiri Mamak Senang itulah kekayaan akau punya Pabrik ya belum adaa 😮😮😮,8 months ago,0,0,bangggapakh kau kaya rayaaa yaa tanyakiya bang seea rumah rumah kreditaku ngak bik keluarga anak dewasa usaha mamak senang kaya akau pabrik ya adaa,4,Promosi Judi
@KaMis-w6x,"Celoteh dan lawaknya seru banget, se seru main bareng teman di 𝐉𝐀𝐋𝐀𝐊𝟒𝐃 nih",8 months ago,0,0,celoteh lawak seru banget seru main bareng teman nih,4,Promosi Judi
@tukangrepet118,Ngak habis 9Nya duit aku belik rokok ajaa 30persen bersisa😮😮😮.korupsi ngak mau.menvuri ngak mauu komisi ngak ada SMA sekali.ngak adaa tapi bisa bertahan dan gaji naik terusss😂😂😂,8 months ago,0,0,ngak habis 9nya duit belik rokok ajaa 30persen bersisakorupsi ngak maumenvuri ngak mauu komisi ngak sma sekalingak adaa tahan gaji terusss,4,Promosi Judi
@tukangrepet118,Aku aja ngak tamat SmA😢😢😢 hanya kelas 1 setengah main bandel.Uang sekolah aku belanjakan jadi tuak😢😢😢.aku tipu  Mamak akuu😢😢😢tapi aku bisa sadar aku akan kembalikan Uang sekolah yang aku korup😢😢😢.aku kerjaa.7030Makk😮😮😮 aku 30 Mamak ambil 70,8 months ago,0,0,aja ngak tamat sma kelas 1 main bandeluang sekolah belanja tuakaku tipu mamak akuutapi sadar kembali uang sekolah korupaku kerjaa7030makk 30 mamak ambil 70,4,Promosi Judi
@tukangrepet118,Aku Pakai alat terbaik yang ada walau milik Tetangga supaya Rdio9Nya Noramal😂😂😂,8 months ago,0,0,pakai alat baik milik tetangga rdio9nya noramal,4,Promosi Judi
@tukangrepet118,Aku pakai Casettes dan Mono😂😂😂,8 months ago,0,0,pakai casettes mono,4,Promosi Judi
@tukangrepet118,intonasi suara harus Benar😮😮😮 Aku pakai Mols gimana,8 months ago,0,0,intonasi suara pakai mols gimana,4,Promosi Judi
@tukangrepet118,Makanya Go west😅😅😅😅,8 months ago,0,0,go west,4,Promosi Judi
@tukangrepet118,Jikalau Kamu Orang kaya atau sangguplah jikalau Anak Kamu lebih baik kirimkan kerja dulu sama Orang lain😮😮😮itu akan sangat Bergunaa😮😮.tapi ingat harus katakan biar tau Luar dan Dalam jangan di anggap anak tiri anak kandung itu sangat berbahaya ingat yaa resiko Nya ya ituu.sebelum itu kasih Penataran dulu yang supaya bisa ngerti yaa Naka Abak😮😮,8 months ago,0,0,orang kaya sanggup anak kirim kerja orang lainitu bergunaatapi biar tau anggap anak tiri anak kandung bahaya yaa resiko nya ya ituusebelum kasih natar ngerti yaa naka abak,4,Promosi Judi
@meezmq,Nice 🎉,8 months ago,0,0,nice,4,Promosi Judi
@lawarau,"Dok,  Tabungan untuk membuka usaha kira² minimal brapa ya , berapa ya?

Saya itungannya ""Ya (2)"" tetapi untuk yang masalah uang saya tidak tau brapa minimalnya",8 months ago,0,0,dok tabung buka usaha minimal brapa ya ya itungannya ya 2 uang tau brapa minimal,4,Promosi Judi
@nurfaridahanum,"Rak jelas koe tir...
Koe ngmng itu sebagai apa..???
Motivator atau pengalaman hidup atau apa..

Fakta lapangan berbeda dengan apa yang kau katakan 
Ilmu sekolah beda dengan ilmu lapangan...",8 months ago,0,0,rak koe tir koe ngmng motivator alam hidup fakta lapang beda kau ilmu sekolah beda ilmu lapang,4,Promosi Judi
@norfayoga,"9:44 yatim piatu itu privilege loh, privilege of psikis 😂",8 months ago (edited),0,0,944 yatim piatu privilege loh privilege of psikis,4,Promosi Judi
@padirarental5693,Mau jd pengusaha biar tetap di rumah tapi dapat penghasilan juga,8 months ago,0,0,jd usaha biar rumah hasil,4,Promosi Judi
@wateringheart,"Semua bisa, lulusan apapun bisa jadi pengusaha asalkan ada suntikan dana 71 Milyar😂",8 months ago,0,0,lulus apa usaha sunti dana 71 milyar,4,Promosi Judi
@danangsujatmiko7903,Tahun 2015 saya jadi buruh pabrik dan punya 100 juta di usia 19 tahun. Tapi gabisa mengelolanya😂,8 months ago,0,1,2015 buruh pabrik 100 juta usia 19 gabisa kelola,4,Promosi Judi
@vinssmokee27,daging semua isinya,8 months ago,0,0,daging isi,4,Promosi Judi
@jatmikobayu8026,Kenapa mualaf dok?,8 months ago,0,0,mualaf dok,4,Promosi Judi
@bijakramadhan428,tolong infokan font yang dipakai di sini please🙏 para suhu🙏,8 months ago,0,1,tolong info font pakai please suhu,4,Promosi Judi
@RendiFebrian-r6n,"keren sekali ,sangat membantu untuk menghadapi realita kehidupan",8 months ago,0,0,keren bantu hadap realita hidup,4,Promosi Judi
@hanggitafadmaputrapratama6373,YO YO HUD,8 months ago,0,0,yo yo hud,4,Promosi Judi
@VictorDicky,ko yg sebelah kebalikannya ini ya bukan bertahan tapi menyerang 😅,8 months ago,0,0,ko yg belah balik ya tahan serang,4,Promosi Judi
@adighazali7596,Ganas bicaranya. Tapi termotivasi,8 months ago,0,0,ganas bicara motivasi,4,Promosi Judi
@arihyundaiaryahyundai,bermanfaat banget dok terimaksih semoga masih bisa dirubah jalan hidup saya aamiinn tetap semangat kawan,8 months ago,0,1,manfaat banget dok terimaksih moga rubah jalan hidup aamiinn semangat kawan,4,Promosi Judi
@ajatstudiohaircut3389,"Saya mau jadi pengusaha karena pengen memanfaatkan kemampuan dan pengetahuan dari bekerja selama belasan tahun semaximal mungkin, saya merasa saat kerja di usaha orang lain banyak ide ide saya mentok hanya jadi ide , dan ketika ide saya berhasil saya mau hasilnya (keuntungan) lebih maximal saya dapetin demi masa depan anak anak saya",8 months ago,1,0,usaha ken manfaat mampu tahu bas semaximal kerja usaha orang ide ide mentok ide ide hasil hasil untung maximal dapetin anak anak,4,Promosi Judi
@StarMoon-ce8ui,"Sekarang saya masih semester 7, tapi belum ditahap skripsi karena masih harus ngulang semester yang sempat cuti, nilai banyak yang eror. Punya pengalaman kerja dua tahun dan sekarang pun kuliah sambil kerja juga tapi Alhamdulillah nya cuma masuk di hari Jumat sampai Minggu, nyesuain jadwal kuliah aja. Saya gen z, dengan kondisi keluarga yang broken home dan sedari kecil udah ngusahain keinginan sendiri. Alhamdulillah nya saya lagi ditahap ngembangin small business, kadang nggak yakin sama yang saya usahain tapi selalu megang prinsip setiap usaha tidak akan mengkhianati hasilnya. Alasan saya mau jadi pebisnis salah satunya karena ingin menciptakan lapangan kerja baru dan banyak alasan lainnya. Karena jujur jadi karyawan dengan bos yang seenaknya itu nyakitin, ya meskipun nggak semua bos seperti itu.",8 months ago,0,1,semester 7 tahap skripsi ngulang semester cuti nilai eror alam kerja kuliah kerja alhamdulillah nya masuk jumat minggu nyesuain jadwal kuliah aja gen z kondisi keluarga broken home dar udah ngusahain alhamdulillah nya tahap ngembangin small business kadang nggak usahain megang prinsip usaha khianat hasil alas bisnis salah satu cipta lapang kerja alas jujur karyawan bos nyakitin ya nggak bos,0,Bukan PromosiJudi
@IchsanPutra-r8y,"15:36 “ jadi perintis tu enak ngga ada yang ngarahin ngga ada yang membimbing , justru itu letak keasikan nya “ di keprok ae wong koyo ngene mas 😂",8 months ago,0,1,1536 rintis tu enak ngga ngarahin ngga bimbing letak asi nya keprok ae koyo ngene mas,4,Promosi Judi
@jolorians,"Bener yang diomongin Dr. Tirta, aku gaada previlege keluarga. Bapak nganggur dan ibu yang kerja dengan jualan. Dulu kuliah sambil kerja serabutan. pas jaman awal² kerja setelah lulus smk (2017) gaji masih 40 ribu sehari. Karena yups, sadar gaada previlege harus bisa kerja dan dapat pengalaman serta mentalitas. 2018 mulai kuliah dan gak pengen memperberat beban ibu. Jadi kuliah sambil kerja apa aja, jadi driver, kurir, sales, collector, ambil job design grafis, joki tugas dll. Sampe 2022 pas masa skripsi kek yang lagi dibahas dr. Tirta pengen punya usaha. Sebetulnya pengen punya usaha udah lama, karena pengen bantu orang² terdekat yang mungkin lagi nganggur biar tetep ada hasil. 2022 saudara baru PHK dan nawarin mau ngajak usaha service AC. Dia gaada modal, tapi punya ilmu. Aku ada modal dari tabungan dan ilmu basik elektronika (padahal aku kuliah komputer). Gak muluk², yang aku pikir kalo usaha itu yang penting konsisten dan gaboleh gagal/hilang modal. Alhamdulillah meskipun belum stabil, kadang rame dan kadang ngga sama sekali. Aku masih jalanin usahaku, malahan aku belum dapat kerja sesuai jurusan kuliahku😂 tapi ya bagi kalian yang mau usaha, pikirkan faktor resikonya dulu. Kalo kalian yakin bisa survive ya monggo. Kalo kalian masih ngandelin gaji bulanan tapi tengah bulan udah ilang entah kemana dan bingung trus minjem ke temen. Mending gausah mulai usaha dulu.",8 months ago,0,0,bener diomongin dr tirta gaada previlege keluarga nganggur kerja jual kuliah kerja serabutan pas jaman kerja lulus smk 2017 gaji 40 ribu hari yups sadar gaada previlege kerja alam mentalitas 2018 kuliah gak ken berat beban kuliah kerja aja driver kurir sales collector ambil job design grafis joki tugas dll sampe 2022 pas skripsi kek bahas dr tirta ken usaha ken usaha udah ken bantu orang dekat nganggur biar tetep hasil 2022 saudara phk nawarin ngajak usaha service ac gaada modal ilmu modal tabung ilmu basik elektronika kuliah komputer gak muluk pikir kalo usaha konsisten gaboleh gagalhilang modal alhamdulillah stabil kadang rame kadang ngga jalanin usaha kerja sesuai jurus kuliah ya usaha pikir faktor resiko kalo survive ya monggo kalo ngandelin gaji bulan udah ilang mana bingung trus minjem temen mending gausah usaha,3,Bukan PromosiJudi
@ginanjarpamungkas8357,peng peng hahaha,8 months ago,0,0,peng peng hahaha,4,Promosi Judi
@OpikTaufikHidayat,"saya sejak lulus kuliah  nganggur 2 tahun lalu kerja sampai sekarang udah 13 tahun kerja, udah pengen buka usaha tapi bingung usaha apa 😒",8 months ago (edited),0,0,lulus kuliah nganggur 2 kerja udah 13 kerja udah ken buka usaha bingung usaha,4,Promosi Judi
@PacuDiri,anjirr berasa di marahin terus. wkwk,8 months ago,0,0,anjirr asa marahin wkwk,4,Promosi Judi
@muhammadarafatgaruda,"thanks a million, may Allah reward you all with goodness",8 months ago,0,2,thanks a million may allah reward you all with goodness,4,Promosi Judi
@manullangparholong8932,KALAU ADA KESEMPATAN TETAP MEMILIH JADI PEGAWAI YG BERGAJI 500JT BERSih SEBULAN DI BANDING JADI PENGUSAHA INCOME KOTOR 2 MILYAR,8 months ago,0,0,sempat pilih pegawai yg gaji 500jt bersih bulan banding usaha income kotor 2 milyar,4,Promosi Judi
@Qun_project,Aku di antara miskin dan sederhana nih masse🥲,8 months ago,0,0,miskin sederhana nih masse,4,Promosi Judi
@cleonjackson16,"saya gen z usia 24 tahun, putus sekolah di kelas 2 SMA, dan bekerja sebagai juru masak di berbagai tempat.. pada akhirnya memutuskan untuk berdagang di ditahun ini sempat jalan 3bulan dan akhirnya gagal, dan saya mencoba berdagang lagi.. terus terang saja tidak ada sepersen pun uang saya keluar buat memulai usaha.. modal pertama dari oom saya dan saya melobby nya, dan ke 2 saya dimodalkan oleh teman saya.. yang jadi masalah? dimana letak salah saya ketika saya mencoba bisnis dan berdagang padahal saya merasa di fase belajar?... menurut saya tidak.. kalau ada yang berbeda pendapat silahkan..",8 months ago,0,0,gen z usia 24 putus sekolah kelas 2 sma juru masak putus dagang tahun jalan 3bulan gagal coba dagang terang persen uang usaha modal oom melobby nya 2 modal teman mana letak salah coba bisnis dagang fase ajar beda dapat silah,4,Promosi Judi
@DimasBarnyo,"Apes banget hidup saya cuma lulusan SMP, privilage apapun gak punya, belum menikah tapi  apa boleh buat sukses itu subjektif yg penting gak stroke dan tetaplah hidup.😅",8 months ago,0,0,apes banget hidup lulus smp privilage apa gak meni sukses subjektif yg gak stroke tetap hidup,4,Promosi Judi
@ajatstudiohaircut3389,"Di usia 30thn saya baru bisa merintis barbershop dan Sudah berjalan 2 tahun, saya gak Buru buru cari karyawan,",8 months ago,0,0,usia 30thn rintis barbershop jalan 2 gak buru buru cari karyawan,4,Promosi Judi
@EsensiCreative,Mati sekali.. Hidup tiap hari... lambemu top dok,8 months ago,0,0,mati hidup lambe top dok,4,Promosi Judi
@ojotawur,"Bener dok, doktrin motivator menggiring temen2 pemuda jadi pengusaha ""ORA UMUM"" yg di usung oleh perusahaan MLM di thn awal 2000an.
Yg mengiming imingi profit tinggi dan mimpi2 mobil mewah, jalan2 di luar negeri dll.
Ora umum tenan",8 months ago,0,0,bener dok doktrin motivator giring temen2 pemuda usaha ora yg usung usaha mlm thn 2000an yg mengiming imingi profit mimpi2 mobil mewah jalan2 negeri dll ora tenan,1,Bukan PromosiJudi
@endruxse,😂 acc,8 months ago,0,0,acc,4,Promosi Judi
@akbarberlian,"10:20 ""Kalo anda punya ketiga ini, kalo anda bisnis , kemungkinan gagalnya kecil.. camkan itu"". Terjadi ke saya, belum gagal total sih udah 5 tahun jalan. Meski sempat tutup 1-2 bisnis.. tapi ekspansi juga engap-engap hahaha. Dan dengan modal segitu kalo jual waktu ke korporat internasional, dapetnya lebih banyak dan udah terjamin.. apalagi kalo mau pindah negara.. wkakakak... tapi balik lagi ke apa yg kita cari",8 months ago (edited),1,11,1020 kalo tiga kalo bisnis gagal cam gagal total sih udah 5 jalan tutup 12 bisnis ekspansi engapengap hahaha modal segitu kalo jual korporat internasional dapetnya udah jamin kalo pindah negara wkakakak yg cari,1,Bukan PromosiJudi
@jadiutuber4583,"Bagus mana bro TIRTA, CHATGPT, GEMINI, atau GROK ??",8 months ago,0,0,bagus bro tirta chatgpt gemini grok,4,Promosi Judi
@mhmmdjnry,keren dok,8 months ago,0,0,keren dok,4,Promosi Judi
@petani_suka,"Saya petani,saya nonton sampe hbis & tida ada kategori itu di saya, namun ke inginan punya bnyak usaha/income itu selalu ada meski timbul & tenggelam,kepala isi terus dengan bagaimana cara kaya, ini puyeng meski jalani yng mana.",8 months ago,0,0,petanisaya nonton sampe hbis tida kategori ingin bnyak usahaincome timbul tenggelamkepala isi kaya puyeng jalan yng,4,Promosi Judi
@yudhaindra5453,Gak bisa untuk membayar igd pak 😅😅😅,8 months ago,0,0,gak bayar igd,4,Promosi Judi
@iw2205,"""Be First, Be Smarter, or Cheat""

-Margin Call",8 months ago,0,0,be first be smarter or cheat margin call,4,Promosi Judi
@lailatulazizah-p1k,"Tapi g salah juga usaha sejak kuliah atau setelah kuliah. Karena cari pekerjaan juga g mudah😅. Saya lulus kuliah sebulan baru dapat kerja, n kerjaannya juga g bikin kita makan kenyang malah tekor juga, ijazah di simpan perusahaan, bertahan cm setahun kena types, ya intinya habis kuliah lakukan apapun yg bisa dikerjakan,",8 months ago,0,0,g salah usaha kuliah kuliah cari kerja g mudah lulus kuliah bulan kerja n kerja g bikin makan kenyang tekor ijazah simpan usaha tahan cm tahun kena types ya inti habis kuliah laku apa yg,0,Bukan PromosiJudi
@opdisdsign5622,"Betul saya menikah dari nol sampai sekarang Alhamdulillah anak bisa sekolah sampai Univeraitas,tapi sampai sekarang saya masih ngontrak sampai sekarang
Mangkanya saya melihat motivator2 yg segitu mudahnya membalikkan segitu mudahnya utk berubah sukses segitu gampangnya
Tapi ya sampai sekarang saya syukuri aja,alhamuulillahnya saya gak punya utang,makan seadanya gak ngrepoti anak2 
Makasih dok cara berfikinya sehingga saya dpt mensyukuri hidup,saya percaya anak2 saya akan suksea",8 months ago,0,0,meni nol alhamdulillah anak sekolah univeraitastapi ngontrak mangkanya motivator2 yg segitu mudah balik segitu mudah utk ubah sukses segitu gampang ya syukur ajaalhamuulillahnya gak utangmakan ada gak ngrepoti anak2 makasih dok berfikinya dpt syukur hidupsaya percaya anak2 suksea,4,Promosi Judi
@DrSarwo,Ini logis keren dan terbukti.. berbahagialah kalian mendengarkan ini saat masih muda..,8 months ago,0,4,logis keren bukti bahagia dengar muda,4,Promosi Judi
@jolorians,"Aku kerja sambil kuliah, kerja pun juga masih freelance. Jadi driver antar orang wisata, bus tour, kurir, design grafis dll. Pas semester 6,7 dan masa skripsi aku coba terus cari dan lamar pekerjaan yang dibawah sistem perusahaan tapi masih belum dapat. Sampai akhirnya ada tawaran dari saudara yang barusan PHK untuk buat usaha jasa service AC. Karena aku masih ada basic elektro ya akhirnya berani walau kuliah yang aku ambil adalah komputer. Alhamdulillah mulai dari modal kecil dan sedikit banyak ilmu ekonomi yang aku dapat selama masa kuliah kepakai dikit². Udah jalan 2 tahun walau order masih naik turun. Emang usaha diusia muda itu sangat berat dan melelahkan kalau emang bener² merintis dari awal. Tapi paling ngga selama masih bisa konsisten udah seneng. Sekarang masih struggle nyari kerjaan yang sesuai ijazah. Karena rata² sering ditolak karena perusahaan merasa ijazah sarjana terlalu tinggi untuk bagian diluar pendidikanku (padahal aku gak masalah juga kalo kerja bagian produksi) dan pengalaman masih kurang kalo yang sesuai ijazah (ya karena belum dapat kerja dan pengalaman tadi)",8 months ago,0,0,kerja kuliah kerja freelance driver orang wisata bus tour kurir design grafis dll pas semester 67 skripsi coba cari lamar kerja bawah sistem usaha tawar saudara barusan phk usaha jasa service ac basic elektro ya berani kuliah ambil komputer alhamdulillah modal ilmu ekonomi kuliah pakai dikit udah jalan 2 order turun emang usaha usia muda berat lelah emang bener rintis ngga konsisten udah neng struggle nyari kerja sesuai ijazah tolak usaha ijazah sarjana luar didik gak kalo kerja produksi alam kalo sesuai ijazah ya kerja alam,3,Bukan PromosiJudi
@azkauwais,"Semakin kesini kenapa anak² muda yang tampil di youtube sok paling pinter & paling ngerti segala hal, padahal soal stable finance bahkan sukses tanpa sekolah juga ada, dia koar² banggain IPK nya, klu bapak & maknya kaya kenapa gak ambil spesialis dia, kenapa jadi dokter umum. Bijaklah bertutur. Gak semua anda tahu dan alami setiap peristiwa yg orang alami.",8 months ago,1,0,kesini anak muda tampil youtube sok pinter ngerti stable finance sukses sekolah koar banggain ipk nya klu maknya kaya gak ambil spesialis dokter bijak gak alami peristiwa yg orang alami,4,Promosi Judi
@shansanjaya5907,"Itu buka kopi dok,, gula rasa kopi😬",8 months ago,0,0,buka kopi dok gula kopi,4,Promosi Judi
@nekopantsu2806,jangan maksa kuliah karena sekedar dorongan culture masyarakat,8 months ago (edited),0,0,maksa kuliah dar dorong culture masyarakat,4,Promosi Judi
@haliling5650,"Benar sekali hidup soal bertahan, inilah yg saya sdh lakukan selama ini hanya bertahan. Saya punya usaha tidak pernah bermimpi akan menjadi besar tapi yg saya tanamkan  cukup bertahan Alhamdulillah tidak pernah sampai gulung tikar walaupun beberapa kali bangkrut dan minus yg penting karyawan tidak boleh absen digaji dan pastikan mereka sudah makan. Mereka akan paham kondisi kita dan mereka akan semakin hormat dan menjaga usaha kita tetap berada dijalurnya. Sekarang usaha saya tanpa sadar semakin membesar tahun ke tahun semakin banyak pelanggan dan semakin dikenal dengan maskot karyawan itu sendiri yang menjaga usaha kita.",8 months ago,0,0,hidup tahan yg sdh laku tahan usaha mimpi yg tanam tahan alhamdulillah gulung tikar kali bangkrut minus yg karyawan absen gaji pasti makan paham kondisi hormat jaga usaha jalur usaha sadar besar langgan kenal maskot karyawan jaga usaha,1,Bukan PromosiJudi
@Khairimintorejo,"Dok, saya miskin parah dan hanya punya sedikit knowladge dan experience, ip juga cuma 3,6 an jurusan keuangan + sanwich",8 months ago (edited),0,0,dok miskin parah knowladge experience ip 36 an jurus uang sanwich,4,Promosi Judi
@YTJimz,saya suka cara ngomong kamu buat konten. tidak tekstual,8 months ago,0,0,suka ngomong konten tekstual,4,Promosi Judi
@nimomusicchanel,"Saya dokter umum.. lulus dgn IPK rata"" langsung kerja ikut orang dlu 2 tahun.. trus terjun bisnis udah berjalan 12 tahun.. 7 tahun pertama saya serba berlebihan.. dan 5 tahun terakir  kaya ngambang.. tanggungan dmn"".. apa yang jadi penyesalan??? 1. Ilmu management usaha.. seandainya saya bisa belajar dr awal.. mempertahankan sebuah bisnis lebih sulit drpda membangun.",8 months ago,0,22,dokter lulus dgn ipk langsung kerja orang dlu 2 trus terjun bisnis udah jalan 12 7 serba 5 terakir kaya ngambang tanggung dmn sesal 1 ilmu management usaha anda ajar dr tahan bisnis sulit drpda bangun,0,Bukan PromosiJudi
@request_nomor,"Punya pikiran dicerna makanya. Yg disampaikan dr tirta itu untuk yg nilai ipk nya tinggi, ada modal, dan punya bekingan ortu kaya, kan dia tidak mengatakan tanpa sekolah tidak akan bisa sukses. Ente yg ngambil kesimpulan sendiri.😂",8 months ago,0,0,pikir cerna yg dr tirta yg nilai ipk nya modal beking ortu kaya sekolah sukses ente yg ngambil simpul,1,Bukan PromosiJudi
@dickynurohman, @akbarberlian  sebaiknya diperbaiki lokalnya dulu bro,2 months ago,0,0,akbarberlian baik lokal bro,4,Promosi Judi
@AndiHarahap-p9j,jadi gimana dengan orang tidak kuliah tapi langsung terjun di dunia pekerjaan namun disatu sisi dia masih belajar dari apapun yang dia bisa pelajari,8 months ago,0,0,gimana orang kuliah langsung terjun dunia kerja satu sisi ajar apa ajar,4,Promosi Judi
@KICLAMONGAN,Kelass king kata katanya 🔥🔥🔥,8 months ago,0,0,kelass king,4,Promosi Judi
@PintaBilyarta1479,Biasa aja to ngomongnya haish,8 months ago,0,0,aja to ngomongnya haish,4,Promosi Judi
@Latievo,Aku gur mbayangne dadi editore video iki 😂😂,8 months ago,0,0,gur mbayangne dadi editore video iki,4,Promosi Judi
@inrinatalia2160,"kata pak vier uang itu seperti air laut, makin diminum makin haus, hati-hati",8 months ago,0,0,vier uang air laut minum haus hatihati,4,Promosi Judi
@ajomanorianto6367,"Ibadah ada ilmunya
Bisnis pun ada ilmunya
Mending gak usah jalani semua bila gak ada ilmunya",8 months ago,0,0,ibadah ilmu bisnis ilmu mending gak jalan gak ilmu,4,Promosi Judi
@vlogdaniel8,😂😂😂,8 months ago,0,0,,4,Promosi Judi
@takim5909,"""Semakin tinggi finansial mu, kamu memiliki alternatif pilihan yang banyak""

- dr Tirta",8 months ago,0,616,finansial mu milik alternatif pilih dr tirta,4,Promosi Judi
@ZMicron,"Saya bisnis bukan karena mau, tapi terpaksa karena lowongan kerja semua nya di ghosting 😅
Akhirnya pake tabungan 5jt, 1 tahun kemudian puji tuhan pure profitnya 3x umr. Jelas2 masih sangat kecil dibanding bisnis lain, tapi sudah lebih dari cukup buat saya dan keluarga.",8 months ago,0,0,bisnis paksa lowong kerja nya ghosting pake tabung 5jt 1 puji tuhan pure profit 3x umr jelas2 banding bisnis keluarga,4,Promosi Judi
@TejoSetyoAtmojo,"Izin bertanya dok
 seberapa penting kuliah si dok?
Terimakasih",8 months ago,0,0,izin dok kuliah si dok terimakasih,4,Promosi Judi
@ahmadsyarofarrozul4183,Pengen merdeka dan ingin banyak waktu luang,8 months ago,0,0,ken merdeka luang,4,Promosi Judi
@fulanbinfulan5113,Wingi2 aku males ro awakmu tir. Rep muter video iki juga males. Alhamdulillah tak rungoke kok awakmu saiki keren ngene.. Joss..,8 months ago,0,0,wingi2 males ro awak tir rep muter video iki males alhamdulillah rungoke awak saiki keren ngene joss,4,Promosi Judi
@dotfiles1,salah satu 30 menit yang worth di hidup saya ini.,8 months ago,0,2,salah 30 menit worth hidup,4,Promosi Judi
@gattogotno,Aku ingin menjadi pengusaha agar bisa membuktikan ke ortu ku,8 months ago,0,0,usaha bukti ortu ku,4,Promosi Judi
@physioyuli7515,Just keep your own pace,8 months ago,0,0,just keep your own pace,4,Promosi Judi
@VanAguss,Liverpool sekarang nyungsep bos.dias di jual😂😂😂😂,8 months ago,0,0,liverpool nyungsep bosdias jual,4,Promosi Judi
@sidoarjoalifibrahim379,"Financial stable butuh proses panjang, gak bisa dari makan seminar saja. Video ini untuk mahasiswa tingkat akhir ygy...

The most important thing in 20-25 th adalah experience (kerja sama orang) dan/atau lanjut kuliah lagi

Ada 3 indikator kalau mau ambil langkah
1 Financial, 2 privilege, 3 IPK
IF ya semua (3 indikator itu bagus), kau berbisnis kemungkinan failure kecil
IF tidaknya ada 1 (financial/privilege/IPK) maka bekerjalah 2-3 tahun
IF tidaknya lebih dari 1, misal hanya punya power IPK dan IPK mu pas pasan 2.8, kondisi ini generasi sandwich masuk ke kaum menengah tanggung atau kemiskinan struktural. Maka carilah kerja apapun asal dapat uang untuk membentuk mentalitas. Dan bekerjalah minimal 5 tahun

Untuk yang tidaknya 1 atau 2. Nikmati prosesmu jangan terburu-buru. Apalagi terburu-buru menikah atau impian ambil KPR

Andai video ini lebih cepat 2 th
But, tks Dok. Setidaknya saya tau kedepannya bakal seperti apa",8 months ago,0,0,financial stable butuh proses gak makan seminar video mahasiswa tingkat ygy the most important thing in 2025 th experience kerja orang danatau kuliah 3 indikator ambil langkah 1 financial 2 privilege 3 ipk if ya 3 indikator bagus kau bisnis failure if tidak 1 financialprivilegeipk kerja 23 if tidak 1 power ipk ipk mu pas pas 28 kondisi generasi sandwich masuk kaum tengah tanggung miskin struktural cari kerja apa uang bentuk mentalitas kerja minimal 5 tidak 1 2 nikmat proses terburuburu terburuburu meni impi ambil kpr andai video cepat 2 th but tks dok tau depan,0,Bukan PromosiJudi
@ekogersang3d659,"makasih dr tirta,semoga saya bisa mengamalkan ilmu dan pemahaman yang anda coba tanamkan untuk bekal hidup saya
#tirta🙏",8 months ago,0,0,makasih dr tirtasemoga amal ilmu paham coba tanam bekal hidup tirta,4,Promosi Judi
@Adiiinug,"Gue suka penyampaian elu dok langsung to the point.. Makan tuh yang suka dengerin motivator, urip realistis wae bro rak sah aneh aneh wkwk",8 months ago,0,0,gue suka sampai elu dok langsung to the point makan tuh suka dengerin motivator urip realistis wae bro rak sah aneh aneh wkwk,4,Promosi Judi
@crashoverride_,Demen ada motivator yang bahas-bahas privillage,8 months ago,0,0,demen motivator bahasbahas privillage,4,Promosi Judi
@ckn3009,"15:50 ""ndasmu dari 0"" 😂",8 months ago,0,1,1550 ndasmu 0,4,Promosi Judi
@sweetmartabak2202,"love this content,. dr.Tirta, i hear u and i listen to u.... thanks doc and Malaka",8 months ago,0,0,love this content drtirta i hear u and i listen to u thanks doc and malaka,4,Promosi Judi
@hadimanto9673,"Thn 98 lulus stm listrik langsung jadi sales Panci, sales plastik, sales apa aja.",8 months ago,0,0,thn 98 lulus stm listrik langsung sales panci sales plastik sales aja,4,Promosi Judi
@yurezian,Idih narsistik,8 months ago,0,0,idih narsistik,4,Promosi Judi
@noubatkewong1925,"Coba yang saya lakukan saat itu bahas bola, mungkin saya jadi koci 😅",8 months ago,0,0,coba laku bahas bola koci,4,Promosi Judi
@HujanRiang,"gada yg bener bg yg bener itu hanya tuhan!! kalo didunia ini katanya 1+1 =2 kalo diplanet lain? jadi kebenaran hanya tuhan yg tau
\",8 months ago,0,0,gada yg bener bg yg bener tuhan kalo dunia 11 2 kalo planet benar tuhan yg tau,1,Bukan PromosiJudi
@muhammadqomaruzzaman4377,"awalnya ga tertarik sama judul dan thumbnail nya, tapi karena sering keluar di beranda yt, mau gamau ku paksa buat nonton karena emang lagi mau nyoba² bisnis, di awal video sampe menit 8 asliii relate banget sama keadaan ku sekarang di usia 24 tahun inii.
thx dokter Tirta, suka banget sama omongan nya yang ceplas ceplos dan agak kasar, bikin ngena di hati, bikin makin sadar.",8 months ago (edited),0,0,ga tarik judul thumbnail nya beranda yt gamau ku paksa nonton emang nyoba bisnis video sampe menit 8 asliii relate banget ku usia 24 ini thx dokter tirta suka banget omong nya ceplas ceplos kasar bikin ngena hati bikin sadar,4,Promosi Judi
@jimjimjerisna1823,"Privilege tidak ada, tabungan hanya 10 JT, kuliah 8 semester IPK 3.3, pengalaman kerja administrator 4 tahun. Untuk finansial masih minim dok, kalau bisnis masih kebilang baru dan memang bisnis kecil, saya jalankan pelan* hanya bisa makan dan jalan aja tanpa nombok udh Alhamdulillah. Saya perlu mentor saja dok tapi kebanyakan berbayar. Jdi saya sekarang sedang ngencengin doa dan ikhtiar dok agar dapat berkembang terus. Rumah juga saya belum punya, bener bener ngerasa setiap pergerakan itu harus hati hati banget jdi rasa ragu saya sangat tinggi",8 months ago (edited),0,0,privilege tabung 10 jt kuliah 8 semester ipk 33 alam kerja administrator 4 finansial minim dok bisnis bilang bisnis jalan pelan makan jalan aja nombok udh alhamdulillah mentor dok banyak bayar jdi ngencengin doa ikhtiar dok kembang rumah bener bener ngerasa gera hati hati banget jdi ragu,0,Bukan PromosiJudi
@maydabqc,Dr. Tirta old style is back,8 months ago,0,1,dr tirta old style is back,4,Promosi Judi
@fdyns,"KAPAL API LARIS ,KARENA DIA YANG PERTAMA KALI JUAL KAPAL API . 💥🔥",8 months ago,0,5,kapal api laris kali jual kapal api,4,Promosi Judi
@septianekarh671,"Kapan Maneh Dr. Tirta Push Rank Kehidupan :D . New Champion by Dr. Tirta :D iki gurung menepalkan diri Ke Himalaya kan Pak :D Indo Suhu Ne gak balance, Himalaya koyok e cair lek njejengan Muncak mrono :D",8 months ago,0,0,maneh dr tirta push rank hidup d new champion by dr tirta d iki gurung menepalkan himalaya d indo suhu ne gak balance himalaya koyok e cair lek njejengan muncak mrono d,4,Promosi Judi
@Betohofficial,Thanks dok,8 months ago,0,0,thanks dok,4,Promosi Judi
@SobariBari-ul5vt,Mantap kata kata orang pintar ini masuk logika jika kalian menyadarinya 👍👍👍,8 months ago,0,0,mantap orang pintar masuk logika sadar,4,Promosi Judi
@oppa_jay,Makasih dok. 🙏🙏🙏,8 months ago,0,0,makasih dok,4,Promosi Judi
@BarikRisandi,"Last bat not least, Khontool😂",8 months ago,0,0,last bat not least khontool,4,Promosi Judi
@konten-keren,BAJINGUK 100 EWU AMEH BISNIS 🔥🔥🔥🔥,8 months ago,0,0,bajinguk 100 ewu ameh bisnis,4,Promosi Judi
@novatsambodo,"wkwkwk Ajurrrrr ""ngentek2ke duite wong tuwo kowe buossss!!!""",8 months ago (edited),0,0,wkwkwk ajurrrrr ngentek2ke duite tuwo kowe buossss,4,Promosi Judi
@rq1771,"IPK  nol besar dok, 
pengalaman welder 2 tahun, 

note izin dengerin plus belajar bagaimana hidup ini dari dokter tirta,",8 months ago,0,0,ipk nol dok alam welder 2 note izin dengerin plus ajar hidup dokter tirta,4,Promosi Judi
@habibifadhilm,INI VIDEO KESENANGAN CLIPPERRRR WKLKWKW,8 months ago,0,0,video senang clipperrrr wklkwkw,4,Promosi Judi
@ArifverseID,Kapal uap 😂,8 months ago,0,0,kapal uap,4,Promosi Judi
@lluu1321,Keren banget mengukur titik awal kita. Sumpah jos,8 months ago,0,1,keren banget ukur titik sumpah jos,4,Promosi Judi
@tehnikregmalam4504,"saya serjana teknik 2017 ortu pedagang dan bapak sudah gak bisa bekerja,saya bayar kuliah Kemarin dengan jd drivel ojol . ipk saya 3,45 allhamdulilah 
saya untuk sekarang masih survival untuk kerja, impian saya punya bisnis dgn brand banyak dikenal, dan modal sekecil kecilnya untuk sebesarnya
pernah berbisnis tapi mental gak stabil jadi untuk sekarang kerja dulu untuk ngumpul kan modal lagi",8 months ago,0,0,serjana teknik 2017 ortu dagang gak bekerjasaya bayar kuliah kemarin jd drivel ojol ipk 345 allhamdulilah survival kerja impi bisnis dgn brand kenal modal kecil besar bisnis mental gak stabil kerja ngumpul modal,0,Bukan PromosiJudi
@junaidipasber7568,"syarat hidup aman. Udah gk usah banyak gaya hidup.. jangan gengsi, merintis dari bawah, biar tau pengalaman dulu, gk usah buru-buru pengen kaya dan hidup hemat.",8 months ago,0,0,syarat hidup aman udah gk gaya hidup gengsi rintis biar tau alam gk buruburu ken kaya hidup hemat,4,Promosi Judi
@Mr_jijii,"demi apapun gue tertampar banget sm kata"" lu dok",8 months ago,0,0,apa gue tampar banget sm lu dok,4,Promosi Judi
@RonySugiarto-rt5pt,"Kemenangan itu bukan tentang siapa yang paling menyerang,tapi siapa yang paling kuat bertahan -dr Tirta.
(Towel harus lihat ini)",8 months ago,1,0,menang menyerangtapi kuat tahan dr tirta towel lihat,4,Promosi Judi
@sutrisnop4687,"Alhamdulillah..Semoga beliau, kita Sehat

Barrakallah Ilmunya..matursuwun Dok",8 months ago,0,0,alhamdulillahsemoga beliau sehat barrakallah ilmunyamatursuwun dok,4,Promosi Judi
@dnlariginyu,"diluar sini banyak org yg ga punya ketiga previlege tadi tapi utk IPKnya bukan krna IPK rendah, tapi emg ga kuliah. gmna dong? :D",8 months ago,0,1,luar org yg ga tiga previlege utk ipknya krna ipk rendah emg ga kuliah gmna d,4,Promosi Judi
@hanakotobarinda6838,🤣🤣🤣,8 months ago,0,0,,4,Promosi Judi
@Bruck10,Jadi pembisnis krn ingin Menumbangkan rothschild wkwkwk,8 months ago,0,0,bisnis krn tumbang rothschild wkwkwk,4,Promosi Judi
@diantamasaputra1215,"Bajiruuut..
Oomonganmu akeh benere dok.
😂
Disaat akeh wong do ngomong rejeki wes ono seng ngatur, jebule seng ngatur rejeki yo bose..
Dunia ini awalnya hutan rimba dan sekarang masih hutan rimba dok, cuma landscapee wae seng berubah.😂",8 months ago,0,0,bajiruuut oomonganmu akeh benere dok saat akeh do ngomong rejeki wes ono seng ngatur jebule seng ngatur rejeki yo bose dunia hutan rimba hutan rimba dok landscapee wae seng ubah,4,Promosi Judi
@otomotif_netizen,saya punya privilege lingkungan orang kaya namun orang tua memilih jalan hidup ekonomi sederhana dan cukup. apakah bisa yaa mencapai kekayaan finansial dengan privilege orang terdekat?? 🙏🏼🙏🏼,8 months ago,0,0,privilege lingkung orang kaya orang tua pilih jalan hidup ekonomi sederhana yaa capai kaya finansial privilege orang dekat,4,Promosi Judi
@lukmanwazza6539,"dia bicara peluang / probabilitas, bagi sebagian orang realistis akan punya cara berfikir sama tapi ada sebagian orang berfikir lainnya, 1% tetep peluang yg bisa di sebut juga keberuntungan,

salam orang2 mumet cari uang",8 months ago,0,0,bicara peluang probabilitas orang realistis berfikir orang berfikir 1 tetep peluang yg untung salam orang2 mumet cari uang,4,Promosi Judi
@Akaminarui,"Gak semua dok, ga kuliah😄😀",8 months ago,0,0,gak dok ga kuliah,4,Promosi Judi
@FTRSPORTGAMING25,Terimakasih Dok ❤,8 months ago,0,0,terimakasih dok,4,Promosi Judi
@Semuakata,Kelass bgt guru ip 🙏,8 months ago,0,0,kelass bgt guru ip,4,Promosi Judi
@muslimhaidar999,"Keren, konsep realistis dalam hidup, agar mendapatkan kehidupan yang sehat dan bahagia...",8 months ago,0,0,keren konsep realistis hidup hidup sehat bahagia,4,Promosi Judi
@petanigagal9649,lord cipeng is the best. style nya pedes tapi ya soalnya bener.... pedes tapi tidak sombong dan merendahkan.,8 months ago (edited),0,1,lord cipeng is the best style nya pedes ya bener pedes sombong rendah,4,Promosi Judi
@Testingacccountt,Dr tirta on point bngt yaa,8 months ago,0,0,dr tirta on point bngt yaa,4,Promosi Judi
@Hey-TriAyu,"Klo menikah nomor 1,  kebutuhan batin nomor 1.",8 months ago,0,0,klo meni nomor 1 butuh batin nomor 1,4,Promosi Judi
@yusufmz5708,Terimakasih Dokter Tirta sudah memberi pencerahan.. 😊,8 months ago,0,0,terimakasih dokter tirta cerah,4,Promosi Judi
@bangyal6856,Parkir bus terus serang balik 😂,8 months ago,0,0,parkir bus serang,4,Promosi Judi
@okinoojoeng,"Sebagai sutradara dan penulis dari dulu sampai motivator muncul di youtube saya tidak pernah suka dengan motivator terlebih motivator bisnis, buat saya pribadi hobi adalah bisnis nyata dari hati tanpa berpikir untung atau rugi yang terpenting kualitas",8 months ago,1,1,sutradara tulis motivator muncul youtube suka motivator motivator bisnis pribadi hobi bisnis nyata hati pikir untung rugi penting kualitas,4,Promosi Judi
@heppyharmoko7571,Dokter aneh. Katanya anti motivasi tapi memberi saran 😂😂😂😂,8 months ago,0,0,dokter aneh anti motivasi saran,4,Promosi Judi
@ngajipusatid,18.20 yang nggak semua ke kamboja aja 😂😂,8 months ago,0,0,1820 nggak kamboja aja,4,Promosi Judi
@mirwanhamdy,"Ini kalau berdasarkan rasionalitas pola pikir manusia yg berakal lurus saya setuju. 
Tapi, ada juga manusia yang bermental keyakinan saja juga bisa, dan mengambil resiko dalam hidup meskipun tanpa pengalaman, pengatahuan yg cukup.",8 months ago,0,0,dasar rasionalitas pola pikir manusia yg akal lurus tuju manusia mental yakin ambil resiko hidup alam pengatahuan yg,1,Bukan PromosiJudi
@ubial,Uang 😊,8 months ago,0,0,uang,4,Promosi Judi
@muhammadmanshur5570,"Pingin maju, bantu negara menjadi negara maju, menginspirasi orang lain jadi entrepreneur",8 months ago,0,0,pingin maju bantu negara negara maju inspirasi orang entrepreneur,4,Promosi Judi
@buatjajansendiri,"Dok, gimana kalau, 
1. IPK besar = diatas 3,9 bahkan pernah masuk 2 terbesar di Fakultas tapi berenti ditengah jalan (± semester 4) karena finansial keluarga yg tiba-tiba ancur
2. Privilege Jaringan : Ada tapi dulu, sekarang orang tua yg satu meninggal yg satu lagi pensiun otomatis banyak jaringan terputus
3. Financial not stable. 
Jadi, ga berlaku semua untuk mulai bisnis?
Kalau pilihannya kerja: Mau banget, pernah diterima di beberapa kerjaan yg selaras maupun tidak tapi punya skills, sayangnya ga dibolehin sama ortu karena katanya kasian, cape, sayang anak perempuan :'( it's very confused
Edit: But, pernah ikut jadi tentor teaching English di Bimbingan Belajar sambil kuliah waktu itu, dan itu aja yang dibolehin kerja waktu diperantauan, katanya karena bermanfaat dan melatih skill jadi ga hanya lelah. Tapi aku ingin mencari pekerjaan lain karena sudah tidak kuliah",8 months ago (edited),0,0,dok gimana 1 ipk atas 39 masuk 2 besar fakultas renti tengah jalan semester 4 finansial keluarga yg tibatiba ancur 2 privilege jaring orang tua yg tinggal yg pensiun otomatis jaring putus 3 financial not stable ga laku bisnis pilih kerja banget terima kerja yg selaras skills sayang ga dibolehin ortu kasi cape sayang anak perempuan its very confused edit but tentor teaching english bimbing ajar kuliah aja dibolehin kerja rantau manfaat latih skill ga lelah cari kerja kuliah,0,Bukan PromosiJudi
@MiftahulArif-o1m,Kitahitung peruhan pajak penghasil dan dll,8 months ago,0,0,kitahitung ruh pajak hasil dll,4,Promosi Judi
@MiftahulArif-o1m,Pajang bisnis,8 months ago,0,0,pajang bisnis,4,Promosi Judi
@MiftahulArif-o1m,Ga muda kaya balikkan tangan ✋,8 months ago,0,0,ga muda kaya balik tangan,4,Promosi Judi
@balbalangeh,"Sy setuju, sy cuman punya satu, pinter walopun IPK jeblok, sy kerja, alhamdulillah sekarang dah financial stabil, sekarang dah merambah ke bisnis, step by step brooo",8 months ago,0,0,sy tuju sy cuman pinter walopun ipk jeblok sy kerja alhamdulillah dah financial stabil dah rambah bisnis step by step brooo,4,Promosi Judi
@fathurrizqi5955,13 : 43 🤣,8 months ago,0,0,13 43,4,Promosi Judi
@AkhaPangestu,"28:15
Saya udah 2rakaat sblum subuh + kerja gak kaya² sperti para HABIB.
Ternyata hanya KLISE.

OMONGAN HABIB JAFAR YANG KATANYA BIKIN KAYA BAHKAN KEKAYAANNYA MENGALAHKAN BILL GATES.
DUSTAAAA!!!!!!
😂",8 months ago,1,1,2815 udah 2rakaat sblum subuh kerja gak kaya sperti habib klise omong habib jafar bikin kaya kaya kalah bill gates dustaaaa,4,Promosi Judi
@AkhaPangestu,"Aku menjadi berkerja apapun yg pnting dpet uang.
Gak UMR DIY pun gpp, lah gimana lagi skrng yg UMR mintanya kuliah & max umur 25thun.
😓",8 months ago,0,0,kerja apa yg pnting dpet uang gak umr diy gpp gimana skrng yg umr minta kuliah max umur 25thun,1,Bukan PromosiJudi
@AkhaPangestu,"Dr. Tirtal kicep didepan Timoty gak bsa bantah argument² sang manusia tajir seIndonesia
😅",8 months ago,0,0,dr tirtal kicep depan timoty gak bsa bantah argument sang manusia tajir indonesia,4,Promosi Judi
@indahpur8747,Back sound nya lucu banget... Makasih bapak tirtaaa 😄,8 months ago,0,0,back sound nya lucu banget makasih tirtaaa,4,Promosi Judi
@straydog4557,"Kalian bayangin, jadi perut tuh meledak DAARRR wahhh itu 💩 Hooeekk",8 months ago,0,0,bayangin perut tuh ledak daarrr wahhh hooeekk,4,Promosi Judi
@aqeelmirza4430,asli mahal bangett ni statementnya,8 months ago,0,0,asli mahal bangett ni statementnya,4,Promosi Judi
@bagusscooterist,"Saya jadi Pengusaha, karena title sarjana saya tidak terpakai untuk CPNS di daerah saya, dan Saya merasa tidak cocok jadi Guru. Lalu  saya memulai usaha untuk menghidupi diri saya sendiri pada awalnya dan sekarang tetap jadi pengusaha demi menghidupi anak istri.. walau hidup pas pasan, yang penting tetap cukup setiap ada kebutuhan..",8 months ago,0,0,usaha title sarjana pakai cpns daerah cocok guru usaha hidup usaha hidup anak istri hidup pas pas butuh,1,Bukan PromosiJudi
@Halowyoutube,Peng peng marah marah🤣 pemikiran kita sama usia kita sama gue sutuju harus marah marah ya peng,8 months ago,0,0,peng peng marah marah pikir usia gue sutuju marah marah ya peng,4,Promosi Judi
@bahrunibnusyam3209,"Nyelamatin diri sendiri aja belum bisa, mau nyelamatin orang lain ... mantap",8 months ago,0,56,nyelamatin aja nyelamatin orang mantap,4,Promosi Judi
@hadi-wicaksono,Membuka lapangan pekerjaan sebanyak banyaknya untuk warga Indonesia. 🇮🇩,8 months ago,0,1,buka lapang kerja banyak warga indonesia,4,Promosi Judi
@muhammadarafatgaruda,"thanks a million, may Allah guide & reward you all with goodness",8 months ago,0,2,thanks a million may allah guide reward you all with goodness,4,Promosi Judi
@mindset_genius01,"Luck tidak gratis. Luck tercipta dari usaha bahkan dari hal kecil sekalipun, karena tindakan kecil menghasilkan efek domino yang berdampak besar. Itu adalah hasil di luar kontrol kita, sebuah bonus dari kesempatan dan konsistensi",8 months ago,10,83,luck gratis luck cipta usaha tindak hasil efek domino dampak hasil kontrol bonus sempat konsistensi,4,Promosi Judi
@benyaminarga5662,Asli keren dok.. membangun mental banget... Mulai sekarang aku ga mau GOBLOK lagi,8 months ago,0,1,asli keren dok bangun mental banget ga goblok,4,Promosi Judi
@DAKWAHSANTAIINDONESIA,"ngopi tok,ora karo udud peng",8 months ago,0,0,ngopi tokora karo udud peng,4,Promosi Judi
@deiofficial62,"Saya gen Z , dari keluarga biasa penuh kekuranga, lulusan SMK, tapi saya selalu mencoba terus, walaupun gagal. Yang saya pegang jika seseorang berusaha maka akan terwujud. Alhamdulillah saya membuka usaha dan bisa membuka peluang kerja walaupun punya 1 karyawan,,, yang penting berjuang, berdoa, belajar dari pada tidak ada perubahan",8 months ago,0,0,gen z keluarga penuh kekuranga lulus smk coba gagal pegang usaha wujud alhamdulillah buka usaha buka peluang kerja 1 karyawan juang doa ajar ubah,4,Promosi Judi
@podcast087,Jadi lebih baik di keuangan❤,8 months ago,0,0,uang,4,Promosi Judi
@didimarlekgaming6974,"""Liverpool 30 tahun ajah juara sekali, bisa jadi kalian 30 tahun lagi baru sukses""
-dr Tirta (peng-peng)",8 months ago (edited),1,65,liverpool 30 ajah juara 30 sukses dr tirta pengpeng,4,Promosi Judi
@nurimichael5259,Cerdas,8 months ago,0,0,cerdas,4,Promosi Judi
@bagus21pambudi43,"gua masih anak smk dari keluarga yg bisa di bilng kurang, tapi nekat buka usaha kecil kecilan jualan dimsum alhamdulillah udh berjalan 2bln dengan modal awal cuma 50K bisa buat beli aset, modal kedepan tujuannya cari pengalaman sama ningkatin skil karna di zaman skrg sulih buat cari kerja dgn skil minim klo stlh lulus smk😢",8 months ago,3,12,gua anak smk keluarga yg bilng nekat buka usaha kecil jual dimsum alhamdulillah udh jalan 2bln modal 50k beli aset modal depan tuju cari alam ningkatin skil karna zaman skrg sulih cari kerja dgn skil minim klo stlh lulus smk,1,Bukan PromosiJudi
@kevinadriyan71,Bapa gw slalu ngomong gini untuk belajar keuangan dri orang cina 08:00,8 months ago (edited),0,0,bapa gw slalu ngomong gin ajar uang dri orang cina 0800,4,Promosi Judi
@heroporo156,"mohon maaf, disini ada yang tau kemeja yang dipake dokter Tirta ga? nyari belum ketemu-ketemu",8 months ago,0,0,mohon maaf tau kemeja dipake dokter tirta ga nyari ketemuketemu,4,Promosi Judi
@salmadiskaiz,"Orang tua kita harus mendengar video ini si, bahwa zaman sudah berubah",8 months ago,0,0,orang tua dengar video si zaman ubah,4,Promosi Judi
@abangjonoskuy,25:20 dicut kenapa woi wkwk,8 months ago,0,0,2520 cut woi wkwk,4,Promosi Judi
@wiliamraharjo958,Mending jadi youtuber 😂,8 months ago,0,0,mending youtuber,4,Promosi Judi
@Hari.Bersamanya,Udah berkali2 aku tonton ulang 👏🏻👏🏻,8 months ago,0,0,udah berkali2 tonton ulang,4,Promosi Judi
@EDIAPRIANDI-ue3xs,Saran untuk umur 20 an,8 months ago,0,0,saran umur 20 an,4,Promosi Judi
@BONSAINDESO,ASU GEK AKU TIDAK SEMUA KI DOK JOH NAN KAMBOJA IKI😭,8 months ago,0,0,asu gek ki dok joh nan kamboja iki,4,Promosi Judi
@fahmiridani9068,Terimakasih banyak,8 months ago,0,0,terimakasih,4,Promosi Judi
@sopojarwo3483,2 rakaat sebelum subuh itu bukan untuk kaya darimana lu belajar begitu?? Itu kadar pahalanya yang lebih baik dari dunia dan seisinya alias untuk akhirat. Nabi aja masih berusaha alias berdagang ga tiba2 kaya karena solat lucu itu mah lu yang dibodoh2i atau emang bodoh.,8 months ago,0,1,2 rakaat subuh kaya darimana lu ajar kadar pahala dunia isi alias akhirat nabi aja usaha alias dagang ga tiba2 kaya solat lucu mah lu dibodoh2i emang bodoh,4,Promosi Judi
@sopojarwo3483,"Gua heran kenapa lu bisa benci motivator padahal mereka kan motivator alias cuma penyemangat biar lu mau melakukan apapun itu yang lu belum lakukan. 

Seharusnya ketika lu udah mau melakukan sesuatu ya pergi ke ahlinya biar ga gagal atau meminimalisir jangan ke motivator lagi tapi kenyataan dilapangan kan lucu karena orang2 itu banyak yg bodoh atau halu gmn ga paham juga.... akhirnya mengira ikut motivator bisa kaya instant ketika gagal benci motivator wkwk",8 months ago,0,0,gua heran lu benci motivator motivator alias semangat biar lu apa lu laku lu udah ya pergi ahli biar ga gagal meminimalisir motivator nyata lapang lucu orang2 yg bodoh halu gmn ga paham motivator kaya instant gagal benci motivator wkwk,1,Bukan PromosiJudi
@StarMoon-ce8ui,"Gpp kakk, aku aja yang kuliah juga ttp nyoba bangun bisnis. Semangattt kk ✨",8 months ago,0,0,gpp kakk aja kuliah ttp nyoba bangun bisnis semangattt kk,4,Promosi Judi
@mystryagle," @bagus21pambudi43  Semangaat yaa disiplin bisnisnyaa, Yakin bisaa ❤️",8 months ago,0,0,bagus21pambudi43 semangaat yaa disiplin bisnisnyaa bisaa,4,Promosi Judi
@ghostbuster8102,"Gapapa bang , belajar manage keuangan , jangan malu sama hal baru , ya walau kadang dibilang aneh kalau berinovasi  😂 so lah, aneh lah ,apa lah , maju terus ,semangat !!!",8 months ago,0,0,gapapa bang ajar manage uang malu ya kadang bilang aneh inovasi so aneh maju semangat,4,Promosi Judi
@yosepmukti1,Usia 60 tahun,7 months ago,0,5,usia 60,4,Promosi Judi
@doonthink," @mindset_genius01  sangat setuju, tugas kita untuk terus mencoba dan berusaha karena luck di ciptakan, bukan tiba-tiba datang",7 months ago,0,3,mindsetgenius01 tuju tugas coba usaha luck cipta tibatiba,4,Promosi Judi
@beritaviral-m2j,Luck itu gratis,7 months ago,0,1,luck gratis,4,Promosi Judi
@agusgunawan5061, @beritaviral-m2j ada yg gratis ada yg harus diusahakan,7 months ago,0,0,beritaviralm2j yg gratis yg usaha,1,Bukan PromosiJudi
@agusgunawan5061,Nah ini😂 harus diusahakan juga,8 months ago,0,0,usaha,4,Promosi Judi
@caniaazzahra7065,Tindakan seperti apa??ayah saya nasi goreng selama 30thn sampai sekarang masih dgn gerobak yg sama menu yg sama cuman beda tempat??? Tindakan seorang pengusaha ke customer TDK mungkin melayani dgn TDK baik dong??? Tindakan positif seperti apa agar efek domino itu terjadi????,7 months ago,0,0,tindak apaayah nasi goreng 30thn dgn gerobak yg menu yg cuman beda tindak usaha customer tdk layan dgn tdk tindak positif efek domino,1,Bukan PromosiJudi
@agusgunawan5061, @caniaazzahra7065  😂 ayah lu ga melek investasi,7 months ago,0,0,caniaazzahra7065 ayah lu ga melek investasi,4,Promosi Judi
@Donal_Besari,"​ @caniaazzahra7065 belajar bikin nasi goreng dari ayahmu, nanti km akan tau cara berbisnis. Usaha keluarga itu bisa diwariskan.",6 months ago,0,0,caniaazzahra7065 ajar bikin nasi goreng ayah km tau bisnis usaha keluarga waris,4,Promosi Judi
@ssunnyverse," @caniaazzahra7065  tindakan kecil itu bisa berupa berani nyoba hal baru, belajar lagi (kuliah), inovasi, cari mentor, dan masih banyak hal lain kak. Kalo bertahun2 bergelud di hal yang sama tapi ga mau upgrade skill sama kaya bapak saya juga 😹",5 months ago,0,0,caniaazzahra7065 tindak berani nyoba ajar kuliah inovasi cari mentor kak kalo bertahun2 bergelud ga upgrade skill kaya,4,Promosi Judi
@notfound5200,Lucky day is doesn't come suddenly,6 months ago,0,0,lucky day is doesnt come suddenly,4,Promosi Judi
@nusaantara6077,"Percayalah teman-teman usaha itu 3x lebih berat dari karyawan.. saya pernah ngalamin apalagi saat merintis, beraatt",8 months ago,0,0,percaya temanteman usaha 3x berat karyawan ngalamin rintis beraatt,4,Promosi Judi
@Controlgede,"25:18 always trust the proses, percaya bahwa dunia ini kadang gk adil, 
kalau kalian gk ada previlage gk ada yg perlu disalahkan, 
Kalau kalian terjebak di kemiskinan struktural ya sudah.",8 months ago,0,0,2518 always trust the proses percaya dunia kadang gk adil gk previlage gk yg salah jebak miskin struktural ya,4,Promosi Judi
@hiizie4328,21:27 udah kek rekrutmen baju pramuka sama kacang ijo,8 months ago,0,3,2127 udah kek rekrutmen baju pramuka kacang ijo,4,Promosi Judi
@muhammadnurzakia498,"Bajindol wong iki😂😂😂😂😂 tapi sangar, suwun bos wes di elekne",8 months ago,0,0,bajindol iki sangar suwun bos wes elekne,4,Promosi Judi
@mutiarafitriani5961,Dokssssss terimakasih banyakkkk😢🙌💖✊,8 months ago,0,0,dokssssss terimakasih banyakkkk,4,Promosi Judi
@putrawijaya5704,Terima kasih ilmu ya dok,8 months ago,0,0,terima kasih ilmu ya dok,4,Promosi Judi
@Chiko-yen,"""Mati itu cuman sekali, hidup itu berkali kali""

-Dr Tirta",8 months ago,0,0,mati cuman hidup kali kali dr tirta,4,Promosi Judi
@kingra_Id,beh omonganmu fakta eh,8 months ago,0,0,beh omong fakta eh,4,Promosi Judi
@mdikrykurniadi9369,"Mau menaikan harga diri gw, itu tujuan gw sebagai pengusaha",8 months ago,0,0,naik harga gw tuju gw usaha,4,Promosi Judi
@tHeLeMonnn-b2d,Wahahahaha guyu teros tu 😂,8 months ago,0,0,wahahahaha guyu ros tu,4,Promosi Judi
@habibpicoloal-nameki1357,robert kyosaki bilang dalam bukunya lu mau jadi pengusaha tanpa menjadi karyawan terlebih dahulu itu omong kososng hahah,8 months ago,0,0,robert kyosaki bilang buku lu usaha karyawan omong kososng hahah,4,Promosi Judi
@dolananku4168,😂. Suwun tho. Analis yg punya motiv,8 months ago (edited),0,0,suwun tho analis yg motiv,4,Promosi Judi
@wtb7778,"i have no privilage at all , kuliah 14 smster ipk di bawah 3, pengangguran",8 months ago,0,0,i have no privilage at all kuliah 14 smster ipk 3 anggur,4,Promosi Judi
@cahyopriambodo4564,"dari video ini saya belajar kemampuan maksimal bekerja manusia hanya 6 profesi, klo 7 profesi jadi korslet kaya dr. Tirta 😅😂",8 months ago,0,1,video ajar mampu maksimal manusia 6 profesi klo 7 profesi korslet kaya dr tirta,4,Promosi Judi
@hellx58,"""Luck"" adalah Yonkou Bugy",8 months ago,0,0,luck yonkou bugy,4,Promosi Judi
@fakhurrozi3835,Harus punya tabungan berapa kalau mau buka bisnis,8 months ago,0,0,tabung buka bisnis,4,Promosi Judi
@AliGucci-e3z,"Waktu remaja ( usia dibawah 25) saya di wanti2 ibu , bekerja jgn utamakan gaji karena itu salah besar

Utamakan dapat ilmu ,wawasan,pengalaman dan relasi saat muda

Jika sudah punya, buka usaha sendiri

Modal bisa pinjam

Tetapi Ilmu  harus di tempa sendiri 

Orang punya modal tidak bisa punya usaha dengan baik jika tanpa ilmu

Tetapi yg memiliki ilmu dan wawasan bisa menjalankan usaha walaupun pinjam modal


Dan  40 tahun saya hidup
Ternyata benar omongan ibu ku dulu❤",8 months ago,0,0,remaja usia bawah 25 wanti2 jgn utama gaji salah utama ilmu wawasanpengalaman relasi muda buka usaha modal pinjam ilmu tempa orang modal usaha ilmu yg milik ilmu wawas jalan usaha pinjam modal 40 hidup omong ku,1,Bukan PromosiJudi
@nabilpambudi5232,"Lulus Smk 2024
Umur 19
1.Seberapa stabil tabugan ? Tidak
2.Privelige ?
Bpak manol (Kulipanggul Di pasar)
Ibu rmh tngga/petani
Mybe kurang

3.ipk? Tidk pnya(Tidak kuliah)


Bekerjalah untuk punya privelige dan punya mentalitas 

Profesi  mekanik

FINANSIAL LITERASI
Kemampuan seseorang untuk memahami dan mengelola keuangan dengan efektif

Jl
Jika saya ounya uang maka saya akan memperbaiki otak saya?

Keberuntungan itu penting
JANGAN DI BODOHI SOCIETY
Mati cuma sekali, Hidup tiap hari

Episode selanjutnya Bahas yang Nggak kuliah om....
Terutama lulusan smk.",8 months ago,0,0,lulus smk 2024 umur 19 1seberapa stabil tabugan 2privelige bpak manol kulipanggul pasar rmh tnggapetani mybe 3ipk tidk pnyatidak kuliah kerja privelige mentalitas profesi mekanik finansial literasi mampu paham kelola uang efektif jl ounya uang baik otak untung bodoh society mati hidup episode bahas nggak kuliah om lulus smk,4,Promosi Judi
@NietzRulz,"""liverpool 30 tahun juara sekali""",8 months ago,0,0,liverpool 30 juara,4,Promosi Judi
@haeloproject6038,Ra kuliah terus pie dok ? 😢,8 months ago,0,0,ra kuliah pie dok,4,Promosi Judi
@tikungan_tajam2756,"Uang itu power of choice yg kuat. Kerasa banget bedanya. Dulu gak ada penghasilan, mau makan di luar pikir 2 kali. Di sekolah selalu lapar. Sekarang punya penghasilan, lu mau buat bisnis, kuliah lagi, investasi, atau sekedar istirahat tanpa kawatir besok kenapa2. Damai bahkan butuh uang, kamu gak ngapa2 in itu ada costnya. Beranjak dari no value ke pemegang dana, terasa seperti kebebasan. Aku mau gimana, dan aku bisa.",8 months ago,0,0,uang power of choice yg kuat rasa banget beda gak hasil makan pikir 2 kali sekolah lapar hasil lu bisnis kuliah investasi dar istirahat kawatir besok kenapa2 damai butuh uang gak ngapa2 in costnya anjak no value pegang dana bebas gimana,1,Bukan PromosiJudi
@Partajenny,mhssw smt 11 nyimak pak dokter,8 months ago,0,0,mhssw smt 11 nyimak dokter,4,Promosi Judi
@Tiarkiswa,"Kalo saya kuliah + bisnis gimana bisnis family tapi alhmdulilah ipk 3,5  dan bisa bayar kuliah sendiri",8 months ago,0,1,kalo kuliah bisnis gimana bisnis family alhmdulilah ipk 35 bayar kuliah,4,Promosi Judi
@nitrazepunk,"lebih susah ketika bisnis hancur, mau lamar kerja ternyata umur udah 29 dan belum pernah kerja sama sekali, bahkan ijazah s1 belum di ambil karena terlalu fokus bisnis😂",8 months ago,0,0,susah bisnis hancur lamar kerja umur udah 29 kerja ijazah s1 ambil fokus bisnis,4,Promosi Judi
@jhonathanwuntuan5359,👏👏👏👏👏👏👏,8 months ago,0,0,,4,Promosi Judi
@MuhammadAnwar-tm5mr,Biar bisa makan,8 months ago,0,0,biar makan,4,Promosi Judi
@JOKIRX10,"Gausah gengsi jadi karyawan,kerja keras kalau mau sukses",8 months ago (edited),0,0,gausah gengsi karyawankerja keras sukses,4,Promosi Judi
@ramadhan0712,YA,8 months ago,0,0,ya,4,Promosi Judi
@CristopanGuitarCover,Mantep dok👍🏻,8 months ago,0,0,mantep dok,4,Promosi Judi
@yono4147,Dr tirta ini tipikal guru yang enak kalo ngajar. Gua yakin murid2 bakal diam dan dengerin sampek selesai.,8 months ago,0,1,dr tirta tipikal guru enak kalo ngajar gua murid2 diam dengerin sampek selesai,4,Promosi Judi
@rudiwicaksana6201,Ya jadi diri sendiri donk dok....,8 months ago,0,0,ya donk dok,4,Promosi Judi
@rudiwicaksana6201,"Sekarang...., Mengajar Itu Untuk Mudah mendapatkan validasi.🤩 🤭😁😁😁",8 months ago,0,0,ajar mudah validasi,4,Promosi Judi
@NOHARD_14,Semua fakta dilapangan yg di katakan Dokter Tirta,8 months ago,0,0,fakta lapang yg dokter tirta,4,Promosi Judi
@06_ayuwandabela_xips15,damnnnnn soo preciousssssssss knowledge ❤❤❤❤,8 months ago,0,0,damnnnnn soo preciousssssssss knowledge,4,Promosi Judi
@ariffvrs8491,Wibu selamat enggak kena wkwkkw,8 months ago,0,0,wibu selamat kena wkwkkw,4,Promosi Judi
@muhammadocktha9336,Rada keras kata-katanya. Namun ini memang realita nya. Seandainya beberapa puluh tahun lalu mendengar kata-kata ini dulu ketimbang omongan manis motivator mar*o t*guh,8 months ago,0,0,rada keras katakatanya realita nya anda puluh dengar katakata ketimbang omong manis motivator maro tguh,4,Promosi Judi
@abew_MC,05:13,8 months ago,0,0,0513,4,Promosi Judi
@davidhysteric,"orang ""kaya"" membutuhkan orang ""belum kaya""",8 months ago,0,0,orang kaya butuh orang kaya,4,Promosi Judi
@jevannurandi5355,poin penting tapi sering dilupakan orang: LUCK,8 months ago,0,0,poin lupa orang luck,4,Promosi Judi
@yono4147,"Lucu banget dokter ini kalo lagi monolog, slengeannya gak pernah gagal bikin ketawa 😂",8 months ago,0,0,lucu banget dokter kalo monolog slengeannya gak gagal bikin ketawa,4,Promosi Judi
@daniardiansyah2557,Kapal listrik wkwkwkw,8 months ago,0,0,kapal listrik wkwkwkw,4,Promosi Judi
@jelajahkampung,"Kopi Kapal Api ne sing endi boosss? Lek sing sachet 1000 an yo kulit, jagung, dan essence. 😊

Masoookk omonganmu Tot",8 months ago,0,0,kopi kapal api ne sing endi boosss lek sing sachet 1000 an yo kulit jagung essence masoookk omong tot,4,Promosi Judi
@Max_200rev0,gua pengen jadi pengusaha biar tahu bagaimana cara bisnis bekerja,8 months ago,0,0,gua ken usaha biar bisnis,4,Promosi Judi
@davidwijaya-1999,🫱🏻‍🫲🏿,8 months ago,0,0,,4,Promosi Judi
@dinegeriorang.podcast,"Dok, punch lines-mua belajar di mana 😭🙏 P info kelas, dok.. 😭",8 months ago,0,0,dok punch linesmua ajar p info kelas dok,4,Promosi Judi
@cumabaca388,"Gilaaa, Banyak sekali yang bisa di ambil pelajaran 👏. ""Mimpi mimpi Stroke......""",8 months ago,0,0,gilaaa ambil ajar mimpi mimpi stroke,4,Promosi Judi
@KangMie-p4d,"Suwun mas tirta,,,,sarkas ,tp masok akal,,umpatan mu medok mass😂😂",8 months ago,0,0,suwun mas tirtasarkas tp masok akalumpatan mu medok mass,4,Promosi Judi
@fatwa.wijaya,"Isi videonya bener,yang salah adalah “fans liverpool”",8 months ago,0,0,isi video beneryang salah fans liverpool,4,Promosi Judi
@AkunAwalDong,From zero itu kalo lu di zaman batu 😅,8 months ago,0,0,from zero kalo lu zaman batu,4,Promosi Judi
@syarifulmakhyar3246,"""Bangun shubuh, tidak akan membuat anda kaya""
😀
Pernyataan yang langsung menghantam bangunan Doktrin yang sudah ada sejak nenek moyang.
Gokss anda, Dok
Mkasih banyak, dok
Sehat dan Bahagia selalu
""Salam mawar merah""
🌹",8 months ago,0,0,bangun shubuh kaya nyata langsung hantam bangun doktrin nenek moyang gokss dok mkasih dok sehat bahagia salam mawar merah,4,Promosi Judi
@Lighting414,Fr bgt dok 😂,8 months ago,0,0,fr bgt dok,4,Promosi Judi
@mongaja4192,"Berasa kayak lagi diceramahi dosen di tongkrongan, which is very very impossible. I like this very much! Deep banget ini obrolannya 🎉",8 months ago,0,0,asa kayak ceramah dosen tongkrong which is very very impossible i like this very much deep banget obrol,4,Promosi Judi
@wawanisra-p2x4h,"Betul, saya mulai usaha franchise ayam goreng, mpe skrg Alhamdulillah ekonomi membaik, dsamping gaji sbgai karyawan",8 months ago (edited),0,0,usaha franchise ayam goreng mpe skrg alhamdulillah ekonomi baik dsamping gaji sbgai karyawan,4,Promosi Judi
@apriantoys8571,serasa di judge ama dosen,8 months ago,0,0,serasa judge ama dosen,4,Promosi Judi
@Lighting414,"Privilage  : semangat 😂

Lulusan smp karna berbagai macam rintangan...
Dari umur 18 kerja 3 tahun bangun usaha di sektor kuliner rungkad akhir nya bertarung dengan kur wkwkw 😂
Walaupun g gede Alhamdulillah masih bertanhan 😂",8 months ago (edited),0,1,privilage semangat lulus smp karna rintang umur 18 kerja 3 bangun usaha sektor kuliner rungkad nya tarung kur wkwkw g gede alhamdulillah bertanhan,4,Promosi Judi
@tp3359,Keren dokter Tirta. Hidup yang realistis itu memampukan diri untuk bertahan.,8 months ago,0,1,keren dokter tirta hidup realistis mampu tahan,4,Promosi Judi
@mayuto2,lari2 pas malem + tatoan dizaman SOEHARTO:face-purple-crying:,8 months ago,0,0,lari2 pas malem tato zaman soehartofacepurplecrying,4,Promosi Judi
@irfanfahmi1342,inget dok temen temen anak Anda sedang menonton clip clip Anda,8 months ago,0,0,inget dok temen temen anak tonton clip clip,4,Promosi Judi
@rosilestari1446,Closing nya jleb🥲,8 months ago,0,0,closing nya jleb,4,Promosi Judi
@Eserbu2,"bapakku ora ngeki opo2, tapi beliau ora jaluk hasil soko usahaku, due duit yo go aku dewe",8 months ago,0,0,bapak ora ngeki opo2 beliau ora jaluk hasil soko usaha due duit yo go dewe,4,Promosi Judi
@Supayabesarki,"yg prnh full kerja online, tabungan ada, tpi ga kuliah gmn dok?",8 months ago,0,0,yg prnh full kerja online tabung tpi ga kuliah gmn dok,4,Promosi Judi
@newbiesabi,"Terkait modal dengkul, tergantung sebatas mana bisnis modelnya mau dikembangkan. Jadi makelar/affiliate masih cukup oke kok. Tapi modal dengkul jaman now it's mean modal minimal bukan gak pake modal samsek",8 months ago,0,0,kait modal dengkul gantung batas bisnis model kembang makelaraffiliate oke modal dengkul jaman now its mean modal minimal gak pake modal samsek,4,Promosi Judi
@mahfud-xz,Makasih dok,8 months ago,0,0,makasih dok,4,Promosi Judi
@army2673,"Saya suka kata2 ""pertemanan atau uang"" ketika saya masih berumur 22 gak tau landasanya apa kok saya pilih pertemanan ketika dihadapkan pilihan proyek kecil dan berebut sama teman, eh gaktau nya selang beberapa mggu ada proyek dari bos lain yg masuk tanpa bersaing dan lebih mudah pembayarannya🙂 dari situ saya berpikir ternyata mengalah gak selalu berahir jelek",8 months ago,0,0,suka kata2 teman uang umur 22 gak tau landasanya pilih teman hadap pilih proyek rebut teman eh gaktau nya selang mggu proyek bos yg masuk saing mudah bayar situ pikir kalah gak berahir jelek,4,Promosi Judi
@maul6497,Terimakasih Dr.Tirta semua isi sepanjang video ketangkap pesennya terutama yg pesan terakhir itu alasan yg kuambil sampai sekarang belum menikah karna realistis untuk tidak menciptakan kemiskinan yg lain.,8 months ago,0,0,terimakasih drtirta isi video tangkap sen yg pesan alas yg ambil meni karna realistis cipta miskin yg,1,Bukan PromosiJudi
@fandypasaribu3075,Bisnis untuk memanjangakan modal selain cari profit. Bukankah S1 diciptakan untuk menjadi enterprenur?,8 months ago,0,0,bisnis memanjangakan modal cari profit s1 cipta enterprenur,4,Promosi Judi
@sigitwibowo13b63,"Sekolah kuliah di ajarkan kerja gaji nabung 
Kalo investasi tidak di ajarkan di sekolah ....ataupun kuliyah doktor dan guru tidak mengajarkan ke saya",8 months ago,0,0,sekolah kuliah ajar kerja gaji nabung kalo investasi ajar sekolah kuliyah doktor guru ajar,4,Promosi Judi
@febyfebriyanto5670,kelas mahal ini🔥🔥🔥,8 months ago,0,0,kelas mahal,4,Promosi Judi
@Immanuella7,Bener tuh dokter tirta,8 months ago,0,0,bener tuh dokter tirta,4,Promosi Judi
@hendra_autoleather,"saya tidak semua.. 

org tua ekonomi berantakan, sempat kuliah tp putus ditengah jalan karena biaya kerja sambil kuliah. pemikiran saya, saya berjuang untuk ank nanti semoga semua bisa punya.",8 months ago (edited),0,0,org tua ekonomi beranta kuliah tp putus tengah jalan biaya kerja kuliah pikir juang ank moga,4,Promosi Judi
@syafiuddingubix9329,"Bisa jadi 30 tahun lagi baru sukses. jika kesuksesan disini bisa dimaknai punya harta yang cukup, tidak punya hutang (yang mencekik karena bingung besok bayarnya gimana), dan bisa bayar iuran apapun yang berhubungan dengan kebutuhan pokok.
Kalo dihitung realitanya.... cukup masuk akal. dengan kondisiku saat ini, kondisi tempat kerja, kondisi usaha yang dijalankan di rumah, serta angka cicilan yang masih dan akan dijalani untuk menunjang upaya-upaya itu agar semakin menuju kenyataan.
Yah.... minimal 10 tahun lagi.",8 months ago,0,0,30 sukses sukses makna harta hutang cekik bingung besok bayar gimana bayar iur apa hubung butuh pokok kalo hitung realitanya masuk akal kondisi kondisi kerja kondisi usaha jalan rumah angka cicil jalan tunjang upayaupaya nyata yah minimal 10,4,Promosi Judi
@sevenblink,"Mantab, koyo Master Wing Chun",8 months ago,0,0,mantab koyo master wing chun,4,Promosi Judi
@GaganGege,"Aku suka dia 
Karna dia itu pinter dan bijak",8 months ago,0,0,suka karna pinter bijak,4,Promosi Judi
@hudaaa0493,Mntap dokter panutan 😂,8 months ago,0,0,mntap dokter panutan,4,Promosi Judi
@TheName-yr7fy,Busnees dan jualan apakah beda dok,8 months ago,0,0,busnees jual beda dok,4,Promosi Judi
@ryuzenshin8345,"Gk punya semua tpi kerja udah cuman buat survive itulah saya sebagai generasi sandwich miskin structural pula 🗿🗿🗿
Ikut kerja di laundry 4tahun+sekarang cleaning service 7tahun makanya gk nikah-nikah gk mampu saya sue lem🤣😂🤣
Btw apaan Liverpool mending Arsenal 👍👍👍",8 months ago (edited),0,0,gk tpi kerja udah cuman survive generasi sandwich miskin structural kerja laundry 4tahunsekarang cleaning service 7tahun gk nikahnikah gk sue lem btw liverpool mending arsenal,4,Promosi Judi
@pinkubu.official,bisnis ayam GA MUDAH !!! PENGALAMAN!yg bilang failurenya kecil apaan oy:( enak bgt bilangnya,8 months ago (edited),0,0,bisnis ayam ga mudah pengalamanyg bilang failurenya oy enak bgt bilang,4,Promosi Judi
@muhammadgalihprawiradilaga7020,"min, nama background music pas menit 4:51 apa ya? 😁",8 months ago,0,3,min nama background music pas menit 451 ya,4,Promosi Judi
@BERLIANANUGERAHKUASA,"Kapal api di 2024 jadi ""Kapal Uap"" 😂😂😂",8 months ago,0,0,kapal api 2024 kapal uap,4,Promosi Judi
@RIANSYAH-m2q,"I have no privilage , i have no title , i'm not go to college i just have a power of survive",8 months ago,0,0,i have no privilage i have no title im not go to college i just have a power of survive,4,Promosi Judi
@abyankane4858,rasane koyok digegeri ebes,8 months ago,0,0,rasane koyok geger ebes,4,Promosi Judi
@GojouSatoruuu-fo4yx,kaya,8 months ago,0,0,kaya,4,Promosi Judi
@12ipa1rockyputramayapadalo5,Alhamdulilah dok kena HOKI ipk gacor kerja gacor privilege Gacor akirnya punya usaha Hahay overall iPK Gacor,8 months ago,0,0,alhamdulilah dok kena hoki ipk gacor kerja gacor privilege gacor akirnya usaha hahay overall ipk gacor,4,Promosi Judi
@muhamadkazutora1066,"Percaya proses, gak ada yang instant",8 months ago (edited),0,0,percaya proses gak instant,4,Promosi Judi
@jihadilislam2424,"Saya gak ada previlege 
Saya juga ga kuliah 
Saya cuman lulusan SMK 
Tapi Alhamdulillah sekarang saya bekerja di Jepang.
Punya impian ingin buat sekolah bahasa jepang untuk orang orang yng ingin bekerja di jepang.",8 months ago,0,0,gak previlege ga kuliah cuman lulus smk alhamdulillah jepang impi sekolah bahasa jepang orang orang yng jepang,4,Promosi Judi
@zodiacdistrust,"yang ""tidak""nya lebih dari 3 biasanya ga nonton beginian dok",8 months ago,0,0,tidak 3 ga nonton dok,4,Promosi Judi
@indrasiregar000,"Saya buat usaha pas sms 8 modal 600k bareng doi. Tabungan 9 juta dan dah gk dikirim ortu lagi gegara telat lulus  untungnya pas di bulan pertama modal berhasil ke puter dan terus menggulung samle sekarang dah 3 - 5× umr bersih sebulannya. Kenapa mau buat usaha? Sesimpel pengen buat gym sendiri tapi gk ada modal jadi deh jualan alat² fitness
Btw gue juga punya previlage ayah/ibu pengusaha dibidang keuangan + pakaian seragam sekolah
Jadi gue dah tau omset, lb dan marketing dari sd. Lucunya ortu malah nentang saya buat usaha wakk
Soal skill gue dah paham acounting dri smp gegara bokap punya buku² wirausaha dan gue baca dah. Gue bisa jualan karena di toko ikut bantu² mulai follow up customer croselling bisa. Ditambah hobi fitness jadi lah skillnya disana
Sekarang baru sadar ternyata previllage gue sebanyak itu makanya bisa lebih beda dri banyak orang",8 months ago (edited),0,0,usaha pas sms 8 modal 600k bareng doi tabung 9 juta dah gk kirim ortu gegara telat lulus untung pas modal hasil puter gulung samle dah 3 5 umr bersih bulan usaha simpel ken gym gk modal deh jual alat fitness btw gue previlage ayahibu usaha bidang uang pakai seragam sekolah gue dah tau omset lb marketing sd lucu ortu nentang usaha wakk skill gue dah paham acounting dri smp gegara bokap buku wirausaha gue baca dah gue jual toko bantu follow up customer croselling tambah hobi fitness skillnya sana sadar previllage gue beda dri orang,1,Bukan PromosiJudi
@PAI.Ekstensi.A.3.UNUSIA,"Saya berusaha melakukan berbagai keberuntungan. Dengan membuat konten apapun, selama itu bermanfaat",8 months ago,0,0,usaha untung konten apa manfaat,4,Promosi Judi
@K0pihitam,"saya menjadi pengusaha bukan karna ""mau jadi apa"" tapi karna ""terpaksa""

jadi,lebih baik tidak memiliki previlege daripada memilikinya namun tak di""izinkan"" menggunakannya.",8 months ago (edited),0,0,usaha karna karna paksa jadilebih milik previlege milik izin guna,4,Promosi Judi
@SidiqNotes,konten ini bener2 mukul real life banget. Dr tirta bener2 ngajarin kita terstruktur & realistis buat menimalisir failure,8 months ago,0,0,konten bener2 mukul real life banget dr tirta bener2 ngajarin struktur realistis menimalisir failure,4,Promosi Judi
@911amonly,"kalo financial hancur, kuliah hancur di ujung di penyusunan karya ilmiah, tapi pengalaman kerja sudah lebih dari 2 tahun gimana itu broo",8 months ago,0,0,kalo financial hancur kuliah hancur ujung susun karya ilmiah alam kerja 2 gimana broo,4,Promosi Judi
@tutusdharmawan3311,Deymmmm,8 months ago,0,0,deymmmm,4,Promosi Judi
@Butter_Game,Lagiii lagiiiii,8 months ago,0,0,lagiii lagiiiii,4,Promosi Judi
@ryendiwahyudi7782,Gw mau jadi pengusaha karena saya lihat cuan lebih banyak disana,8 months ago,0,0,gw usaha lihat cuan sana,4,Promosi Judi
@sndyprnt,terimakasih dok 🥲,8 months ago,0,0,terimakasih dok,4,Promosi Judi
@21firee,Tidak sesulit yang kau bayangkan juga,8 months ago,0,0,sulit kau bayang,4,Promosi Judi
@erictheodoric6097,Ipk kecil bs jadi wapres ga dok?,8 months ago,0,0,ipk bs wapres ga dok,4,Promosi Judi
@Butter_Game,"Seru banget klo dokter tirta yang ngomong, ngenaa banget",8 months ago,0,0,seru banget klo dokter tirta ngomong ngenaa banget,4,Promosi Judi
@naufal_amirov,Finally dr tirta join malaka project 😁😁,8 months ago,0,2,finally dr tirta join malaka project,4,Promosi Judi
@harryshikuinsa517,Njiir gua tidak semua..,8 months ago,0,0,njiir gua,4,Promosi Judi
@NoName-bl7fr,"Motivator itu ngakunya pinter, tapi mereka ga bisa mikir kalo kehidupan semua orang itu berbeda-beda dan punya masalah masing-masing, 
Kalo emang hidup semua manusia itu sama dan punya pemikiran sama kek yg diomongin para motivator, udah pada kaya semua orang",8 months ago,0,1,motivator ngakunya pinter ga mikir kalo hidup orang berbedabeda masingmasing kalo emang hidup manusia pikir kek yg diomongin motivator udah kaya orang,1,Bukan PromosiJudi
@briovanmerlin,"ya iyalah, bahkan ada motivator yang culik dan bunuh orang, karena bisnisnya seret kali.",8 months ago,0,0,ya iya motivator culik bunuh orang bisnis seret kali,4,Promosi Judi
@pohyc8275,Jujur amat bro😢😢,8 months ago,0,0,jujur bro,4,Promosi Judi
@Putuayusokaraja,"Kalo jualnya taun depan jadi kapal""an😂😂",8 months ago,0,0,kalo jual taun kapal,4,Promosi Judi
@Putuayusokaraja,Kamboja aja😂😂,8 months ago,0,0,kamboja aja,4,Promosi Judi
@putramamang13,ferry irwandi punya 1 m buat apa? nantangin dukun santet dooong,8 months ago,0,0,ferry irwandi 1 m nantangin dukun santet dooong,4,Promosi Judi
@SharonCounseling,kaya lagi dimarahin,8 months ago,0,0,kaya dimarahin,4,Promosi Judi
@cendolisme1928,"Idealisme terlalu mahal, sampai ga bisa makan.",8 months ago,0,0,idealisme mahal ga makan,4,Promosi Judi
@luthfi__raid,"dok, melu ngepruk'i wong oleh ora dok?  17:17",8 months ago,0,0,dok melu ngepruki ora dok 1717,4,Promosi Judi
@imadedarmawan6584,"Sebelum View Nya Banyak, Salam Dari Denpsar Sukses From Zero Itu Mustahil",8 months ago,0,0,view nya salam denpsar sukses from zero mustahil,4,Promosi Judi
@lifesogood4138,Certain itu apa dok?,8 months ago,0,0,certain dok,4,Promosi Judi
@denisubagja5032,Donnie Yen,8 months ago,0,0,donnie yen,4,Promosi Judi
@annaaskhoiri7143,Semoga semua dimudahkan kerjanya dan diridhoi Allah,8 months ago,0,0,moga mudah kerja diridhoi allah,4,Promosi Judi
@JonPedro-n8p,"Ke kamboja juga butuh uang dok,

Saya, ngga punya skill, ngembangin skill pun butuh waktu dan sumber daya. Sedangkan sumber daya dan waktunya kepake buat ngisi perut. Mau berjuang lebih pun ngga bisa langsung hasil karna ngga tau apapun.",8 months ago,0,0,kamboja butuh uang dok ngga skill ngembangin skill butuh sumber daya sumber daya kepake ngisi perut juang ngga langsung hasil karna ngga tau apa,4,Promosi Judi
@imadedarmawan6584,Bapak Saya Jurugan Duren 😭🤏,8 months ago,0,0,jurugan duren,4,Promosi Judi
@AlberthusPramudito,duta realistis indonesia,8 months ago,0,0,duta realistis indonesia,4,Promosi Judi
@usless1332,Lawak terus dr titra,8 months ago,0,0,lawak dr titra,4,Promosi Judi
@skuyskuy360,"Ipk ku semester saiki 2,9. Iki termasuk e bodo po ra yo? Wkwkwk goro2 semester 2 karo 3 linglung rajelas😂😂, tapi aku melu lomba pendanaan univ lolos owk, terus pye ki, cuman emang nduwe previlage sih, duit enek, mangan yo aman, cuman yo aku merasa ipk ku tok seng rodo wadidaw wkwkwkw",8 months ago (edited),0,0,ipk ku semester saiki 29 iki e bodo po ra yo wkwkwk goro2 semester 2 karo 3 linglung rajelas melu lomba dana univ lolos owk pye ki cuman emang nduwe previlage sih duit enek mangan yo aman cuman yo ipk ku tok seng rodo wadidaw wkwkwkw,4,Promosi Judi
@urongreti,kenapa saya ingin jadi pengusaha karena saya ingin berguna di lingkungan saya,8 months ago,0,0,usaha guna lingkung,4,Promosi Judi
@mamaspuput8860,bang kok lu mirip ip man,8 months ago,0,0,bang lu ip man,4,Promosi Judi
@educreative3430,Bisa gak sih semua guru atau dosen kek gini semua ... gak nyangka aku betah banget sampe akhir,8 months ago,0,0,gak sih guru dosen kek gin gak nyangka betah banget sampe,4,Promosi Judi
@Kolimation_plankton,"Menurut gua megang duit 100jt di umur 25 itu bisa buat semua orang gausa jauh2 gua sndri contohnya ayah ibu gua buruh oke gua kuliah ipk ya standar di 3,2 skrang gua smter akhir gua berfikir buat mulai partime tpi setelah gua jalanin selama 1 tahun dengan gaji partime harian 80 menurut gua cape juga partime di Jogja bagi gua Jogja kalo buat kerja ga cocok tpi kalo buat buka usaha peluang gede disini gua memutuskan cabut dan gua pindah kerja  ke kantor IT sembari gua buka bisnis kenapa saya ambil keputusan ini karena market F&b di Jogja sangat luas menurut gua buat nyari duit 100jt pertama di umur gua yang baru 22 tahun gampang aja yah alhamdulillah omset bertahap naik sampe sekarang perbulan bisa di angka 140jt dengan tujuan market utama mahasiswa di waktu itu buat gua ga ada yang ga mungkin selagi orangnya mau jalani prosesnya",8 months ago,0,0,gua megang duit 100jt umur 25 orang gausa jauh2 gua sndri contoh ayah gua buruh oke gua kuliah ipk ya standar 32 skrang gua smter gua berfikir partime tpi gua jalanin 1 gaji partime hari 80 gua cape partime jogja gua jogja kalo kerja ga cocok tpi kalo buka usaha peluang gede gua putus cabut gua pindah kerja kantor it sembari gua buka bisnis ambil putus market fb jogja luas gua nyari duit 100jt umur gua 22 gampang aja yah alhamdulillah omset tahap sampe bulan angka 140jt tuju market utama mahasiswa gua ga ga selagi orang jalan proses,0,Bukan PromosiJudi
@CowokYouTube,inti nya jangan buru buru nikah kalo masih miskin,8 months ago,0,0,inti nya buru buru nikah kalo miskin,4,Promosi Judi
